id,time,water_temp,ph,oxygen,humidity,air_temp,water_level,risk_score,status
1,2026-05-21 16:06:30,29.2,7.62,9.25,54.23,25.36,65.86,13.431000000000001,Warning
2,2026-05-21 16:06:31,29.2,7.62,9.25,54.23,25.36,65.86,13.431000000000001,Warning
3,2026-05-21 16:06:32,29.2,7.62,9.25,54.23,25.36,65.86,13.431000000000001,Warning
4,2026-05-21 16:06:33,29.2,7.62,9.25,54.23,25.36,65.86,13.431000000000001,Warning
5,2026-05-21 16:06:33,29.2,7.62,9.25,54.23,25.36,65.86,13.431000000000001,Warning
6,2026-05-21 16:06:34,29.2,7.62,9.25,54.23,25.36,65.86,13.431000000000001,Warning
7,2026-05-21 16:06:36,29.2,7.62,9.25,54.23,25.36,65.86,13.431000000000001,Warning
8,2026-05-21 16:06:37,29.2,7.62,9.25,54.23,25.36,65.86,13.431000000000001,Warning
9,2026-05-21 16:06:37,29.2,7.62,9.25,54.23,25.36,65.86,13.431000000000001,Warning
10,2026-05-21 16:06:39,29.2,7.62,9.25,54.23,25.36,65.86,13.431000000000001,Warning
11,2026-05-21 16:06:39,29.2,7.62,9.25,54.23,25.36,65.86,13.431000000000001,Warning
12,2026-05-21 16:06:40,29.2,7.62,9.25,54.23,25.36,65.86,13.431000000000001,Warning
13,2026-05-21 16:06:41,29.2,7.62,9.25,54.23,25.36,65.86,13.431000000000001,Warning
14,2026-05-21 16:06:42,29.2,7.62,9.25,54.23,25.36,65.86,13.431000000000001,Warning
15,2026-05-21 16:06:42,29.2,7.62,9.25,54.23,25.36,65.86,13.431000000000001,Warning
16,2026-05-21 16:06:44,29.2,7.62,9.25,54.23,25.36,65.86,13.431000000000001,Warning
17,2026-05-21 16:06:45,29.2,7.62,9.25,54.23,25.36,65.86,13.431000000000001,Warning
18,2026-05-21 16:06:46,29.2,7.62,9.25,54.23,25.36,65.86,13.431000000000001,Warning
19,2026-05-21 16:06:47,29.2,7.62,9.25,54.23,25.36,65.86,13.431000000000001,Warning
20,2026-05-21 16:06:48,29.2,7.62,9.25,54.23,25.36,65.86,13.431000000000001,Warning
21,2026-05-21 16:06:48,29.2,7.62,9.25,54.23,25.36,65.86,13.431000000000001,Warning
22,2026-05-21 16:06:50,29.2,7.62,9.25,54.23,25.36,65.86,13.431000000000001,Warning
23,2026-05-21 16:06:51,29.2,7.62,9.25,54.23,25.36,65.86,13.431000000000001,Warning
24,2026-05-21 16:06:53,29.2,7.62,9.25,54.23,25.36,65.86,13.431000000000001,Warning
25,2026-05-21 16:06:54,29.2,7.62,9.25,54.23,0.0,65.86,13.431000000000001,Warning
26,2026-05-21 16:06:54,29.2,7.62,9.25,54.23,25.36,65.86,13.431000000000001,Warning
27,2026-05-21 16:06:56,29.2,7.62,9.25,54.23,25.36,65.86,13.431000000000001,Warning
28,2026-05-21 16:06:56,29.2,7.62,9.25,54.23,25.36,65.86,13.431000000000001,Warning
29,2026-05-21 16:06:57,29.2,7.62,9.25,54.23,25.36,65.86,13.431000000000001,Warning
30,2026-05-21 16:07:00,29.2,7.62,9.25,54.23,25.36,65.86,13.431000000000001,Warning
31,2026-05-21 16:07:00,29.2,7.62,9.25,54.23,25.36,65.86,13.431000000000001,Warning
32,2026-05-21 16:07:03,29.2,7.62,9.25,54.23,25.36,65.86,13.431000000000001,Warning
33,2026-05-21 16:07:03,29.2,7.62,9.25,54.23,25.36,65.86,13.431000000000001,Warning
34,2026-05-21 16:07:04,29.2,7.62,9.25,54.23,25.36,65.86,13.431000000000001,Warning
35,2026-05-21 16:07:05,29.2,7.62,9.25,54.23,25.36,65.86,13.431000000000001,Warning
36,2026-05-21 16:07:07,29.2,7.62,9.25,54.23,25.36,65.86,13.431000000000001,Warning
37,2026-05-21 16:07:07,29.2,7.62,9.25,54.23,25.36,65.86,13.431000000000001,Warning
38,2026-05-21 16:07:09,29.2,7.62,9.25,54.23,25.36,65.86,13.431000000000001,Warning
39,2026-05-21 16:07:10,29.2,7.62,9.25,54.23,25.36,65.86,13.431000000000001,Warning
40,2026-05-21 16:07:11,29.2,7.62,9.25,54.23,25.36,65.86,13.431000000000001,Warning
41,2026-05-21 16:07:12,29.2,7.62,9.25,54.23,25.36,65.86,13.431000000000001,Warning
42,2026-05-21 16:07:14,29.2,7.62,9.25,54.23,25.36,65.86,13.431000000000001,Warning
43,2026-05-21 16:07:15,29.2,7.62,9.25,54.23,25.36,65.86,13.431000000000001,Warning
44,2026-05-21 16:07:15,29.2,7.62,9.25,54.23,25.36,65.86,13.431000000000001,Warning
45,2026-05-21 16:07:17,29.2,7.62,9.25,54.23,25.36,65.86,13.431000000000001,Warning
46,2026-05-21 16:07:18,29.2,7.62,9.25,54.23,25.36,65.86,13.431000000000001,Warning
47,2026-05-21 16:07:19,29.2,7.62,9.25,54.23,25.36,65.86,13.431000000000001,Warning
48,2026-05-21 16:07:20,29.2,7.62,9.25,54.23,25.36,65.86,13.431000000000001,Warning
49,2026-05-21 16:07:20,29.2,7.62,9.25,54.23,25.36,65.86,13.431000000000001,Warning
50,2026-05-21 16:07:21,29.2,7.62,9.25,54.23,25.36,65.86,13.431000000000001,Warning
51,2026-05-21 16:07:21,29.2,7.62,9.25,54.23,25.36,65.86,13.431000000000001,Warning
52,2026-05-21 16:07:23,29.2,7.62,9.25,54.23,25.36,65.86,13.431000000000001,Warning
53,2026-05-21 16:07:25,29.2,7.62,9.25,54.23,25.36,65.86,13.431000000000001,Warning
54,2026-05-21 16:07:26,29.2,7.62,9.25,54.23,25.36,65.86,13.431000000000001,Warning
55,2026-05-21 16:07:28,29.2,7.62,9.25,54.23,25.36,65.86,13.431000000000001,Warning
56,2026-05-21 16:07:28,29.2,7.62,9.25,54.23,25.36,65.86,13.431000000000001,Warning
57,2026-05-21 16:07:29,29.2,7.62,9.25,54.23,25.36,65.86,13.431000000000001,Warning
58,2026-05-21 16:07:30,29.2,7.62,9.25,54.23,25.36,65.86,13.431000000000001,Warning
59,2026-05-21 16:07:30,29.2,7.62,9.25,54.23,25.36,65.86,13.431000000000001,Warning
60,2026-05-21 16:07:33,29.2,7.62,9.25,54.23,25.36,65.86,13.431000000000001,Warning
61,2026-05-21 16:07:35,29.2,7.62,9.25,54.23,25.36,65.86,13.431000000000001,Warning
62,2026-05-21 16:07:35,29.2,7.62,9.25,54.23,25.36,65.86,13.431000000000001,Warning
63,2026-05-21 16:07:36,29.2,7.62,9.25,54.23,25.36,65.86,13.431000000000001,Warning
64,2026-05-21 16:07:37,29.2,7.62,9.25,54.23,25.36,65.86,13.431000000000001,Warning
65,2026-05-21 16:07:38,29.2,7.62,9.25,54.23,25.36,65.86,13.431000000000001,Warning
66,2026-05-21 16:07:38,29.2,7.62,9.25,54.23,25.36,65.86,13.431000000000001,Warning
67,2026-05-21 16:07:39,29.2,7.62,9.25,54.23,25.36,65.86,13.431000000000001,Warning
68,2026-05-21 16:07:40,29.2,7.62,9.25,54.23,25.36,65.86,13.431000000000001,Warning
69,2026-05-21 16:07:41,29.2,7.62,9.25,54.23,25.36,65.86,13.431000000000001,Warning
70,2026-05-21 16:07:43,29.2,7.62,9.25,54.23,25.36,65.86,13.431000000000001,Warning
71,2026-05-21 16:07:43,29.2,7.62,9.25,54.23,25.36,65.86,13.431000000000001,Warning
72,2026-05-21 16:07:45,29.2,7.62,9.25,54.23,25.36,65.86,13.431000000000001,Warning
73,2026-05-21 16:07:46,29.2,7.62,9.25,54.23,25.36,65.86,13.431000000000001,Warning
74,2026-05-21 16:07:46,29.2,7.62,9.25,54.23,25.36,65.86,13.431000000000001,Warning
75,2026-05-21 16:07:48,29.2,7.62,9.25,54.23,25.36,65.86,13.431000000000001,Warning
76,2026-05-21 16:07:49,29.2,7.62,9.25,54.23,25.36,65.86,13.431000000000001,Warning
77,2026-05-21 16:07:50,29.2,7.62,9.25,54.23,25.36,65.86,13.431000000000001,Warning
78,2026-05-21 16:07:51,29.2,7.62,9.25,54.23,25.36,65.86,13.431000000000001,Warning
79,2026-05-21 16:07:52,29.2,7.62,9.25,54.23,25.36,65.86,13.431000000000001,Warning
80,2026-05-21 16:07:55,29.2,7.62,9.25,54.23,25.36,65.86,13.431000000000001,Warning
81,2026-05-21 16:07:55,29.2,7.62,9.25,54.23,25.36,65.86,13.431000000000001,Warning
82,2026-05-21 16:07:56,29.2,7.62,9.25,54.23,25.36,65.86,13.431000000000001,Warning
83,2026-05-21 16:07:59,29.2,7.62,9.25,54.23,25.36,65.86,13.431000000000001,Warning
84,2026-05-21 16:08:00,29.2,7.62,9.25,54.23,25.36,65.86,13.431000000000001,Warning
85,2026-05-21 16:08:00,29.2,7.62,9.25,54.23,25.36,65.86,13.431000000000001,Warning
86,2026-05-21 16:08:01,29.2,7.62,9.25,54.23,25.36,65.86,13.431000000000001,Warning
87,2026-05-21 16:08:02,29.2,7.62,9.25,54.23,25.36,65.86,13.431000000000001,Warning
88,2026-05-21 16:08:04,29.2,7.62,9.25,54.23,25.36,65.86,13.431000000000001,Warning
89,2026-05-21 16:08:04,29.2,7.62,9.25,54.23,25.36,65.86,13.431000000000001,Warning
90,2026-05-21 16:08:05,29.2,7.62,9.25,54.23,25.36,65.86,13.431000000000001,Warning
91,2026-05-21 16:08:06,29.2,7.62,9.25,54.23,25.36,65.86,13.431000000000001,Warning
92,2026-05-21 16:08:07,29.2,7.62,9.25,54.23,25.36,65.86,13.431000000000001,Warning
93,2026-05-21 16:08:09,29.2,7.62,9.25,54.23,25.36,65.86,13.431000000000001,Warning
94,2026-05-21 16:08:11,29.2,7.62,9.25,54.23,25.36,65.86,13.431000000000001,Warning
95,2026-05-21 16:08:12,29.2,7.62,9.25,54.23,25.36,65.86,13.431000000000001,Warning
96,2026-05-21 16:08:12,29.2,7.62,9.25,54.23,25.36,65.86,13.431000000000001,Warning
97,2026-05-21 16:08:12,29.2,7.62,9.25,54.23,0.0,65.86,13.431000000000001,Warning
98,2026-05-21 16:08:15,29.2,7.62,9.25,54.23,25.36,65.86,13.431000000000001,Warning
99,2026-05-21 16:08:15,29.2,7.62,9.25,54.23,25.36,65.86,13.431000000000001,Warning
100,2026-05-21 16:08:16,29.2,7.62,9.25,54.23,25.36,65.86,13.431000000000001,Warning
101,2026-05-21 16:08:18,29.2,7.62,9.25,54.23,25.36,65.86,13.431000000000001,Warning
102,2026-05-21 16:08:19,29.2,7.62,9.25,54.23,25.36,65.86,13.431000000000001,Warning
103,2026-05-21 16:08:19,29.2,7.62,9.25,54.23,25.36,65.86,13.431000000000001,Warning
104,2026-05-21 16:08:21,29.2,7.62,9.25,54.23,25.36,65.86,13.431000000000001,Warning
105,2026-05-21 16:08:21,29.2,7.62,9.25,54.23,25.36,65.86,13.431000000000001,Warning
106,2026-05-21 16:08:24,29.2,7.62,9.25,54.23,25.36,65.86,13.431000000000001,Warning
107,2026-05-21 16:08:26,29.2,7.62,9.25,54.23,25.36,65.86,13.431000000000001,Warning
108,2026-05-21 16:08:26,29.2,7.62,9.25,54.23,25.36,65.86,13.431000000000001,Warning
109,2026-05-21 16:08:27,29.2,7.62,9.25,54.23,25.36,65.86,13.431000000000001,Warning
110,2026-05-21 16:08:27,29.2,7.62,9.25,54.23,25.36,65.86,13.431000000000001,Warning
111,2026-05-21 16:08:29,29.2,7.62,9.25,54.23,25.36,65.86,13.431000000000001,Warning
112,2026-05-21 16:08:30,29.2,7.62,9.25,54.23,25.36,65.86,13.431000000000001,Warning
113,2026-05-21 16:08:31,29.2,7.62,9.25,54.23,25.36,65.86,13.431000000000001,Warning
114,2026-05-21 16:08:32,29.2,7.62,9.25,54.23,25.36,65.86,13.431000000000001,Warning
115,2026-05-21 16:08:33,29.2,7.62,9.25,54.23,25.36,65.86,13.431000000000001,Warning
116,2026-05-21 16:08:34,29.2,7.62,9.25,54.23,25.36,65.86,13.431000000000001,Warning
117,2026-05-21 16:08:36,29.2,7.62,9.25,54.23,0.0,65.86,13.431000000000001,Warning
118,2026-05-21 16:08:36,29.2,7.62,9.25,54.23,25.36,65.86,13.431000000000001,Warning
119,2026-05-21 16:08:37,29.2,7.62,9.25,54.23,25.36,65.86,13.431000000000001,Warning
120,2026-05-21 16:08:37,29.2,7.62,9.25,54.23,25.36,65.86,13.431000000000001,Warning
121,2026-05-21 16:08:39,29.2,7.62,9.25,54.23,25.36,65.86,13.431000000000001,Warning
122,2026-05-21 16:08:40,29.2,7.62,9.25,54.23,25.36,65.86,13.431000000000001,Warning
123,2026-05-21 16:08:40,29.2,7.62,9.25,54.23,25.36,65.86,13.431000000000001,Warning
124,2026-05-21 16:08:41,29.2,7.62,9.25,54.23,25.36,65.86,13.431000000000001,Warning
125,2026-05-21 16:08:42,29.2,7.62,9.25,54.23,25.36,65.86,13.431000000000001,Warning
126,2026-05-21 16:08:44,29.2,7.62,9.25,54.23,25.36,65.86,13.431000000000001,Warning
127,2026-05-21 16:08:45,29.2,7.62,9.25,54.23,25.36,65.86,13.431000000000001,Warning
128,2026-05-21 16:08:45,29.2,7.62,9.25,54.23,25.36,65.86,13.431000000000001,Warning
129,2026-05-21 16:08:46,29.2,7.62,9.25,54.23,25.36,65.86,13.431000000000001,Warning
130,2026-05-21 16:08:49,29.2,7.62,9.25,54.23,25.36,65.86,13.431000000000001,Warning
131,2026-05-21 16:08:49,29.2,7.62,9.25,54.23,25.36,65.86,13.431000000000001,Warning
132,2026-05-21 16:08:51,29.2,7.62,9.25,54.23,25.36,65.86,13.431000000000001,Warning
133,2026-05-21 16:08:52,29.2,7.62,9.25,54.23,25.36,65.86,13.431000000000001,Warning
134,2026-05-21 16:08:52,29.2,7.62,9.25,54.23,25.36,65.86,13.431000000000001,Warning
135,2026-05-21 16:08:53,29.2,7.62,9.25,54.23,25.36,65.86,13.431000000000001,Warning
136,2026-05-21 16:08:55,29.2,7.62,9.25,54.23,25.36,65.86,13.431000000000001,Warning
137,2026-05-21 16:08:55,29.2,7.62,9.25,54.23,25.36,65.86,13.431000000000001,Warning
138,2026-05-21 16:08:56,29.2,7.62,9.25,54.23,25.36,65.86,13.431000000000001,Warning
139,2026-05-21 16:08:57,29.2,7.62,9.25,54.23,25.36,65.86,13.431000000000001,Warning
140,2026-05-21 16:09:00,29.2,7.62,9.25,54.23,25.36,65.86,13.431000000000001,Warning
141,2026-05-21 16:09:00,29.2,7.62,9.25,54.23,25.36,65.86,13.431000000000001,Warning
142,2026-05-21 16:09:00,29.2,7.62,9.25,54.23,25.36,65.86,13.431000000000001,Warning
143,2026-05-21 16:09:01,29.2,7.62,9.25,54.23,25.36,65.86,13.431000000000001,Warning
144,2026-05-21 16:09:03,29.2,7.62,9.25,54.23,25.36,65.86,13.431000000000001,Warning
145,2026-05-21 16:09:03,29.2,7.62,9.25,54.23,25.36,65.86,13.431000000000001,Warning
146,2026-05-21 16:09:03,29.2,7.62,9.25,54.23,25.36,65.86,13.431000000000001,Warning
147,2026-05-21 16:09:06,29.2,7.62,9.25,54.23,25.36,65.86,13.431000000000001,Warning
148,2026-05-21 16:09:07,29.2,7.62,9.25,54.23,25.36,65.86,13.431000000000001,Warning
149,2026-05-21 16:09:08,29.2,7.62,9.25,54.23,25.36,65.86,13.431000000000001,Warning
150,2026-05-21 16:09:08,29.2,7.62,9.25,54.23,25.36,65.86,13.431000000000001,Warning
151,2026-05-21 16:09:09,29.2,7.62,9.25,54.23,25.36,65.86,13.431000000000001,Warning
152,2026-05-21 16:09:09,29.2,7.62,9.25,54.23,25.36,65.86,13.431000000000001,Warning
153,2026-05-21 16:09:12,29.2,7.62,9.25,54.23,25.36,65.86,13.431000000000001,Warning
154,2026-05-21 16:09:13,29.2,7.62,9.25,54.23,25.36,65.86,13.431000000000001,Warning
155,2026-05-21 16:09:13,29.2,7.62,9.25,54.23,25.36,65.86,13.431000000000001,Warning
156,2026-05-21 16:09:15,29.2,7.62,9.25,54.23,25.36,65.86,13.431000000000001,Warning
157,2026-05-21 16:09:15,29.2,7.62,9.25,54.23,25.36,65.86,13.431000000000001,Warning
158,2026-05-21 16:09:16,29.2,7.62,9.25,54.23,25.36,65.86,13.431000000000001,Warning
159,2026-05-21 16:09:18,29.2,7.62,9.25,54.23,25.36,65.86,13.431000000000001,Warning
160,2026-05-21 16:09:18,29.2,7.62,9.25,54.23,25.36,65.86,13.431000000000001,Warning
161,2026-05-21 16:09:20,29.2,7.62,9.25,54.23,25.36,65.86,13.431000000000001,Warning
162,2026-05-21 16:09:20,29.2,7.62,9.25,54.23,25.36,65.86,13.431000000000001,Warning
163,2026-05-21 16:09:21,29.2,7.62,9.25,54.23,25.36,65.86,13.431000000000001,Warning
164,2026-05-21 16:09:21,29.2,7.62,9.25,54.23,25.36,65.86,13.431000000000001,Warning
165,2026-05-21 16:09:23,29.2,7.62,9.25,54.23,25.36,65.86,13.431000000000001,Warning
166,2026-05-21 16:09:24,29.2,7.62,9.25,54.23,25.36,65.86,13.431000000000001,Warning
167,2026-05-21 16:09:25,29.2,7.62,9.25,54.23,25.36,65.86,13.431000000000001,Warning
168,2026-05-21 16:09:26,29.2,7.62,9.25,54.23,25.36,65.86,13.431000000000001,Warning
169,2026-05-21 16:09:27,29.2,7.62,9.25,54.23,25.36,65.86,13.431000000000001,Warning
170,2026-05-21 16:09:28,29.2,7.62,9.25,54.23,25.36,65.86,13.431000000000001,Warning
171,2026-05-21 16:09:29,29.2,7.62,9.25,54.23,25.36,65.86,13.431000000000001,Warning
172,2026-05-21 16:09:30,29.2,7.62,9.25,54.23,25.36,65.86,13.431000000000001,Warning
173,2026-05-21 16:09:32,29.2,7.62,9.25,54.23,25.36,65.86,13.431000000000001,Warning
174,2026-05-21 16:09:33,29.2,7.62,9.25,54.23,25.36,65.86,13.431000000000001,Warning
175,2026-05-21 16:09:33,29.2,7.62,9.25,54.23,25.36,65.86,13.431000000000001,Warning
176,2026-05-21 16:09:33,29.2,7.62,9.25,54.23,25.36,65.86,13.431000000000001,Warning
177,2026-05-21 16:09:36,29.2,7.62,9.25,54.23,25.36,65.86,13.431000000000001,Warning
178,2026-05-21 16:09:36,29.2,7.62,9.25,54.23,25.36,65.86,13.431000000000001,Warning
179,2026-05-21 16:09:38,29.2,7.62,9.25,54.23,25.36,65.86,13.431000000000001,Warning
180,2026-05-21 16:09:38,29.2,7.62,9.25,54.23,25.36,65.86,13.431000000000001,Warning
181,2026-05-21 16:09:40,29.2,7.62,9.25,54.23,25.36,65.86,13.431000000000001,Warning
182,2026-05-21 16:09:41,29.2,7.62,9.25,54.23,25.36,65.86,13.431000000000001,Warning
183,2026-05-21 16:09:41,29.2,7.62,9.25,54.23,25.36,65.86,13.431000000000001,Warning
184,2026-05-21 16:09:42,29.2,7.62,9.25,54.23,25.36,65.86,13.431000000000001,Warning
185,2026-05-21 16:09:42,29.2,7.62,9.25,54.23,25.36,65.86,13.431000000000001,Warning
186,2026-05-21 16:09:45,29.2,7.62,9.25,54.23,25.36,65.86,13.431000000000001,Warning
187,2026-05-21 16:09:46,29.2,7.62,9.25,54.23,25.36,65.86,13.431000000000001,Warning
188,2026-05-21 16:09:46,29.2,7.62,9.25,54.23,25.36,65.86,13.431000000000001,Warning
189,2026-05-21 16:09:47,29.2,7.62,9.25,54.23,25.36,65.86,13.431000000000001,Warning
190,2026-05-21 16:09:47,29.2,7.62,9.25,54.23,25.36,65.86,13.431000000000001,Warning
191,2026-05-21 16:09:49,29.2,7.62,9.25,54.23,25.36,65.86,13.431000000000001,Warning
192,2026-05-21 16:09:51,29.2,7.62,9.25,54.23,25.36,65.86,13.431000000000001,Warning
193,2026-05-21 16:09:52,29.2,7.62,9.25,54.23,25.36,65.86,13.431000000000001,Warning
194,2026-05-21 16:09:53,29.2,7.62,9.25,54.23,25.36,65.86,13.431000000000001,Warning
195,2026-05-21 16:09:53,29.2,7.62,9.25,54.23,25.36,65.86,13.431000000000001,Warning
196,2026-05-21 16:09:54,29.2,7.62,9.25,54.23,25.36,65.86,13.431000000000001,Warning
197,2026-05-21 16:09:54,29.2,7.62,9.25,54.23,25.36,65.86,13.431000000000001,Warning
198,2026-05-21 16:09:57,29.2,7.62,9.25,54.23,25.36,65.86,13.431000000000001,Warning
199,2026-05-21 16:09:58,29.2,7.62,9.25,54.23,25.36,65.86,13.431000000000001,Warning
200,2026-05-21 16:09:59,29.2,7.62,9.25,54.23,25.36,65.86,13.431000000000001,Warning
201,2026-05-21 16:09:59,29.2,7.62,9.25,54.23,25.36,65.86,13.431000000000001,Warning
202,2026-05-21 16:10:00,29.2,7.62,9.25,54.23,25.36,65.86,13.431000000000001,Warning
203,2026-05-21 16:10:02,29.2,7.62,9.25,54.23,25.36,65.86,13.431000000000001,Warning
204,2026-05-21 16:10:02,29.2,7.62,9.25,54.23,25.36,65.86,13.431000000000001,Warning
205,2026-05-21 16:10:03,29.2,7.62,9.25,54.23,25.36,65.86,13.431000000000001,Warning
206,2026-05-21 16:10:05,29.2,7.62,9.25,54.23,25.36,65.86,13.431000000000001,Warning
207,2026-05-21 16:10:05,29.2,7.62,9.25,54.23,25.36,65.86,13.431000000000001,Warning
208,2026-05-21 16:10:05,29.2,7.62,9.25,54.23,25.36,65.86,13.431000000000001,Warning
209,2026-05-21 16:10:07,29.2,7.62,9.25,54.23,25.36,65.86,13.431000000000001,Warning
210,2026-05-21 16:10:08,29.2,7.62,9.25,54.23,25.36,65.86,13.431000000000001,Warning
211,2026-05-21 16:10:09,29.2,7.62,9.25,54.23,25.36,65.86,13.431000000000001,Warning
212,2026-05-21 16:10:11,29.2,7.62,9.25,54.23,25.36,65.86,13.431000000000001,Warning
213,2026-05-21 16:10:12,29.2,7.62,9.25,54.23,25.36,65.86,13.431000000000001,Warning
214,2026-05-21 16:10:12,29.2,7.62,9.25,54.23,25.36,65.86,13.431000000000001,Warning
215,2026-05-21 16:10:13,29.2,7.62,9.25,54.23,25.36,65.86,13.431000000000001,Warning
216,2026-05-21 16:10:15,29.2,7.62,9.25,54.23,25.36,65.86,13.431000000000001,Warning
217,2026-05-21 16:10:16,29.2,7.62,9.25,54.23,25.36,65.86,13.431000000000001,Warning
218,2026-05-21 16:10:17,29.2,7.62,9.25,54.23,25.36,65.86,13.431000000000001,Warning
219,2026-05-21 16:10:17,29.2,7.62,9.25,54.23,25.36,65.86,13.431000000000001,Warning
220,2026-05-21 16:10:18,29.2,7.62,9.25,54.23,25.36,65.86,13.431000000000001,Warning
221,2026-05-21 16:10:18,29.2,7.62,9.25,54.23,25.36,65.86,13.431000000000001,Warning
222,2026-05-21 16:10:20,29.2,7.62,9.25,54.23,25.36,65.86,13.431000000000001,Warning
223,2026-05-21 16:10:21,29.2,7.62,9.25,54.23,25.36,65.86,13.431000000000001,Warning
224,2026-05-21 16:10:21,29.2,7.62,9.25,54.23,25.36,65.86,13.431000000000001,Warning
225,2026-05-21 16:10:24,29.2,7.62,9.25,54.23,25.36,65.86,13.431000000000001,Warning
226,2026-05-21 16:10:27,29.2,7.62,9.25,54.23,25.36,65.86,13.431000000000001,Warning
227,2026-05-21 16:10:27,29.2,7.62,9.25,54.23,25.36,65.86,13.431000000000001,Warning
228,2026-05-21 16:10:27,29.2,7.62,9.25,54.23,25.36,65.86,13.431000000000001,Warning
229,2026-05-21 16:10:28,29.2,7.62,9.25,54.23,25.36,65.86,13.431000000000001,Warning
230,2026-05-21 16:10:28,29.2,7.62,9.25,54.23,25.36,65.86,13.431000000000001,Warning
231,2026-05-21 16:10:30,29.2,7.62,9.25,54.23,25.36,65.86,13.431000000000001,Warning
232,2026-05-21 16:10:30,29.2,7.62,9.25,54.23,25.36,65.86,13.431000000000001,Warning
233,2026-05-21 16:10:30,29.2,7.62,9.25,54.23,25.36,65.86,13.431000000000001,Warning
234,2026-05-21 16:10:33,29.2,7.62,9.25,54.23,25.36,65.86,13.431000000000001,Warning
235,2026-05-21 16:10:33,29.2,7.62,9.25,54.23,25.36,65.86,13.431000000000001,Warning
236,2026-05-21 16:10:34,29.2,7.62,9.25,54.23,25.36,65.86,13.431000000000001,Warning
237,2026-05-21 16:10:35,29.2,7.62,9.25,54.23,25.36,65.86,13.431000000000001,Warning
238,2026-05-21 16:10:37,29.2,7.62,9.25,54.23,25.36,65.86,13.431000000000001,Warning
239,2026-05-21 16:10:39,29.2,7.62,9.25,54.23,25.36,65.86,13.431000000000001,Warning
240,2026-05-21 16:10:41,29.2,7.62,9.25,54.23,25.36,65.86,13.431000000000001,Warning
241,2026-05-21 16:10:41,29.2,7.62,9.25,54.23,25.36,65.86,13.431000000000001,Warning
242,2026-05-21 16:10:42,29.2,7.62,9.25,54.23,25.36,65.86,13.431000000000001,Warning
243,2026-05-21 16:10:42,29.2,7.62,9.25,54.23,25.36,65.86,13.431000000000001,Warning
244,2026-05-21 16:10:43,29.2,7.62,9.25,54.23,25.36,65.86,13.431000000000001,Warning
245,2026-05-21 16:10:45,29.2,7.62,9.25,54.23,25.36,65.86,13.431000000000001,Warning
246,2026-05-21 16:10:46,29.2,7.62,9.25,54.23,25.36,65.86,13.431000000000001,Warning
247,2026-05-21 16:10:46,29.2,7.62,9.25,54.23,25.36,65.86,13.431000000000001,Warning
248,2026-05-21 16:10:47,29.2,7.62,9.25,54.23,25.36,65.86,13.431000000000001,Warning
249,2026-05-21 16:10:49,29.2,7.62,9.25,54.23,25.36,65.86,13.431000000000001,Warning
250,2026-05-21 16:10:50,29.2,7.62,9.25,54.23,25.36,65.86,13.431000000000001,Warning
251,2026-05-21 16:10:51,29.2,7.62,9.25,54.23,25.36,65.86,13.431000000000001,Warning
252,2026-05-21 16:10:51,29.2,7.62,9.25,54.23,25.36,65.86,13.431000000000001,Warning
253,2026-05-21 16:10:52,29.2,7.62,9.25,54.23,25.36,65.86,13.431000000000001,Warning
254,2026-05-21 16:10:53,29.2,7.62,9.25,54.23,25.36,65.86,13.431000000000001,Warning
255,2026-05-21 16:10:55,29.2,7.62,9.25,54.23,25.36,65.86,13.431000000000001,Warning
256,2026-05-21 16:10:55,29.2,7.62,9.25,54.23,25.36,65.86,13.431000000000001,Warning
257,2026-05-21 16:10:58,29.2,7.62,9.25,54.23,25.36,65.86,13.431000000000001,Warning
258,2026-05-21 16:10:58,29.2,7.62,9.25,54.23,25.36,65.86,13.431000000000001,Warning
259,2026-05-21 16:10:59,29.2,7.62,9.25,54.23,25.36,65.86,13.431000000000001,Warning
260,2026-05-21 16:11:00,29.2,7.62,9.25,54.23,25.36,65.86,13.431000000000001,Warning
261,2026-05-21 16:11:00,29.2,7.62,9.25,54.23,25.36,65.86,13.431000000000001,Warning
262,2026-05-21 16:11:01,29.2,7.62,9.25,54.23,25.36,65.86,13.431000000000001,Warning
263,2026-05-21 16:11:02,29.2,7.62,9.25,54.23,25.36,65.86,13.431000000000001,Warning
264,2026-05-21 16:11:02,29.2,7.62,9.25,54.23,25.36,65.86,13.431000000000001,Warning
265,2026-05-21 16:11:04,29.2,7.62,9.25,54.23,25.36,65.86,13.431000000000001,Warning
266,2026-05-21 16:11:06,29.2,7.62,9.25,54.23,25.36,65.86,13.431000000000001,Warning
267,2026-05-21 16:11:06,29.2,7.62,9.25,54.23,25.36,65.86,13.431000000000001,Warning
268,2026-05-21 16:11:07,29.2,7.62,9.25,54.23,25.36,65.86,13.431000000000001,Warning
269,2026-05-21 16:11:08,29.2,7.62,9.25,54.23,25.36,65.86,13.431000000000001,Warning
270,2026-05-21 16:11:09,29.2,7.62,9.25,54.23,25.36,65.86,13.431000000000001,Warning
271,2026-05-21 16:11:10,29.2,7.62,9.25,54.23,25.36,65.86,13.431000000000001,Warning
272,2026-05-21 16:11:13,29.2,7.62,9.25,54.23,25.36,65.86,13.431000000000001,Warning
273,2026-05-21 16:11:13,29.2,7.62,9.25,54.23,25.36,65.86,13.431000000000001,Warning
274,2026-05-21 16:11:14,29.2,7.62,9.25,54.23,25.36,65.86,13.431000000000001,Warning
275,2026-05-21 16:11:14,29.2,7.62,9.25,54.23,25.36,65.86,13.431000000000001,Warning
276,2026-05-21 16:11:14,29.2,7.62,9.25,54.23,25.36,65.86,13.431000000000001,Warning
277,2026-05-21 16:11:15,29.2,7.62,9.25,54.23,25.36,65.86,13.431000000000001,Warning
278,2026-05-21 16:11:17,29.2,7.62,9.25,54.23,25.36,65.86,13.431000000000001,Warning
279,2026-05-21 16:11:18,29.2,7.62,9.25,54.23,25.36,65.86,13.431000000000001,Warning
280,2026-05-21 16:11:19,29.2,7.62,9.25,54.23,25.36,65.86,13.431000000000001,Warning
302,2026-05-21 16:11:42,29.2,7.62,9.25,54.23,25.36,65.86,13.431000000000001,Warning
303,2026-05-21 16:11:44,29.2,7.62,9.25,54.23,25.36,65.86,13.431000000000001,Warning
304,2026-05-21 16:11:44,29.2,7.62,9.25,54.23,25.36,65.86,13.431000000000001,Warning
305,2026-05-21 16:11:45,29.2,7.62,9.25,54.23,25.36,65.86,13.431000000000001,Warning
306,2026-05-21 16:11:46,29.2,7.62,9.25,54.23,25.36,65.86,13.431000000000001,Warning
307,2026-05-21 16:11:47,29.2,7.62,9.25,54.23,25.36,65.86,13.431000000000001,Warning
308,2026-05-21 16:11:47,29.2,7.62,9.25,54.23,25.36,65.86,13.431000000000001,Warning
309,2026-05-21 16:11:48,29.2,7.62,9.25,54.23,25.36,65.86,13.431000000000001,Warning
310,2026-05-21 16:11:51,29.2,7.62,9.25,54.23,25.36,65.86,13.431000000000001,Warning
311,2026-05-21 16:11:51,29.2,7.62,9.25,54.23,25.36,65.86,13.431000000000001,Warning
312,2026-05-21 16:11:53,29.2,7.62,9.25,54.23,25.36,65.86,13.431000000000001,Warning
313,2026-05-21 16:11:54,29.2,7.62,9.25,54.23,25.36,65.86,13.431000000000001,Warning
314,2026-05-21 16:11:55,29.2,7.62,9.25,54.23,25.36,65.86,13.431000000000001,Warning
315,2026-05-21 16:11:56,29.2,7.62,9.25,54.23,25.36,65.86,13.431000000000001,Warning
316,2026-05-21 16:11:57,29.2,7.62,9.25,54.23,25.36,65.86,13.431000000000001,Warning
318,2026-05-21 16:12:00,29.2,7.62,9.25,54.23,25.36,65.86,13.431000000000001,Warning
319,2026-05-21 16:12:02,29.2,7.62,9.25,54.23,25.36,65.86,13.431000000000001,Warning
320,2026-05-21 16:12:02,29.2,7.62,9.25,54.23,25.36,65.86,13.431000000000001,Warning
321,2026-05-21 16:12:04,29.2,7.62,9.25,54.23,25.36,65.86,13.431000000000001,Warning
322,2026-05-21 16:12:06,29.2,7.62,9.25,54.23,25.36,65.86,13.431000000000001,Warning
323,2026-05-21 16:12:06,29.2,7.62,9.25,54.23,25.36,65.86,13.431000000000001,Warning
324,2026-05-21 16:12:07,29.2,7.62,9.25,54.23,25.36,65.86,13.431000000000001,Warning
325,2026-05-21 16:12:08,29.2,7.62,9.25,54.23,25.36,65.86,13.431000000000001,Warning
326,2026-05-21 16:12:09,29.2,7.62,9.25,54.23,25.36,65.86,13.431000000000001,Warning
327,2026-05-21 16:12:10,29.2,7.62,9.25,54.23,25.36,65.86,13.431000000000001,Warning
328,2026-05-21 16:12:12,29.2,7.62,9.25,54.23,25.36,65.86,13.431000000000001,Warning
329,2026-05-21 16:12:12,29.2,7.62,9.25,54.23,25.36,65.86,13.431000000000001,Warning
330,2026-05-21 16:12:12,29.2,7.62,9.25,54.23,25.36,65.86,13.431000000000001,Warning
331,2026-05-21 16:12:14,29.2,7.62,9.25,54.23,25.36,65.86,13.431000000000001,Warning
332,2026-05-21 16:12:15,29.2,7.62,9.25,54.23,25.36,65.86,13.431000000000001,Warning
333,2026-05-21 16:12:16,29.2,7.62,9.25,54.23,25.36,65.86,13.431000000000001,Warning
334,2026-05-21 16:12:18,29.2,7.62,9.25,54.23,25.36,65.86,13.431000000000001,Warning
335,2026-05-21 16:12:18,29.2,7.62,9.25,54.23,25.36,65.86,13.431000000000001,Warning
336,2026-05-21 16:12:20,29.2,7.62,9.25,54.23,25.36,65.86,13.431000000000001,Warning
337,2026-05-21 16:12:21,29.2,7.62,9.25,54.23,25.36,65.86,13.431000000000001,Warning
338,2026-05-21 16:12:21,29.2,7.62,9.25,54.23,25.36,65.86,13.431000000000001,Warning
339,2026-05-21 16:12:22,29.2,7.62,9.25,54.23,25.36,65.86,13.431000000000001,Warning
340,2026-05-21 16:12:24,29.2,7.62,9.25,54.23,25.36,65.86,13.431000000000001,Warning
341,2026-05-21 16:12:25,29.2,7.62,9.25,54.23,25.36,65.86,13.431000000000001,Warning
342,2026-05-21 16:12:25,29.2,7.62,9.25,54.23,25.36,65.86,13.431000000000001,Warning
343,2026-05-21 16:12:26,29.2,7.62,9.25,54.23,25.36,65.86,13.431000000000001,Warning
344,2026-05-21 16:12:27,29.2,7.62,9.25,54.23,25.36,65.86,13.431000000000001,Warning
345,2026-05-21 16:12:28,29.2,7.62,9.25,54.23,25.36,65.86,13.431000000000001,Warning
346,2026-05-21 16:12:30,29.2,7.62,9.25,54.23,25.36,65.86,13.431000000000001,Warning
347,2026-05-21 16:12:30,29.2,7.62,9.25,54.23,25.36,65.86,13.431000000000001,Warning
348,2026-05-21 16:12:32,22.05,7.35,5.49,49.53,31.46,77.18,20.29099999999999,Warning
349,2026-05-21 16:12:33,22.05,7.35,5.49,49.53,25.36,77.18,20.29099999999999,Warning
350,2026-05-21 16:12:34,22.05,7.35,5.49,49.53,31.46,77.18,20.29099999999999,Warning
351,2026-05-21 16:12:35,22.05,7.35,5.49,49.53,31.46,77.18,20.29099999999999,Warning
352,2026-05-21 16:12:36,22.05,7.35,5.49,49.53,31.46,77.18,20.29099999999999,Warning
353,2026-05-21 16:12:38,22.05,7.35,5.49,49.53,31.46,77.18,20.29099999999999,Warning
354,2026-05-21 16:12:39,22.05,7.35,5.49,49.53,31.46,77.18,20.29099999999999,Warning
355,2026-05-21 16:12:40,27.31,7.35,6.74,65.14,31.46,77.18,8.171999999999997,Healthy
356,2026-05-21 16:12:40,27.31,7.31,6.74,65.14,31.46,77.18,7.5719999999999965,Healthy
357,2026-05-21 16:12:41,27.31,7.31,6.74,65.14,22.4,62.9,7.5719999999999965,Healthy
358,2026-05-21 16:12:42,27.31,7.31,6.74,65.14,22.4,62.9,7.5719999999999965,Healthy
359,2026-05-21 16:12:43,27.31,7.31,6.74,65.14,22.4,62.9,7.5719999999999965,Healthy
360,2026-05-21 16:12:44,27.31,7.31,6.74,65.14,22.4,62.9,7.5719999999999965,Healthy
361,2026-05-21 16:12:45,27.31,7.31,6.74,65.14,22.4,62.9,7.5719999999999965,Healthy
362,2026-05-21 16:12:46,27.31,7.31,6.74,65.14,22.4,62.9,7.5719999999999965,Healthy
363,2026-05-21 16:12:46,27.31,7.31,6.74,65.14,22.4,62.9,7.5719999999999965,Healthy
364,2026-05-21 16:12:47,28.47,7.34,4.15,40.26,27.78,63.72,20.461999999999993,Warning
365,2026-05-21 16:12:48,28.47,7.34,4.15,40.26,27.78,63.72,20.461999999999993,Warning
366,2026-05-21 16:12:48,28.47,7.34,4.15,40.26,27.78,63.72,20.461999999999993,Warning
367,2026-05-21 16:12:50,28.47,7.34,4.15,40.26,27.78,63.72,20.461999999999993,Warning
368,2026-05-21 16:12:51,28.47,7.34,4.15,40.26,27.78,63.72,20.461999999999993,Warning
369,2026-05-21 16:12:51,28.47,7.34,4.15,40.26,27.78,63.72,20.461999999999993,Warning
370,2026-05-21 16:12:52,28.47,7.34,4.15,40.26,27.78,63.72,20.461999999999993,Warning
371,2026-05-21 16:12:53,28.47,7.34,4.15,40.26,27.78,63.72,20.461999999999993,Warning
372,2026-05-21 16:12:53,28.47,7.34,4.15,40.26,27.78,63.72,20.461999999999993,Warning
373,2026-05-21 16:12:53,28.47,7.34,4.15,40.26,27.78,63.72,20.461999999999993,Warning
374,2026-05-21 16:12:54,24.18,6.78,8.11,49.56,25.4,78.4,14.071999999999997,Warning
375,2026-05-21 16:12:54,28.47,7.34,4.15,40.26,25.4,78.4,20.461999999999993,Warning
376,2026-05-21 16:12:57,24.18,6.78,8.11,49.56,25.4,78.4,14.071999999999997,Warning
377,2026-05-21 16:12:57,24.18,6.78,8.11,49.56,25.4,78.4,14.071999999999997,Warning
378,2026-05-21 16:12:58,24.18,6.78,8.11,49.56,25.4,78.4,14.071999999999997,Warning
379,2026-05-21 16:12:59,24.18,6.78,8.11,49.56,25.4,78.4,14.071999999999997,Warning
380,2026-05-21 16:13:00,24.18,6.78,8.11,49.56,25.4,78.4,14.071999999999997,Warning
381,2026-05-21 16:13:00,24.18,6.78,8.11,49.56,25.4,78.4,14.071999999999997,Warning
382,2026-05-21 16:13:00,24.18,6.78,8.11,49.56,25.4,78.4,14.071999999999997,Warning
383,2026-05-21 16:13:01,24.18,6.78,8.11,49.56,25.4,78.4,14.071999999999997,Warning
384,2026-05-21 16:13:04,23.84,7.57,9.04,41.96,25.45,82.37,22.282000000000004,Warning
385,2026-05-21 16:13:07,23.84,7.57,9.04,41.96,25.45,82.37,22.282000000000004,Warning
386,2026-05-21 16:13:10,23.04,7.57,9.04,41.96,25.45,82.37,23.882000000000005,Warning
387,2026-05-21 16:13:13,23.04,7.06,7.37,55.81,28.94,82.87,12.076999999999996,Warning
388,2026-05-21 16:13:15,23.04,7.06,7.37,55.81,28.94,82.87,12.076999999999996,Warning
389,2026-05-21 16:13:20,23.04,7.06,7.37,55.81,28.94,82.87,12.076999999999996,Warning
390,2026-05-21 16:13:24,29.9,7.12,9.37,53.72,0.0,75.25,7.483999999999999,Healthy
391,2026-05-21 16:13:25,29.9,7.12,9.37,53.72,22.85,75.25,7.483999999999999,Healthy
392,2026-05-21 16:13:27,29.9,7.12,9.37,53.72,22.85,75.25,7.483999999999999,Healthy
393,2026-05-21 16:13:30,22.87,7.86,6.61,72.37,27.75,64.4,26.871000000000006,Critical
394,2026-05-21 16:13:33,22.87,7.86,6.61,72.37,27.75,64.4,26.871000000000006,Critical
395,2026-05-21 16:13:39,29.27,7.18,6.55,64.58,25.81,88.69,6.6139999999999946,Healthy
396,2026-05-21 16:13:40,29.27,7.18,6.55,64.58,25.81,88.69,6.6139999999999946,Healthy
397,2026-05-21 16:13:44,23.85,7.18,5.53,74.01,25.81,88.69,15.202999999999994,Warning
398,2026-05-21 16:13:47,23.85,7.69,5.53,74.01,29.51,68.03,22.853,Warning
399,2026-05-21 16:13:49,23.85,7.69,5.53,74.01,29.51,68.03,22.853,Warning
400,2026-05-21 16:13:52,23.85,7.69,5.53,74.01,29.51,68.03,22.853,Warning
401,2026-05-21 16:13:55,29.44,7.25,7.07,54.79,29.28,73.15,8.193000000000003,Healthy
402,2026-05-21 16:13:57,29.44,7.25,7.07,54.79,29.28,73.15,8.193000000000003,Healthy
403,2026-05-21 16:14:00,29.44,7.25,7.07,54.79,29.28,73.15,8.193000000000003,Healthy
404,2026-05-21 16:14:06,25.6,6.7,6.21,78.62,34.93,74.86,14.885999999999996,Warning
405,2026-05-21 16:14:10,25.6,6.7,6.21,78.62,34.93,74.86,14.885999999999996,Warning
406,2026-05-21 16:14:11,29.69,7.61,8.38,56.74,32.96,67.53,13.508000000000008,Warning
407,2026-05-21 16:14:14,29.69,7.61,8.38,56.74,32.96,67.53,13.508000000000008,Warning
408,2026-05-21 16:14:18,29.69,7.61,8.38,56.74,32.96,67.53,13.508000000000008,Warning
409,2026-05-21 16:14:22,26.36,7.49,4.92,73.46,26.01,68.75,15.468000000000004,Warning
410,2026-05-21 16:14:25,26.36,7.49,4.92,73.46,26.01,68.75,15.468000000000004,Warning
411,2026-05-21 16:14:25,26.36,7.49,4.92,73.46,26.01,68.75,15.468000000000004,Warning
412,2026-05-21 16:14:30,20.5,7.49,9.89,70.94,23.64,79.45,25.632,Critical
413,2026-05-21 16:14:33,20.5,7.49,9.89,70.94,23.64,79.45,25.632,Critical
414,2026-05-21 16:14:36,20.5,7.49,9.89,70.94,23.64,79.45,25.632,Critical
415,2026-05-21 16:14:39,21.12,6.51,6.41,71.11,33.87,95.28,24.442999999999998,Warning
416,2026-05-21 16:14:41,21.12,6.51,6.41,71.11,33.87,95.28,24.442999999999998,Warning
417,2026-05-21 16:14:44,20.61,7.18,9.0,46.39,25.34,99.62,21.562999999999995,Warning
418,2026-05-21 16:14:48,20.61,7.18,9.0,46.39,25.34,99.62,21.562999999999995,Warning
419,2026-05-21 16:14:53,20.61,7.18,9.0,47.55,32.7,71.38,21.214999999999996,Warning
420,2026-05-21 16:14:54,22.61,6.82,4.08,47.55,32.7,71.38,26.414999999999996,Critical
421,2026-05-21 16:14:57,22.61,6.82,4.08,47.55,32.7,71.38,26.414999999999996,Critical
422,2026-05-21 16:15:01,22.76,7.19,8.36,58.18,31.07,60.18,13.876000000000001,Warning
423,2026-05-21 16:15:05,24.6,7.92,7.7,52.21,31.65,60.18,22.936999999999994,Warning
424,2026-05-21 16:15:06,22.76,7.19,8.36,58.18,31.65,87.41,13.876000000000001,Warning
425,2026-05-21 16:15:11,24.6,7.92,7.7,52.21,31.65,87.41,22.936999999999994,Warning
426,2026-05-21 16:15:13,24.6,7.92,7.7,52.21,31.65,87.41,22.936999999999994,Warning
427,2026-05-21 16:15:16,25.59,7.2,6.33,70.43,28.9,71.12,10.949000000000005,Warning
428,2026-05-21 16:15:18,25.59,7.2,6.33,70.43,28.9,71.12,10.949000000000005,Warning
429,2026-05-21 16:15:21,25.59,7.2,6.33,70.43,28.9,71.12,10.949000000000005,Warning
430,2026-05-21 16:15:25,20.52,7.18,5.9,70.74,23.5,72.65,20.881999999999994,Warning
431,2026-05-21 16:15:28,20.52,7.18,5.9,70.74,23.5,72.65,20.881999999999994,Warning
432,2026-05-21 16:15:30,20.52,7.18,5.9,70.74,23.5,72.65,20.881999999999994,Warning
433,2026-05-21 16:15:32,26.61,7.36,7.17,41.67,24.9,95.75,13.679000000000006,Warning
434,2026-05-21 16:15:38,26.61,7.36,7.17,41.67,24.9,95.75,13.679000000000006,Warning
435,2026-05-21 16:15:41,25.79,6.91,6.47,76.81,24.9,67.12,10.812999999999999,Warning
436,2026-05-21 16:15:56,29.86,7.56,4.26,76.81,22.3,67.12,24.562999999999995,Warning
437,2026-05-21 16:16:02,29.86,7.56,4.26,50.74,26.71,70.57,22.297999999999995,Warning
438,2026-05-21 16:16:02,29.86,7.56,4.26,50.74,0.0,70.57,22.297999999999995,Warning
439,2026-05-21 16:16:05,29.86,7.56,4.26,50.74,26.71,70.57,22.297999999999995,Warning
440,2026-05-21 16:16:09,29.86,7.93,5.96,44.42,27.7,90.82,22.343999999999994,Warning
441,2026-05-21 16:16:12,25.57,7.93,5.96,44.42,27.7,90.82,23.483999999999995,Warning
442,2026-05-21 16:16:19,25.57,7.93,5.96,44.42,0.0,79.09,23.483999999999995,Warning
443,2026-05-21 16:16:20,22.03,7.0,4.45,62.84,23.77,79.09,18.291999999999998,Warning
444,2026-05-21 16:16:22,22.03,7.0,4.45,62.84,23.77,79.09,18.291999999999998,Warning
445,2026-05-21 16:16:25,22.03,7.0,4.45,62.84,23.77,79.09,18.291999999999998,Warning
446,2026-05-21 16:16:27,21.27,6.86,5.3,72.16,30.97,61.81,19.207999999999995,Warning
447,2026-05-21 16:16:29,21.27,6.86,5.3,72.16,30.97,61.81,19.207999999999995,Warning
448,2026-05-21 16:16:30,21.27,6.86,5.3,72.16,30.97,61.81,19.207999999999995,Warning
449,2026-05-21 16:16:31,21.27,6.86,5.3,72.16,30.97,61.81,19.207999999999995,Warning
450,2026-05-21 16:16:32,21.27,6.86,5.3,72.16,30.97,61.81,19.207999999999995,Warning
451,2026-05-21 16:16:33,21.27,6.86,5.3,72.16,30.97,61.81,19.207999999999995,Warning
452,2026-05-21 16:16:35,23.8,7.37,7.47,49.22,34.55,67.39,17.184,Warning
453,2026-05-21 16:16:38,23.8,7.37,7.47,49.22,34.55,67.39,17.184,Warning
454,2026-05-21 16:16:39,23.8,7.37,7.47,49.22,34.55,67.39,17.184,Warning
455,2026-05-21 16:16:40,23.8,7.37,7.47,49.22,34.55,67.39,17.184,Warning
456,2026-05-21 16:16:41,23.59,6.78,7.47,49.22,34.55,67.39,15.353999999999997,Warning
457,2026-05-21 16:16:42,23.59,6.78,8.51,77.45,29.6,78.75,17.354999999999997,Warning
458,2026-05-21 16:16:44,23.59,6.78,8.51,77.45,29.6,78.75,17.354999999999997,Warning
459,2026-05-21 16:16:46,23.59,6.78,8.51,77.45,29.6,78.75,17.354999999999997,Warning
460,2026-05-21 16:16:49,23.59,6.78,8.51,77.45,29.6,78.75,17.354999999999997,Warning
461,2026-05-21 16:16:50,23.59,6.78,8.51,77.45,29.6,78.75,17.354999999999997,Warning
462,2026-05-21 16:16:51,20.59,6.61,8.83,77.45,29.6,78.75,25.904999999999994,Critical
463,2026-05-21 16:16:53,20.59,6.61,8.83,77.55,27.81,79.64,25.934999999999995,Critical
464,2026-05-21 16:16:54,20.59,6.61,8.83,77.55,27.81,79.64,25.934999999999995,Critical
465,2026-05-21 16:16:55,20.59,6.61,8.83,77.55,27.81,79.64,25.934999999999995,Critical
466,2026-05-21 16:16:57,20.59,6.61,8.83,77.55,27.81,79.64,25.934999999999995,Critical
467,2026-05-21 16:16:58,20.59,6.61,8.83,77.55,27.81,79.64,25.934999999999995,Critical
468,2026-05-21 16:16:59,20.59,6.61,8.83,77.55,27.81,79.64,25.934999999999995,Critical
469,2026-05-21 16:17:01,22.06,7.19,8.83,77.55,33.19,81.39,19.995000000000005,Warning
470,2026-05-21 16:17:03,22.06,7.19,7.22,71.42,33.19,81.39,18.15600000000001,Warning
471,2026-05-21 16:17:05,22.06,7.19,7.22,71.42,33.19,81.39,18.15600000000001,Warning
472,2026-05-21 16:17:07,22.06,7.19,7.22,71.42,33.19,65.51,18.15600000000001,Warning
473,2026-05-21 16:17:08,22.06,6.67,9.05,57.23,23.04,65.51,17.661000000000005,Warning
474,2026-05-21 16:17:09,24.33,6.67,9.05,57.23,23.04,65.51,13.121000000000006,Warning
475,2026-05-21 16:17:10,24.33,6.67,9.05,57.23,23.04,65.51,13.121000000000006,Warning
476,2026-05-21 16:17:11,24.33,6.67,9.05,57.23,23.04,65.51,13.121000000000006,Warning
477,2026-05-21 16:17:11,24.33,6.67,9.05,57.23,23.04,65.51,13.121000000000006,Warning
478,2026-05-21 16:17:14,28.63,7.42,7.57,57.23,23.04,65.51,8.390999999999998,Healthy
479,2026-05-21 16:17:17,28.63,7.42,7.57,60.71,26.52,65.69,7.772999999999997,Healthy
480,2026-05-21 16:17:18,28.63,7.42,7.57,60.71,26.52,65.69,7.772999999999997,Healthy
481,2026-05-21 16:17:18,28.63,7.42,7.57,60.71,26.52,65.69,7.772999999999997,Healthy
482,2026-05-21 16:17:20,28.63,7.42,7.57,60.71,26.52,65.69,7.772999999999997,Healthy
483,2026-05-21 16:17:21,28.63,7.42,7.57,60.71,26.52,65.69,7.772999999999997,Healthy
484,2026-05-21 16:17:23,25.84,7.91,7.64,59.11,29.74,97.05,18.237000000000002,Warning
485,2026-05-21 16:17:24,25.84,7.91,7.64,59.11,29.74,97.05,18.237000000000002,Warning
486,2026-05-21 16:17:26,25.84,7.91,7.64,59.11,29.74,97.05,18.237000000000002,Warning
487,2026-05-21 16:17:29,25.84,7.91,7.64,59.11,29.74,97.05,18.237000000000002,Warning
488,2026-05-21 16:17:30,25.84,7.82,7.27,59.11,29.74,97.05,16.887000000000004,Warning
489,2026-05-21 16:17:31,25.84,7.91,7.64,59.11,0.0,97.05,18.237000000000002,Warning
490,2026-05-21 16:17:32,27.57,7.82,7.27,59.11,29.74,97.05,13.427000000000003,Warning
491,2026-05-21 16:17:32,27.57,7.82,7.27,59.11,29.74,97.05,13.427000000000003,Warning
492,2026-05-21 16:17:36,27.57,7.82,7.27,59.0,28.24,63.24,13.460000000000004,Warning
493,2026-05-21 16:17:37,27.57,7.82,7.27,59.0,28.24,63.24,13.460000000000004,Warning
494,2026-05-21 16:17:41,26.89,7.22,9.45,48.64,28.24,63.24,8.927999999999995,Healthy
495,2026-05-21 16:17:54,20.74,7.57,6.44,53.59,23.69,92.79,24.993000000000006,Warning
496,2026-05-21 16:17:58,20.74,7.57,6.44,53.59,23.69,92.79,24.993000000000006,Warning
497,2026-05-21 16:18:02,23.11,6.76,6.08,48.58,32.36,99.76,16.806000000000004,Warning
498,2026-05-21 16:18:06,23.11,6.76,6.08,48.58,32.36,0.0,16.806000000000004,Warning
500,2026-05-21 16:18:10,25.36,6.61,5.0,43.39,32.91,96.56,16.112999999999996,Warning
501,2026-05-21 16:18:13,25.36,6.61,5.0,43.39,32.91,96.56,16.112999999999996,Warning
502,2026-05-21 16:18:17,25.36,6.83,5.0,43.39,32.91,96.56,12.812999999999999,Warning
503,2026-05-21 16:18:19,21.73,6.83,9.29,45.6,33.49,67.91,19.409999999999997,Warning
504,2026-05-21 16:18:22,21.73,6.83,9.29,45.6,33.49,67.91,19.409999999999997,Warning
505,2026-05-21 16:18:25,23.44,7.01,7.12,75.3,32.16,75.17,13.859999999999992,Warning
506,2026-05-21 16:18:29,23.44,7.01,7.12,75.3,32.16,75.17,13.859999999999992,Warning
507,2026-05-21 16:18:33,23.44,7.01,7.12,75.3,32.16,75.17,13.859999999999992,Warning
508,2026-05-21 16:18:35,21.11,6.57,5.15,59.13,22.82,75.17,20.490999999999996,Warning
509,2026-05-21 16:18:39,21.11,6.57,5.15,59.13,0.0,87.57,20.490999999999996,Warning
510,2026-05-21 16:18:39,21.11,6.57,5.15,59.13,22.82,87.57,20.490999999999996,Warning
511,2026-05-21 16:18:43,21.11,7.84,5.15,56.38,22.82,87.57,27.465999999999998,Critical
512,2026-05-21 16:18:45,24.1,7.84,9.03,56.38,26.16,76.33,21.485999999999994,Warning
513,2026-05-21 16:18:48,24.1,7.84,9.03,56.38,26.16,76.33,21.485999999999994,Warning
514,2026-05-21 16:18:54,22.45,7.83,4.36,62.3,24.81,66.39,30.64,Critical
515,2026-05-21 16:18:54,22.45,7.83,4.36,62.3,24.81,66.39,30.64,Critical
516,2026-05-21 16:18:57,22.45,7.83,4.36,62.3,24.81,66.39,30.64,Critical
517,2026-05-21 16:19:01,25.56,7.95,9.53,63.01,30.11,71.2,20.033000000000005,Warning
518,2026-05-21 16:19:06,25.56,7.95,9.53,59.17,30.25,65.34,19.379000000000005,Warning
519,2026-05-21 16:19:07,21.61,7.42,4.58,59.17,30.25,65.34,23.528999999999996,Warning
520,2026-05-21 16:19:14,21.61,7.42,4.58,59.17,30.25,0.0,23.528999999999996,Warning
521,2026-05-21 16:19:15,28.37,7.42,4.58,69.12,28.05,74.08,13.976,Warning
522,2026-05-21 16:19:17,28.37,7.13,7.91,69.12,28.05,74.08,5.426000000000002,Healthy
523,2026-05-21 16:19:27,20.05,7.44,5.64,46.1,29.98,60.67,26.67,Critical
524,2026-05-21 16:19:28,20.05,7.44,5.64,46.1,29.98,60.67,26.67,Critical
525,2026-05-21 16:19:31,20.99,7.33,6.3,62.45,25.65,61.66,19.705000000000005,Warning
526,2026-05-21 16:19:36,20.99,7.33,6.3,62.45,25.65,61.66,19.705000000000005,Warning
527,2026-05-21 16:19:37,20.99,7.33,6.3,62.45,25.65,61.66,19.705000000000005,Warning
528,2026-05-21 16:19:41,28.51,7.1,4.07,58.46,23.64,63.43,12.281999999999995,Warning
529,2026-05-21 16:19:43,28.51,7.1,4.07,58.46,23.64,63.43,12.281999999999995,Warning
530,2026-05-21 16:19:46,28.51,7.1,4.07,58.46,23.64,63.43,12.281999999999995,Warning
531,2026-05-21 16:19:49,27.98,7.54,8.22,67.64,23.25,94.38,10.432,Warning
532,2026-05-21 16:19:53,27.98,7.54,8.22,67.64,23.25,94.38,10.432,Warning
533,2026-05-21 16:19:58,24.91,6.88,7.57,53.2,34.22,91.0,10.02,Warning
535,2026-05-21 16:20:01,24.91,6.88,7.57,53.2,34.22,91.0,10.02,Warning
536,2026-05-21 16:20:06,25.05,6.98,4.04,54.78,28.31,78.98,17.365999999999993,Warning
537,2026-05-21 16:20:07,25.05,6.98,4.04,54.78,28.31,78.98,17.365999999999993,Warning
538,2026-05-21 16:20:09,25.05,6.98,4.04,54.78,28.31,78.98,17.365999999999993,Warning
539,2026-05-21 16:20:14,26.95,7.34,9.09,60.94,26.49,69.34,7.481999999999998,Healthy
540,2026-05-21 16:20:15,26.95,7.34,9.09,60.94,26.49,69.34,7.481999999999998,Healthy
541,2026-05-21 16:20:19,26.95,7.34,9.09,60.94,26.49,69.34,7.481999999999998,Healthy
542,2026-05-21 16:20:22,22.06,6.9,7.48,71.37,29.7,60.3,16.790999999999997,Warning
543,2026-05-21 19:45:31,22.95,6.89,5.54,69.14,26.21,60.3,14.492000000000008,Warning
544,2026-05-21 19:45:37,22.95,6.89,5.54,69.14,26.21,60.3,14.492000000000008,Warning
545,2026-05-21 19:45:40,22.95,6.89,5.54,69.14,26.21,60.3,14.492000000000008,Warning
546,2026-05-21 19:45:43,22.95,6.89,5.54,69.14,26.21,60.3,14.492000000000008,Warning
547,2026-05-21 19:45:46,22.95,6.89,5.54,69.14,26.21,60.3,14.492000000000008,Warning
548,2026-05-21 19:45:49,22.95,6.89,5.54,69.14,26.21,60.3,14.492000000000008,Warning
549,2026-05-21 19:45:52,22.95,6.89,5.54,69.14,26.21,60.3,14.492000000000008,Warning
550,2026-05-21 19:45:55,22.95,6.89,5.54,69.14,26.21,60.3,14.492000000000008,Warning
551,2026-05-21 19:45:58,22.95,6.89,5.54,69.14,26.21,60.3,14.492000000000008,Warning
552,2026-05-21 19:46:01,22.95,6.89,5.54,69.14,26.21,60.3,14.492000000000008,Warning
553,2026-05-21 19:46:04,22.95,6.89,5.54,69.14,26.21,60.3,14.492000000000008,Warning
554,2026-05-21 19:46:07,22.95,6.89,5.54,69.14,26.21,60.3,14.492000000000008,Warning
555,2026-05-21 19:46:10,22.95,6.89,5.54,69.14,26.21,60.3,14.492000000000008,Warning
556,2026-05-21 19:46:13,22.95,6.89,5.54,69.14,26.21,60.3,14.492000000000008,Warning
557,2026-05-21 19:46:16,22.95,6.89,5.54,69.14,26.21,60.3,14.492000000000008,Warning
558,2026-05-21 19:46:19,22.95,6.89,5.54,69.14,26.21,60.3,14.492000000000008,Warning
559,2026-05-21 19:46:22,22.95,6.89,5.54,69.14,26.21,60.3,14.492000000000008,Warning
560,2026-05-21 19:46:25,22.95,6.89,5.54,69.14,26.21,60.3,14.492000000000008,Warning
561,2026-05-21 19:46:28,22.95,6.89,5.54,69.14,26.21,60.3,14.492000000000008,Warning
562,2026-05-21 19:46:31,22.95,6.89,5.54,69.14,26.21,60.3,14.492000000000008,Warning
563,2026-05-21 19:46:34,22.95,6.89,5.54,69.14,26.21,60.3,14.492000000000008,Warning
564,2026-05-21 19:46:37,22.95,6.89,5.54,69.14,26.21,60.3,14.492000000000008,Warning
565,2026-05-21 19:46:40,22.95,6.89,5.54,69.14,26.21,60.3,14.492000000000008,Warning
566,2026-05-21 19:47:26,22.95,6.89,5.54,69.14,26.21,60.3,14.492000000000008,Warning
567,2026-05-21 19:47:28,22.95,6.89,5.54,69.14,26.21,60.3,14.492000000000008,Warning
568,2026-05-21 19:47:31,22.95,6.89,5.54,69.14,26.21,60.3,14.492000000000008,Warning
569,2026-05-21 19:47:34,22.95,6.89,5.54,69.14,26.21,60.3,14.492000000000008,Warning
570,2026-05-21 19:47:37,22.95,6.89,5.54,69.14,26.21,60.3,14.492000000000008,Warning
571,2026-05-21 19:47:40,22.95,6.89,5.54,69.14,26.21,60.3,14.492000000000008,Warning
572,2026-05-21 19:47:43,22.95,6.89,5.54,69.14,26.21,60.3,14.492000000000008,Warning
573,2026-05-21 19:47:46,22.95,6.89,5.54,69.14,26.21,60.3,14.492000000000008,Warning
574,2026-05-21 19:47:49,22.95,6.89,5.54,69.14,26.21,60.3,14.492000000000008,Warning
575,2026-05-21 19:47:52,22.95,6.89,5.54,69.14,26.21,60.3,14.492000000000008,Warning
576,2026-05-21 19:47:55,22.95,6.89,5.54,69.14,26.21,60.3,14.492000000000008,Warning
577,2026-05-21 19:47:58,22.95,6.89,5.54,69.14,26.21,60.3,14.492000000000008,Warning
578,2026-05-21 19:48:01,22.95,6.89,5.54,69.14,26.21,60.3,14.492000000000008,Warning
579,2026-05-21 19:48:04,22.95,6.89,5.54,69.14,26.21,60.3,14.492000000000008,Warning
580,2026-05-21 19:48:07,22.95,6.89,5.54,69.14,26.21,60.3,14.492000000000008,Warning
581,2026-05-21 19:48:10,22.95,6.89,5.54,69.14,26.21,60.3,14.492000000000008,Warning
582,2026-05-21 19:48:13,22.95,6.89,5.54,69.14,26.21,60.3,14.492000000000008,Warning
583,2026-05-21 19:48:16,22.95,6.89,5.54,69.14,26.21,60.3,14.492000000000008,Warning
584,2026-05-21 19:48:19,22.95,6.89,5.54,69.14,26.21,60.3,14.492000000000008,Warning
585,2026-05-21 19:48:22,22.95,6.89,5.54,69.14,26.21,60.3,14.492000000000008,Warning
586,2026-05-21 19:48:25,22.95,6.89,5.54,69.14,26.21,60.3,14.492000000000008,Warning
587,2026-05-21 19:48:28,22.95,6.89,5.54,69.14,26.21,60.3,14.492000000000008,Warning
588,2026-05-21 19:48:31,22.95,6.89,5.54,69.14,26.21,60.3,14.492000000000008,Warning
589,2026-05-21 19:48:34,22.95,6.89,5.54,69.14,26.21,60.3,14.492000000000008,Warning
590,2026-05-21 19:48:37,22.95,6.89,5.54,69.14,26.21,60.3,14.492000000000008,Warning
591,2026-05-21 19:48:40,22.95,6.89,5.54,69.14,26.21,60.3,14.492000000000008,Warning
592,2026-05-21 19:48:43,22.95,6.89,5.54,69.14,26.21,60.3,14.492000000000008,Warning
593,2026-05-21 19:48:46,22.95,6.89,5.54,69.14,26.21,60.3,14.492000000000008,Warning
594,2026-05-21 19:48:49,22.95,6.89,5.54,69.14,26.21,60.3,14.492000000000008,Warning
595,2026-05-21 19:48:52,22.95,6.89,5.54,69.14,26.21,60.3,14.492000000000008,Warning
596,2026-05-21 19:48:55,22.95,6.89,5.54,69.14,26.21,60.3,14.492000000000008,Warning
597,2026-05-21 19:48:58,22.95,6.89,5.54,69.14,26.21,60.3,14.492000000000008,Warning
598,2026-05-21 19:49:01,22.95,6.89,5.54,69.14,26.21,60.3,14.492000000000008,Warning
599,2026-05-21 19:49:04,22.95,6.89,5.54,69.14,26.21,60.3,14.492000000000008,Warning
600,2026-05-21 19:49:07,22.95,6.89,5.54,69.14,26.21,60.3,14.492000000000008,Warning
601,2026-05-21 19:49:10,22.95,6.89,5.54,69.14,26.21,60.3,14.492000000000008,Warning
602,2026-05-21 19:49:26,22.95,6.89,5.54,69.14,26.21,60.3,14.492000000000008,Warning
603,2026-05-21 19:49:28,22.95,6.89,5.54,69.14,26.21,60.3,14.492000000000008,Warning
604,2026-05-21 19:49:31,22.95,6.89,5.54,69.14,26.21,60.3,14.492000000000008,Warning
605,2026-05-21 19:49:34,22.95,6.89,5.54,69.14,26.21,60.3,14.492000000000008,Warning
606,2026-05-21 19:49:37,22.95,6.89,5.54,69.14,26.21,60.3,14.492000000000008,Warning
607,2026-05-21 19:49:40,22.95,6.89,5.54,69.14,26.21,60.3,14.492000000000008,Warning
608,2026-05-21 19:49:43,22.95,6.89,5.54,69.14,26.21,60.3,14.492000000000008,Warning
609,2026-05-21 19:49:46,22.95,6.89,5.54,69.14,26.21,60.3,14.492000000000008,Warning
610,2026-05-21 19:49:49,22.95,6.89,5.54,69.14,26.21,60.3,14.492000000000008,Warning
611,2026-05-21 19:49:52,22.95,6.89,5.54,69.14,26.21,60.3,14.492000000000008,Warning
612,2026-05-21 19:49:55,22.95,6.89,5.54,69.14,26.21,60.3,14.492000000000008,Warning
613,2026-05-21 19:49:58,22.95,6.89,5.54,69.14,26.21,60.3,14.492000000000008,Warning
614,2026-05-21 19:50:01,22.95,6.89,5.54,69.14,26.21,60.3,14.492000000000008,Warning
615,2026-05-21 19:50:04,22.95,6.89,5.54,69.14,26.21,60.3,14.492000000000008,Warning
616,2026-05-21 19:50:07,22.95,6.89,5.54,69.14,26.21,60.3,14.492000000000008,Warning
617,2026-05-21 19:50:10,22.95,6.89,5.54,69.14,26.21,60.3,14.492000000000008,Warning
618,2026-05-21 19:50:13,22.95,6.89,5.54,69.14,26.21,60.3,14.492000000000008,Warning
619,2026-05-21 19:50:16,22.95,6.89,5.54,69.14,26.21,60.3,14.492000000000008,Warning
620,2026-05-21 19:50:19,22.95,6.89,5.54,69.14,26.21,60.3,14.492000000000008,Warning
621,2026-05-21 19:50:22,22.95,6.89,5.54,69.14,26.21,60.3,14.492000000000008,Warning
622,2026-05-21 19:50:25,22.95,6.89,5.54,69.14,26.21,60.3,14.492000000000008,Warning
623,2026-05-21 19:50:28,22.95,6.89,5.54,69.14,26.21,60.3,14.492000000000008,Warning
624,2026-05-21 19:50:31,22.95,6.89,5.54,69.14,26.21,60.3,14.492000000000008,Warning
625,2026-05-21 19:50:34,22.95,6.89,5.54,69.14,26.21,60.3,14.492000000000008,Warning
626,2026-05-21 19:50:37,22.95,6.89,5.54,69.14,26.21,60.3,14.492000000000008,Warning
627,2026-05-21 19:50:40,22.95,6.89,5.54,69.14,26.21,60.3,14.492000000000008,Warning
628,2026-05-21 19:50:43,22.95,6.89,5.54,69.14,26.21,60.3,14.492000000000008,Warning
629,2026-05-21 19:50:46,22.95,6.89,5.54,69.14,26.21,60.3,14.492000000000008,Warning
630,2026-05-21 19:50:49,22.95,6.89,5.54,69.14,26.21,60.3,14.492000000000008,Warning
631,2026-05-21 19:50:52,22.95,6.89,5.54,69.14,26.21,60.3,14.492000000000008,Warning
632,2026-05-21 19:50:55,22.95,6.89,5.54,69.14,26.21,60.3,14.492000000000008,Warning
633,2026-05-21 19:50:58,22.95,6.89,5.54,69.14,26.21,60.3,14.492000000000008,Warning
634,2026-05-21 19:51:01,22.95,6.89,5.54,69.14,26.21,60.3,14.492000000000008,Warning
635,2026-05-21 19:51:04,22.95,6.89,5.54,69.14,26.21,60.3,14.492000000000008,Warning
636,2026-05-21 19:51:07,22.95,6.89,5.54,69.14,26.21,60.3,14.492000000000008,Warning
637,2026-05-21 19:51:10,22.95,6.89,5.54,69.14,26.21,60.3,14.492000000000008,Warning
638,2026-05-21 19:51:13,22.95,6.89,5.54,69.14,26.21,60.3,14.492000000000008,Warning
639,2026-05-21 19:51:16,22.95,6.89,5.54,69.14,26.21,60.3,14.492000000000008,Warning
640,2026-05-21 19:51:19,22.95,6.89,5.54,69.14,26.21,60.3,14.492000000000008,Warning
641,2026-05-21 19:51:22,22.95,6.89,5.54,69.14,26.21,60.3,14.492000000000008,Warning
642,2026-05-21 19:51:25,22.95,6.89,5.54,69.14,26.21,60.3,14.492000000000008,Warning
643,2026-05-21 19:51:28,22.95,6.89,5.54,69.14,26.21,60.3,14.492000000000008,Warning
644,2026-05-21 19:51:31,22.95,6.89,5.54,69.14,26.21,60.3,14.492000000000008,Warning
645,2026-05-21 19:51:34,22.95,6.89,5.54,69.14,26.21,60.3,14.492000000000008,Warning
646,2026-05-21 19:51:37,22.95,6.89,5.54,69.14,26.21,60.3,14.492000000000008,Warning
647,2026-05-21 19:51:40,22.95,6.89,5.54,69.14,26.21,60.3,14.492000000000008,Warning
648,2026-05-21 19:51:43,22.95,6.89,5.54,69.14,26.21,60.3,14.492000000000008,Warning
649,2026-05-21 19:51:46,22.95,6.89,5.54,69.14,26.21,60.3,14.492000000000008,Warning
650,2026-05-21 19:51:49,22.95,6.89,5.54,69.14,26.21,60.3,14.492000000000008,Warning
651,2026-05-21 19:51:52,22.95,6.89,5.54,69.14,26.21,60.3,14.492000000000008,Warning
652,2026-05-21 19:51:55,22.95,6.89,5.54,69.14,26.21,60.3,14.492000000000008,Warning
653,2026-05-21 19:51:58,22.95,6.89,5.54,69.14,26.21,60.3,14.492000000000008,Warning
654,2026-05-21 19:52:01,22.95,6.89,5.54,69.14,26.21,60.3,14.492000000000008,Warning
655,2026-05-21 19:52:04,22.95,6.89,5.54,69.14,26.21,60.3,14.492000000000008,Warning
656,2026-05-21 19:52:07,22.95,6.89,5.54,69.14,26.21,60.3,14.492000000000008,Warning
657,2026-05-21 19:52:10,22.95,6.89,5.54,69.14,26.21,60.3,14.492000000000008,Warning
658,2026-05-21 19:52:13,22.95,6.89,5.54,69.14,26.21,60.3,14.492000000000008,Warning
659,2026-05-21 19:52:16,22.95,6.89,5.54,69.14,26.21,60.3,14.492000000000008,Warning
660,2026-05-21 19:52:19,22.95,6.89,5.54,69.14,26.21,60.3,14.492000000000008,Warning
661,2026-05-21 19:52:22,22.95,6.89,5.54,69.14,26.21,60.3,14.492000000000008,Warning
662,2026-05-21 19:52:25,22.95,6.89,5.54,69.14,26.21,60.3,14.492000000000008,Warning
663,2026-05-21 19:52:28,22.95,6.89,5.54,69.14,26.21,60.3,14.492000000000008,Warning
664,2026-05-21 19:53:26,22.95,6.89,5.54,69.14,26.21,60.3,14.492000000000008,Warning
665,2026-05-21 19:53:28,22.95,6.89,5.54,69.14,26.21,60.3,14.492000000000008,Warning
666,2026-05-21 19:53:31,22.95,6.89,5.54,69.14,26.21,60.3,14.492000000000008,Warning
667,2026-05-21 19:53:34,22.95,6.89,5.54,69.14,26.21,60.3,14.492000000000008,Warning
668,2026-05-21 19:53:37,22.95,6.89,5.54,69.14,26.21,60.3,14.492000000000008,Warning
669,2026-05-21 19:53:40,22.95,6.89,5.54,69.14,26.21,60.3,14.492000000000008,Warning
670,2026-05-21 19:53:43,22.95,6.89,5.54,69.14,26.21,60.3,14.492000000000008,Warning
671,2026-05-21 19:53:46,22.95,6.89,5.54,69.14,26.21,60.3,14.492000000000008,Warning
672,2026-05-21 19:53:49,22.95,6.89,5.54,69.14,26.21,60.3,14.492000000000008,Warning
673,2026-05-21 19:53:52,22.95,6.89,5.54,69.14,26.21,60.3,14.492000000000008,Warning
674,2026-05-21 19:53:55,22.95,6.89,5.54,69.14,26.21,60.3,14.492000000000008,Warning
675,2026-05-21 19:53:58,22.95,6.89,5.54,69.14,26.21,60.3,14.492000000000008,Warning
676,2026-05-21 19:54:01,22.95,6.89,5.54,69.14,26.21,60.3,14.492000000000008,Warning
677,2026-05-21 19:54:04,22.95,6.89,5.54,69.14,26.21,60.3,14.492000000000008,Warning
678,2026-05-21 19:54:07,22.95,6.89,5.54,69.14,26.21,60.3,14.492000000000008,Warning
679,2026-05-21 19:54:10,22.95,6.89,5.54,69.14,26.21,60.3,14.492000000000008,Warning
680,2026-05-21 19:54:13,22.95,6.89,5.54,69.14,26.21,60.3,14.492000000000008,Warning
681,2026-05-21 19:54:16,22.95,6.89,5.54,69.14,26.21,60.3,14.492000000000008,Warning
682,2026-05-21 19:54:19,22.95,6.89,5.54,69.14,26.21,60.3,14.492000000000008,Warning
683,2026-05-21 19:54:22,22.95,6.89,5.54,69.14,26.21,60.3,14.492000000000008,Warning
684,2026-05-21 19:54:25,22.95,6.89,5.54,69.14,26.21,60.3,14.492000000000008,Warning
685,2026-05-21 19:54:28,22.95,6.89,5.54,69.14,26.21,60.3,14.492000000000008,Warning
686,2026-05-21 19:54:31,22.95,6.89,5.54,69.14,26.21,60.3,14.492000000000008,Warning
687,2026-05-21 19:54:34,22.95,6.89,5.54,69.14,26.21,60.3,14.492000000000008,Warning
688,2026-05-21 19:54:37,22.95,6.89,5.54,69.14,26.21,60.3,14.492000000000008,Warning
689,2026-05-21 19:54:40,22.95,6.89,5.54,69.14,26.21,60.3,14.492000000000008,Warning
690,2026-05-21 19:54:44,22.95,6.89,5.54,69.14,26.21,60.3,14.492000000000008,Warning
691,2026-05-21 19:54:46,22.95,6.89,5.54,69.14,26.21,60.3,14.492000000000008,Warning
692,2026-05-21 19:54:49,22.95,6.89,5.54,69.14,26.21,60.3,14.492000000000008,Warning
693,2026-05-21 19:54:52,22.95,6.89,5.54,69.14,26.21,60.3,14.492000000000008,Warning
694,2026-05-21 19:54:55,22.95,6.89,5.54,69.14,26.21,60.3,14.492000000000008,Warning
695,2026-05-21 19:54:58,22.95,6.89,5.54,69.14,26.21,60.3,14.492000000000008,Warning
696,2026-05-21 19:55:01,22.95,6.89,5.54,69.14,26.21,60.3,14.492000000000008,Warning
697,2026-05-21 19:55:04,22.95,6.89,5.54,69.14,26.21,60.3,14.492000000000008,Warning
698,2026-05-21 19:55:07,22.95,6.89,5.54,69.14,26.21,60.3,14.492000000000008,Warning
699,2026-05-21 19:55:10,22.95,6.89,5.54,69.14,26.21,60.3,14.492000000000008,Warning
700,2026-05-21 19:55:13,22.95,6.89,5.54,69.14,26.21,60.3,14.492000000000008,Warning
701,2026-05-21 19:55:16,22.95,6.89,5.54,69.14,26.21,60.3,14.492000000000008,Warning
702,2026-05-21 19:55:19,22.95,6.89,5.54,69.14,26.21,60.3,14.492000000000008,Warning
703,2026-05-21 19:55:22,22.95,6.89,5.54,69.14,26.21,60.3,14.492000000000008,Warning
704,2026-05-21 19:55:25,22.95,6.89,5.54,69.14,26.21,60.3,14.492000000000008,Warning
705,2026-05-21 19:55:28,22.95,6.89,5.54,69.14,26.21,60.3,14.492000000000008,Warning
706,2026-05-21 19:55:31,22.95,6.89,5.54,69.14,26.21,60.3,14.492000000000008,Warning
707,2026-05-21 19:55:34,22.95,6.89,5.54,69.14,26.21,60.3,14.492000000000008,Warning
708,2026-05-21 19:55:37,22.95,6.89,5.54,69.14,26.21,60.3,14.492000000000008,Warning
709,2026-05-21 19:55:40,22.95,6.89,5.54,69.14,26.21,60.3,14.492000000000008,Warning
710,2026-05-21 19:55:43,22.95,6.89,5.54,69.14,26.21,60.3,14.492000000000008,Warning
711,2026-05-21 19:55:46,22.95,6.89,5.54,69.14,26.21,60.3,14.492000000000008,Warning
712,2026-05-21 19:55:49,22.95,6.89,5.54,69.14,26.21,60.3,14.492000000000008,Warning
713,2026-05-21 19:55:52,22.95,6.89,5.54,69.14,26.21,60.3,14.492000000000008,Warning
714,2026-05-21 19:55:55,22.95,6.89,5.54,69.14,26.21,60.3,14.492000000000008,Warning
715,2026-05-21 19:55:58,22.95,6.89,5.54,69.14,26.21,60.3,14.492000000000008,Warning
716,2026-05-21 19:56:01,22.95,6.89,5.54,69.14,26.21,60.3,14.492000000000008,Warning
717,2026-05-21 19:56:04,22.95,6.89,5.54,69.14,26.21,60.3,14.492000000000008,Warning
718,2026-05-21 19:56:07,22.95,6.89,5.54,69.14,26.21,60.3,14.492000000000008,Warning
719,2026-05-21 19:56:10,22.95,6.89,5.54,69.14,26.21,60.3,14.492000000000008,Warning
720,2026-05-21 19:56:13,22.95,6.89,5.54,69.14,26.21,60.3,14.492000000000008,Warning
721,2026-05-21 19:56:16,22.95,6.89,5.54,69.14,26.21,60.3,14.492000000000008,Warning
722,2026-05-21 19:56:19,22.95,6.89,5.54,69.14,26.21,60.3,14.492000000000008,Warning
723,2026-05-21 19:56:22,22.95,6.89,5.54,69.14,26.21,60.3,14.492000000000008,Warning
724,2026-05-21 19:56:25,22.95,6.89,5.54,69.14,26.21,60.3,14.492000000000008,Warning
725,2026-05-21 19:56:28,22.95,6.89,5.54,69.14,26.21,60.3,14.492000000000008,Warning
726,2026-05-21 19:56:31,22.95,6.89,5.54,69.14,26.21,60.3,14.492000000000008,Warning
727,2026-05-21 19:56:34,22.95,6.89,5.54,69.14,26.21,60.3,14.492000000000008,Warning
728,2026-05-21 19:56:37,22.95,6.89,5.54,69.14,26.21,60.3,14.492000000000008,Warning
729,2026-05-21 19:56:40,22.95,6.89,5.54,69.14,26.21,60.3,14.492000000000008,Warning
730,2026-05-21 19:56:43,22.95,6.89,5.54,69.14,26.21,60.3,14.492000000000008,Warning
731,2026-05-21 19:56:46,22.95,6.89,5.54,69.14,26.21,60.3,14.492000000000008,Warning
732,2026-05-21 19:56:49,22.95,6.89,5.54,69.14,26.21,60.3,14.492000000000008,Warning
733,2026-05-21 19:56:52,22.95,6.89,5.54,69.14,26.21,60.3,14.492000000000008,Warning
734,2026-05-21 19:56:55,22.95,6.89,5.54,69.14,26.21,60.3,14.492000000000008,Warning
735,2026-05-21 19:56:58,22.95,6.89,5.54,69.14,26.21,60.3,14.492000000000008,Warning
736,2026-05-21 19:57:01,22.95,6.89,5.54,69.14,26.21,60.3,14.492000000000008,Warning
737,2026-05-21 19:57:04,22.95,6.89,5.54,69.14,26.21,60.3,14.492000000000008,Warning
738,2026-05-21 19:57:07,22.95,6.89,5.54,69.14,26.21,60.3,14.492000000000008,Warning
739,2026-05-21 19:57:10,22.95,6.89,5.54,69.14,26.21,60.3,14.492000000000008,Warning
740,2026-05-21 19:57:13,22.95,6.89,5.54,69.14,26.21,60.3,14.492000000000008,Warning
741,2026-05-21 19:57:16,22.95,6.89,5.54,69.14,26.21,60.3,14.492000000000008,Warning
742,2026-05-21 19:57:19,22.95,6.89,5.54,69.14,26.21,60.3,14.492000000000008,Warning
743,2026-05-21 19:57:22,22.95,6.89,5.54,69.14,26.21,60.3,14.492000000000008,Warning
744,2026-05-21 19:57:25,22.95,6.89,5.54,69.14,26.21,60.3,14.492000000000008,Warning
745,2026-05-21 19:57:28,22.95,6.89,5.54,69.14,26.21,60.3,14.492000000000008,Warning
746,2026-05-21 19:57:31,22.95,6.89,5.54,69.14,26.21,60.3,14.492000000000008,Warning
747,2026-05-21 19:57:34,22.95,6.89,5.54,69.14,26.21,60.3,14.492000000000008,Warning
748,2026-05-21 19:57:37,22.95,6.89,5.54,69.14,26.21,60.3,14.492000000000008,Warning
749,2026-05-21 19:57:40,22.95,6.89,5.54,69.14,26.21,60.3,14.492000000000008,Warning
750,2026-05-21 19:57:43,22.95,6.89,5.54,69.14,26.21,60.3,14.492000000000008,Warning
751,2026-05-21 19:57:46,22.95,6.89,5.54,69.14,26.21,60.3,14.492000000000008,Warning
752,2026-05-21 19:57:49,22.95,6.89,5.54,69.14,26.21,60.3,14.492000000000008,Warning
753,2026-05-21 19:57:52,22.95,6.89,5.54,69.14,26.21,60.3,14.492000000000008,Warning
754,2026-05-21 19:57:55,22.95,6.89,5.54,69.14,26.21,60.3,14.492000000000008,Warning
755,2026-05-21 19:57:58,22.95,6.89,5.54,69.14,26.21,60.3,14.492000000000008,Warning
756,2026-05-21 19:58:01,22.95,6.89,5.54,69.14,26.21,60.3,14.492000000000008,Warning
757,2026-05-21 19:58:04,22.95,6.89,5.54,69.14,26.21,60.3,14.492000000000008,Warning
758,2026-05-21 19:58:07,22.95,6.89,5.54,69.14,26.21,60.3,14.492000000000008,Warning
759,2026-05-21 19:58:10,22.95,6.89,5.54,69.14,26.21,60.3,14.492000000000008,Warning
760,2026-05-21 19:58:13,22.95,6.89,5.54,69.14,26.21,60.3,14.492000000000008,Warning
761,2026-05-21 19:58:16,22.95,6.89,5.54,69.14,26.21,60.3,14.492000000000008,Warning
762,2026-05-21 19:58:19,22.95,6.89,5.54,69.14,26.21,60.3,14.492000000000008,Warning
763,2026-05-21 19:58:22,22.95,6.89,5.54,69.14,26.21,60.3,14.492000000000008,Warning
764,2026-05-21 19:58:25,22.95,6.89,5.54,69.14,26.21,60.3,14.492000000000008,Warning
765,2026-05-21 19:58:28,22.95,6.89,5.54,69.14,26.21,60.3,14.492000000000008,Warning
766,2026-05-21 19:58:32,22.95,6.89,5.54,69.14,26.21,60.3,14.492000000000008,Warning
767,2026-05-21 19:58:34,22.95,6.89,5.54,69.14,26.21,60.3,14.492000000000008,Warning
768,2026-05-21 19:58:37,22.95,6.89,5.54,69.14,26.21,60.3,14.492000000000008,Warning
769,2026-05-21 19:58:40,22.95,6.89,5.54,69.14,26.21,60.3,14.492000000000008,Warning
770,2026-05-21 19:58:43,22.95,6.89,5.54,69.14,26.21,60.3,14.492000000000008,Warning
771,2026-05-21 19:58:46,22.95,6.89,5.54,69.14,26.21,60.3,14.492000000000008,Warning
772,2026-05-21 19:58:49,22.95,6.89,5.54,69.14,26.21,60.3,14.492000000000008,Warning
773,2026-05-21 19:58:52,22.95,6.89,5.54,69.14,26.21,60.3,14.492000000000008,Warning
774,2026-05-21 19:58:55,22.95,6.89,5.54,69.14,26.21,60.3,14.492000000000008,Warning
775,2026-05-21 19:58:58,22.95,6.89,5.54,69.14,26.21,60.3,14.492000000000008,Warning
776,2026-05-21 19:59:01,22.95,6.89,5.54,69.14,26.21,60.3,14.492000000000008,Warning
777,2026-05-21 19:59:04,22.95,6.89,5.54,69.14,26.21,60.3,14.492000000000008,Warning
778,2026-05-21 19:59:07,22.95,6.89,5.54,69.14,26.21,60.3,14.492000000000008,Warning
779,2026-05-21 19:59:10,22.95,6.89,5.54,69.14,26.21,60.3,14.492000000000008,Warning
780,2026-05-21 19:59:13,22.95,6.89,5.54,69.14,26.21,60.3,14.492000000000008,Warning
781,2026-05-21 19:59:16,22.95,6.89,5.54,69.14,26.21,60.3,14.492000000000008,Warning
782,2026-05-21 19:59:19,22.95,6.89,5.54,69.14,26.21,60.3,14.492000000000008,Warning
783,2026-05-21 19:59:22,22.95,6.89,5.54,69.14,26.21,60.3,14.492000000000008,Warning
784,2026-05-21 19:59:25,22.95,6.89,5.54,69.14,26.21,60.3,14.492000000000008,Warning
785,2026-05-21 19:59:28,22.95,6.89,5.54,69.14,26.21,60.3,14.492000000000008,Warning
786,2026-05-21 19:59:31,22.95,6.89,5.54,69.14,26.21,60.3,14.492000000000008,Warning
787,2026-05-21 19:59:34,22.95,6.89,5.54,69.14,26.21,60.3,14.492000000000008,Warning
788,2026-05-21 19:59:37,22.95,6.89,5.54,69.14,26.21,60.3,14.492000000000008,Warning
789,2026-05-21 19:59:40,22.95,6.89,5.54,69.14,26.21,60.3,14.492000000000008,Warning
790,2026-05-21 19:59:43,22.95,6.89,5.54,69.14,26.21,60.3,14.492000000000008,Warning
791,2026-05-21 19:59:46,22.95,6.89,5.54,69.14,26.21,60.3,14.492000000000008,Warning
792,2026-05-21 19:59:49,22.95,6.89,5.54,69.14,26.21,60.3,14.492000000000008,Warning
793,2026-05-21 19:59:52,22.95,6.89,5.54,69.14,26.21,60.3,14.492000000000008,Warning
794,2026-05-21 19:59:55,22.95,6.89,5.54,69.14,26.21,60.3,14.492000000000008,Warning
795,2026-05-21 19:59:58,22.95,6.89,5.54,69.14,26.21,60.3,14.492000000000008,Warning
796,2026-05-21 20:00:01,22.95,6.89,5.54,69.14,26.21,60.3,14.492000000000008,Warning
797,2026-05-21 20:00:04,22.95,6.89,5.54,69.14,26.21,60.3,14.492000000000008,Warning
798,2026-05-21 20:00:07,22.95,6.89,5.54,69.14,26.21,60.3,14.492000000000008,Warning
799,2026-05-21 20:00:10,22.95,6.89,5.54,69.14,26.21,60.3,14.492000000000008,Warning
800,2026-05-21 20:00:13,22.95,6.89,5.54,69.14,26.21,60.3,14.492000000000008,Warning
801,2026-05-21 20:00:16,22.95,6.89,5.54,69.14,26.21,60.3,14.492000000000008,Warning
802,2026-05-21 20:00:19,22.95,6.89,5.54,69.14,26.21,60.3,14.492000000000008,Warning
803,2026-05-21 20:00:22,22.95,6.89,5.54,69.14,26.21,60.3,14.492000000000008,Warning
804,2026-05-21 20:00:25,22.95,6.89,5.54,69.14,26.21,60.3,14.492000000000008,Warning
805,2026-05-21 20:00:28,22.95,6.89,5.54,69.14,26.21,60.3,14.492000000000008,Warning
806,2026-05-21 20:00:31,22.95,6.89,5.54,69.14,26.21,60.3,14.492000000000008,Warning
807,2026-05-21 20:00:34,22.95,6.89,5.54,69.14,26.21,60.3,14.492000000000008,Warning
808,2026-05-21 20:00:37,22.95,6.89,5.54,69.14,26.21,60.3,14.492000000000008,Warning
809,2026-05-21 20:00:40,22.95,6.89,5.54,69.14,26.21,60.3,14.492000000000008,Warning
810,2026-05-21 20:00:43,22.95,6.89,5.54,69.14,26.21,60.3,14.492000000000008,Warning
811,2026-05-21 20:00:46,22.95,6.89,5.54,69.14,26.21,60.3,14.492000000000008,Warning
812,2026-05-21 20:00:49,22.95,6.89,5.54,69.14,26.21,60.3,14.492000000000008,Warning
813,2026-05-21 20:00:52,22.95,6.89,5.54,69.14,26.21,60.3,14.492000000000008,Warning
814,2026-05-21 20:00:55,22.95,6.89,5.54,69.14,26.21,60.3,14.492000000000008,Warning
815,2026-05-21 20:00:58,22.95,6.89,5.54,69.14,26.21,60.3,14.492000000000008,Warning
816,2026-05-21 20:01:01,22.95,6.89,5.54,69.14,26.21,60.3,14.492000000000008,Warning
817,2026-05-21 20:01:04,22.95,6.89,5.54,69.14,26.21,60.3,14.492000000000008,Warning
818,2026-05-21 20:01:07,22.95,6.89,5.54,69.14,26.21,60.3,14.492000000000008,Warning
819,2026-05-21 20:01:10,22.95,6.89,5.54,69.14,26.21,60.3,14.492000000000008,Warning
820,2026-05-21 20:01:13,22.95,6.89,5.54,69.14,26.21,60.3,14.492000000000008,Warning
821,2026-05-21 20:01:16,22.95,6.89,5.54,69.14,26.21,60.3,14.492000000000008,Warning
822,2026-05-21 20:01:19,22.95,6.89,5.54,69.14,26.21,60.3,14.492000000000008,Warning
823,2026-05-21 20:01:22,22.95,6.89,5.54,69.14,26.21,60.3,14.492000000000008,Warning
824,2026-05-21 20:01:25,22.95,6.89,5.54,69.14,26.21,60.3,14.492000000000008,Warning
825,2026-05-21 20:01:28,22.95,6.89,5.54,69.14,26.21,60.3,14.492000000000008,Warning
826,2026-05-21 20:01:31,22.95,6.89,5.54,69.14,26.21,60.3,14.492000000000008,Warning
827,2026-05-21 20:01:34,22.95,6.89,5.54,69.14,26.21,60.3,14.492000000000008,Warning
828,2026-05-21 20:01:37,22.95,6.89,5.54,69.14,26.21,60.3,14.492000000000008,Warning
829,2026-05-21 20:01:40,22.95,6.89,5.54,69.14,26.21,60.3,14.492000000000008,Warning
830,2026-05-21 20:01:43,22.95,6.89,5.54,69.14,26.21,60.3,14.492000000000008,Warning
831,2026-05-21 20:01:46,22.95,6.89,5.54,69.14,26.21,60.3,14.492000000000008,Warning
832,2026-05-21 20:01:49,22.95,6.89,5.54,69.14,26.21,60.3,14.492000000000008,Warning
833,2026-05-21 20:01:52,22.95,6.89,5.54,69.14,26.21,60.3,14.492000000000008,Warning
834,2026-05-21 20:01:55,22.95,6.89,5.54,69.14,26.21,60.3,14.492000000000008,Warning
835,2026-05-21 20:01:58,22.95,6.89,5.54,69.14,26.21,60.3,14.492000000000008,Warning
836,2026-05-21 20:02:01,22.95,6.89,5.54,69.14,26.21,60.3,14.492000000000008,Warning
837,2026-05-21 20:02:04,22.95,6.89,5.54,69.14,26.21,60.3,14.492000000000008,Warning
838,2026-05-21 20:02:07,22.95,6.89,5.54,69.14,26.21,60.3,14.492000000000008,Warning
839,2026-05-21 20:02:10,22.95,6.89,5.54,69.14,26.21,60.3,14.492000000000008,Warning
840,2026-05-21 20:02:13,22.95,6.89,5.54,69.14,26.21,60.3,14.492000000000008,Warning
841,2026-05-21 20:02:16,22.95,6.89,5.54,69.14,26.21,60.3,14.492000000000008,Warning
842,2026-05-21 20:02:19,22.95,6.89,5.54,69.14,26.21,60.3,14.492000000000008,Warning
843,2026-05-21 20:02:22,22.95,6.89,5.54,69.14,26.21,60.3,14.492000000000008,Warning
844,2026-05-21 20:02:25,22.95,6.89,5.54,69.14,26.21,60.3,14.492000000000008,Warning
845,2026-05-21 20:02:28,22.95,6.89,5.54,69.14,26.21,60.3,14.492000000000008,Warning
846,2026-05-21 20:02:31,22.95,6.89,5.54,69.14,26.21,60.3,14.492000000000008,Warning
847,2026-05-21 20:02:34,22.95,6.89,5.54,69.14,26.21,60.3,14.492000000000008,Warning
848,2026-05-21 20:02:37,22.95,6.89,5.54,69.14,26.21,60.3,14.492000000000008,Warning
849,2026-05-21 20:02:40,22.95,6.89,5.54,69.14,26.21,60.3,14.492000000000008,Warning
850,2026-05-21 20:02:43,22.95,6.89,5.54,69.14,26.21,60.3,14.492000000000008,Warning
851,2026-05-21 20:02:46,22.95,6.89,5.54,69.14,26.21,60.3,14.492000000000008,Warning
852,2026-05-21 20:02:49,22.95,6.89,5.54,69.14,26.21,60.3,14.492000000000008,Warning
853,2026-05-21 20:02:52,22.95,6.89,5.54,69.14,26.21,60.3,14.492000000000008,Warning
854,2026-05-21 20:02:55,22.95,6.89,5.54,69.14,26.21,60.3,14.492000000000008,Warning
855,2026-05-21 20:02:58,22.95,6.89,5.54,69.14,26.21,60.3,14.492000000000008,Warning
856,2026-05-21 20:03:01,22.95,6.89,5.54,69.14,26.21,60.3,14.492000000000008,Warning
857,2026-05-21 20:03:04,22.95,6.89,5.54,69.14,26.21,60.3,14.492000000000008,Warning
858,2026-05-21 20:03:07,22.95,6.89,5.54,69.14,26.21,60.3,14.492000000000008,Warning
859,2026-05-21 20:03:10,22.95,6.89,5.54,69.14,26.21,60.3,14.492000000000008,Warning
860,2026-05-21 20:03:13,22.95,6.89,5.54,69.14,26.21,60.3,14.492000000000008,Warning
861,2026-05-21 20:03:16,22.95,6.89,5.54,69.14,26.21,60.3,14.492000000000008,Warning
862,2026-05-21 20:03:19,22.95,6.89,5.54,69.14,26.21,60.3,14.492000000000008,Warning
863,2026-05-21 20:03:22,22.95,6.89,5.54,69.14,26.21,60.3,14.492000000000008,Warning
864,2026-05-21 20:03:25,22.95,6.89,5.54,69.14,26.21,60.3,14.492000000000008,Warning
865,2026-05-21 20:03:28,22.95,6.89,5.54,69.14,26.21,60.3,14.492000000000008,Warning
866,2026-05-21 20:03:31,22.95,6.89,5.54,69.14,26.21,60.3,14.492000000000008,Warning
867,2026-05-21 20:03:34,22.95,6.89,5.54,69.14,26.21,60.3,14.492000000000008,Warning
868,2026-05-21 20:03:37,22.95,6.89,5.54,69.14,26.21,60.3,14.492000000000008,Warning
869,2026-05-21 20:03:40,22.95,6.89,5.54,69.14,26.21,60.3,14.492000000000008,Warning
870,2026-05-21 20:03:43,22.95,6.89,5.54,69.14,26.21,60.3,14.492000000000008,Warning
871,2026-05-21 20:03:46,22.95,6.89,5.54,69.14,26.21,60.3,14.492000000000008,Warning
872,2026-05-21 20:03:49,22.95,6.89,5.54,69.14,26.21,60.3,14.492000000000008,Warning
873,2026-05-21 20:03:52,22.95,6.89,5.54,69.14,26.21,60.3,14.492000000000008,Warning
874,2026-05-21 20:03:55,22.95,6.89,5.54,69.14,26.21,60.3,14.492000000000008,Warning
875,2026-05-21 20:03:58,22.95,6.89,5.54,69.14,26.21,60.3,14.492000000000008,Warning
876,2026-05-21 20:04:01,22.95,6.89,5.54,69.14,26.21,60.3,14.492000000000008,Warning
877,2026-05-21 20:04:04,22.95,6.89,5.54,69.14,26.21,60.3,14.492000000000008,Warning
878,2026-05-21 20:04:07,22.95,6.89,5.54,69.14,26.21,60.3,14.492000000000008,Warning
879,2026-05-21 20:04:10,22.95,6.89,5.54,69.14,26.21,60.3,14.492000000000008,Warning
880,2026-05-21 20:04:13,22.95,6.89,5.54,69.14,26.21,60.3,14.492000000000008,Warning
881,2026-05-21 20:04:16,22.95,6.89,5.54,69.14,26.21,60.3,14.492000000000008,Warning
882,2026-05-21 20:04:19,22.95,6.89,5.54,69.14,26.21,60.3,14.492000000000008,Warning
883,2026-05-21 20:04:22,22.95,6.89,5.54,69.14,26.21,60.3,14.492000000000008,Warning
884,2026-05-21 20:04:25,22.95,6.89,5.54,69.14,26.21,60.3,14.492000000000008,Warning
885,2026-05-21 20:04:28,22.95,6.89,5.54,69.14,26.21,60.3,14.492000000000008,Warning
886,2026-05-21 20:04:31,22.95,6.89,5.54,69.14,26.21,60.3,14.492000000000008,Warning
887,2026-05-21 20:04:34,22.95,6.89,5.54,69.14,26.21,60.3,14.492000000000008,Warning
888,2026-05-21 20:04:37,22.95,6.89,5.54,69.14,26.21,60.3,14.492000000000008,Warning
889,2026-05-21 20:04:40,22.95,6.89,5.54,69.14,26.21,60.3,14.492000000000008,Warning
890,2026-05-21 20:04:43,22.95,6.89,5.54,69.14,26.21,60.3,14.492000000000008,Warning
891,2026-05-21 20:04:46,22.95,6.89,5.54,69.14,26.21,60.3,14.492000000000008,Warning
892,2026-05-21 20:04:49,22.95,6.89,5.54,69.14,26.21,60.3,14.492000000000008,Warning
893,2026-05-21 20:04:52,22.95,6.89,5.54,69.14,26.21,60.3,14.492000000000008,Warning
894,2026-05-21 20:04:55,22.95,6.89,5.54,69.14,26.21,60.3,14.492000000000008,Warning
895,2026-05-21 20:04:58,22.95,6.89,5.54,69.14,26.21,60.3,14.492000000000008,Warning
896,2026-05-21 20:05:01,22.95,6.89,5.54,69.14,26.21,60.3,14.492000000000008,Warning
897,2026-05-21 20:05:04,22.95,6.89,5.54,69.14,26.21,60.3,14.492000000000008,Warning
898,2026-05-21 20:05:07,22.95,6.89,5.54,69.14,26.21,60.3,14.492000000000008,Warning
899,2026-05-21 20:05:10,22.95,6.89,5.54,69.14,26.21,60.3,14.492000000000008,Warning
900,2026-05-21 20:05:13,22.95,6.89,5.54,69.14,26.21,60.3,14.492000000000008,Warning
901,2026-05-21 20:05:16,22.95,6.89,5.54,69.14,26.21,60.3,14.492000000000008,Warning
902,2026-05-21 20:05:19,22.95,6.89,5.54,69.14,26.21,60.3,14.492000000000008,Warning
903,2026-05-21 20:05:22,22.95,6.89,5.54,69.14,26.21,60.3,14.492000000000008,Warning
904,2026-05-21 20:05:25,22.95,6.89,5.54,69.14,26.21,60.3,14.492000000000008,Warning
905,2026-05-21 20:05:28,22.95,6.89,5.54,69.14,26.21,60.3,14.492000000000008,Warning
906,2026-05-21 20:05:31,22.95,6.89,5.54,69.14,26.21,60.3,14.492000000000008,Warning
907,2026-05-21 20:05:34,22.95,6.89,5.54,69.14,26.21,60.3,14.492000000000008,Warning
908,2026-05-21 20:05:37,22.95,6.89,5.54,69.14,26.21,60.3,14.492000000000008,Warning
909,2026-05-21 20:05:40,22.95,6.89,5.54,69.14,26.21,60.3,14.492000000000008,Warning
910,2026-05-21 20:05:43,22.95,6.89,5.54,69.14,26.21,60.3,14.492000000000008,Warning
911,2026-05-21 20:05:46,22.95,6.89,5.54,69.14,26.21,60.3,14.492000000000008,Warning
912,2026-05-21 20:05:49,22.95,6.89,5.54,69.14,26.21,60.3,14.492000000000008,Warning
913,2026-05-21 20:05:52,22.95,6.89,5.54,69.14,26.21,60.3,14.492000000000008,Warning
914,2026-05-21 20:05:55,22.95,6.89,5.54,69.14,26.21,60.3,14.492000000000008,Warning
915,2026-05-21 20:05:58,22.95,6.89,5.54,69.14,26.21,60.3,14.492000000000008,Warning
916,2026-05-21 20:06:01,22.95,6.89,5.54,69.14,26.21,60.3,14.492000000000008,Warning
917,2026-05-21 20:06:04,22.95,6.89,5.54,69.14,26.21,60.3,14.492000000000008,Warning
918,2026-05-21 20:06:07,22.95,6.89,5.54,69.14,26.21,60.3,14.492000000000008,Warning
919,2026-05-21 20:06:10,22.95,6.89,5.54,69.14,26.21,60.3,14.492000000000008,Warning
920,2026-05-21 20:06:13,22.95,6.89,5.54,69.14,26.21,60.3,14.492000000000008,Warning
921,2026-05-21 20:06:16,22.95,6.89,5.54,69.14,26.21,60.3,14.492000000000008,Warning
922,2026-05-21 20:06:19,22.95,6.89,5.54,69.14,26.21,60.3,14.492000000000008,Warning
923,2026-05-21 20:06:22,22.95,6.89,5.54,69.14,26.21,60.3,14.492000000000008,Warning
924,2026-05-21 20:06:25,22.95,6.89,5.54,69.14,26.21,60.3,14.492000000000008,Warning
925,2026-05-21 20:06:28,22.95,6.89,5.54,69.14,26.21,60.3,14.492000000000008,Warning
926,2026-05-21 20:06:31,22.95,6.89,5.54,69.14,26.21,60.3,14.492000000000008,Warning
927,2026-05-21 20:06:34,22.95,6.89,5.54,69.14,26.21,60.3,14.492000000000008,Warning
928,2026-05-21 20:06:37,22.95,6.89,5.54,69.14,26.21,60.3,14.492000000000008,Warning
929,2026-05-21 20:06:40,22.95,6.89,5.54,69.14,26.21,60.3,14.492000000000008,Warning
930,2026-05-21 20:06:43,22.95,6.89,5.54,69.14,26.21,60.3,14.492000000000008,Warning
931,2026-05-21 20:06:46,22.95,6.89,5.54,69.14,26.21,60.3,14.492000000000008,Warning
932,2026-05-21 20:06:49,22.95,6.89,5.54,69.14,26.21,60.3,14.492000000000008,Warning
933,2026-05-21 20:06:52,22.95,6.89,5.54,69.14,26.21,60.3,14.492000000000008,Warning
934,2026-05-21 20:06:55,22.95,6.89,5.54,69.14,26.21,60.3,14.492000000000008,Warning
935,2026-05-21 20:06:58,22.95,6.89,5.54,69.14,26.21,60.3,14.492000000000008,Warning
936,2026-05-21 20:07:01,22.95,6.89,5.54,69.14,26.21,60.3,14.492000000000008,Warning
937,2026-05-21 20:07:04,22.95,6.89,5.54,69.14,26.21,60.3,14.492000000000008,Warning
938,2026-05-21 20:07:07,22.95,6.89,5.54,69.14,26.21,60.3,14.492000000000008,Warning
939,2026-05-21 20:07:10,22.95,6.89,5.54,69.14,26.21,60.3,14.492000000000008,Warning
940,2026-05-21 20:07:13,22.95,6.89,5.54,69.14,26.21,60.3,14.492000000000008,Warning
941,2026-05-21 20:07:16,22.95,6.89,5.54,69.14,26.21,60.3,14.492000000000008,Warning
942,2026-05-21 20:07:19,22.95,6.89,5.54,69.14,26.21,60.3,14.492000000000008,Warning
943,2026-05-21 20:07:22,22.95,6.89,5.54,69.14,26.21,60.3,14.492000000000008,Warning
944,2026-05-21 20:07:25,22.95,6.89,5.54,69.14,26.21,60.3,14.492000000000008,Warning
945,2026-05-21 20:07:28,22.95,6.89,5.54,69.14,26.21,60.3,14.492000000000008,Warning
946,2026-05-21 20:07:31,22.95,6.89,5.54,69.14,26.21,60.3,14.492000000000008,Warning
947,2026-05-21 20:07:34,22.95,6.89,5.54,69.14,26.21,60.3,14.492000000000008,Warning
948,2026-05-21 20:07:37,22.95,6.89,5.54,69.14,26.21,60.3,14.492000000000008,Warning
949,2026-05-21 20:07:40,22.95,6.89,5.54,69.14,26.21,60.3,14.492000000000008,Warning
950,2026-05-21 20:07:43,22.95,6.89,5.54,69.14,26.21,60.3,14.492000000000008,Warning
951,2026-05-21 20:07:46,22.95,6.89,5.54,69.14,26.21,60.3,14.492000000000008,Warning
952,2026-05-21 20:07:49,22.95,6.89,5.54,69.14,26.21,60.3,14.492000000000008,Warning
953,2026-05-21 20:07:52,22.95,6.89,5.54,69.14,26.21,60.3,14.492000000000008,Warning
954,2026-05-21 20:07:55,22.95,6.89,5.54,69.14,26.21,60.3,14.492000000000008,Warning
955,2026-05-21 20:07:58,22.95,6.89,5.54,69.14,26.21,60.3,14.492000000000008,Warning
956,2026-05-21 20:08:01,22.95,6.89,5.54,69.14,26.21,60.3,14.492000000000008,Warning
957,2026-05-21 20:08:04,22.95,6.89,5.54,69.14,26.21,60.3,14.492000000000008,Warning
958,2026-05-21 20:08:07,22.95,6.89,5.54,69.14,26.21,60.3,14.492000000000008,Warning
959,2026-05-21 20:08:10,22.95,6.89,5.54,69.14,26.21,60.3,14.492000000000008,Warning
960,2026-05-21 20:08:13,22.95,6.89,5.54,69.14,26.21,60.3,14.492000000000008,Warning
961,2026-05-21 20:08:16,22.95,6.89,5.54,69.14,26.21,60.3,14.492000000000008,Warning
962,2026-05-21 20:08:19,22.95,6.89,5.54,69.14,26.21,60.3,14.492000000000008,Warning
963,2026-05-21 20:08:23,22.95,6.89,5.54,69.14,26.21,60.3,14.492000000000008,Warning
964,2026-05-21 20:08:25,22.95,6.89,5.54,69.14,26.21,60.3,14.492000000000008,Warning
965,2026-05-21 20:08:28,22.95,6.89,5.54,69.14,26.21,60.3,14.492000000000008,Warning
966,2026-05-21 20:08:31,22.95,6.89,5.54,69.14,26.21,60.3,14.492000000000008,Warning
967,2026-05-21 20:08:34,22.95,6.89,5.54,69.14,26.21,60.3,14.492000000000008,Warning
968,2026-05-21 20:08:37,22.95,6.89,5.54,69.14,26.21,60.3,14.492000000000008,Warning
969,2026-05-21 20:08:40,22.95,6.89,5.54,69.14,26.21,60.3,14.492000000000008,Warning
970,2026-05-21 20:08:43,22.95,6.89,5.54,69.14,26.21,60.3,14.492000000000008,Warning
971,2026-05-21 20:08:46,22.95,6.89,5.54,69.14,26.21,60.3,14.492000000000008,Warning
972,2026-05-21 20:08:49,22.95,6.89,5.54,69.14,26.21,60.3,14.492000000000008,Warning
973,2026-05-21 20:08:52,22.95,6.89,5.54,69.14,26.21,60.3,14.492000000000008,Warning
974,2026-05-21 20:08:55,22.95,6.89,5.54,69.14,26.21,60.3,14.492000000000008,Warning
975,2026-05-21 20:08:58,22.95,6.89,5.54,69.14,26.21,60.3,14.492000000000008,Warning
976,2026-05-21 20:09:01,22.95,6.89,5.54,69.14,26.21,60.3,14.492000000000008,Warning
977,2026-05-21 20:09:04,22.95,6.89,5.54,69.14,26.21,60.3,14.492000000000008,Warning
978,2026-05-21 20:09:07,22.95,6.89,5.54,69.14,26.21,60.3,14.492000000000008,Warning
979,2026-05-21 20:09:10,22.95,6.89,5.54,69.14,26.21,60.3,14.492000000000008,Warning
980,2026-05-21 20:09:13,22.95,6.89,5.54,69.14,26.21,60.3,14.492000000000008,Warning
981,2026-05-21 20:09:16,22.95,6.89,5.54,69.14,26.21,60.3,14.492000000000008,Warning
982,2026-05-21 20:09:19,22.95,6.89,5.54,69.14,26.21,60.3,14.492000000000008,Warning
983,2026-05-21 20:09:22,22.95,6.89,5.54,69.14,26.21,60.3,14.492000000000008,Warning
984,2026-05-21 20:09:25,22.95,6.89,5.54,69.14,26.21,60.3,14.492000000000008,Warning
985,2026-05-21 20:09:28,22.95,6.89,5.54,69.14,26.21,60.3,14.492000000000008,Warning
986,2026-05-21 20:09:31,22.95,6.89,5.54,69.14,26.21,60.3,14.492000000000008,Warning
987,2026-05-21 20:09:34,22.95,6.89,5.54,69.14,26.21,60.3,14.492000000000008,Warning
988,2026-05-21 20:09:37,22.95,6.89,5.54,69.14,26.21,60.3,14.492000000000008,Warning
989,2026-05-21 20:09:40,22.95,6.89,5.54,69.14,26.21,60.3,14.492000000000008,Warning
990,2026-05-21 20:09:43,22.95,6.89,5.54,69.14,26.21,60.3,14.492000000000008,Warning
991,2026-05-21 20:09:46,22.95,6.89,5.54,69.14,26.21,60.3,14.492000000000008,Warning
992,2026-05-21 20:09:49,22.95,6.89,5.54,69.14,26.21,60.3,14.492000000000008,Warning
993,2026-05-21 20:09:52,22.95,6.89,5.54,69.14,26.21,60.3,14.492000000000008,Warning
994,2026-05-21 20:09:55,22.95,6.89,5.54,69.14,26.21,60.3,14.492000000000008,Warning
995,2026-05-21 20:09:58,22.95,6.89,5.54,69.14,26.21,60.3,14.492000000000008,Warning
996,2026-05-21 20:10:01,22.95,6.89,5.54,69.14,26.21,60.3,14.492000000000008,Warning
997,2026-05-21 20:10:04,22.95,6.89,5.54,69.14,26.21,60.3,14.492000000000008,Warning
998,2026-05-21 20:10:07,22.95,6.89,5.54,69.14,26.21,60.3,14.492000000000008,Warning
999,2026-05-21 20:10:10,22.95,6.89,5.54,69.14,26.21,60.3,14.492000000000008,Warning
1000,2026-05-21 20:10:13,22.95,6.89,5.54,69.14,26.21,60.3,14.492000000000008,Warning
1001,2026-05-21 20:10:16,22.95,6.89,5.54,69.14,26.21,60.3,14.492000000000008,Warning
1002,2026-05-21 20:10:19,22.95,6.89,5.54,69.14,26.21,60.3,14.492000000000008,Warning
1003,2026-05-21 20:10:22,22.95,6.89,5.54,69.14,26.21,60.3,14.492000000000008,Warning
1004,2026-05-21 20:10:25,22.95,6.89,5.54,69.14,26.21,60.3,14.492000000000008,Warning
1005,2026-05-21 20:10:28,22.95,6.89,5.54,69.14,26.21,60.3,14.492000000000008,Warning
1006,2026-05-21 20:10:31,22.95,6.89,5.54,69.14,26.21,60.3,14.492000000000008,Warning
1007,2026-05-21 20:10:34,22.95,6.89,5.54,69.14,26.21,60.3,14.492000000000008,Warning
1008,2026-05-21 20:10:37,22.95,6.89,5.54,69.14,26.21,60.3,14.492000000000008,Warning
1009,2026-05-21 20:10:40,22.95,6.89,5.54,69.14,26.21,60.3,14.492000000000008,Warning
1010,2026-05-21 20:10:43,22.95,6.89,5.54,69.14,26.21,60.3,14.492000000000008,Warning
1011,2026-05-21 20:10:46,22.95,6.89,5.54,69.14,26.21,60.3,14.492000000000008,Warning
1012,2026-05-21 20:10:49,22.95,6.89,5.54,69.14,26.21,60.3,14.492000000000008,Warning
1013,2026-05-21 20:10:52,22.95,6.89,5.54,69.14,26.21,60.3,14.492000000000008,Warning
1014,2026-05-21 20:10:55,22.95,6.89,5.54,69.14,26.21,60.3,14.492000000000008,Warning
1015,2026-05-21 20:10:58,22.95,6.89,5.54,69.14,26.21,60.3,14.492000000000008,Warning
1016,2026-05-21 20:11:01,22.95,6.89,5.54,69.14,26.21,60.3,14.492000000000008,Warning
1017,2026-05-21 20:11:04,22.95,6.89,5.54,69.14,26.21,60.3,14.492000000000008,Warning
1018,2026-05-21 20:11:07,22.95,6.89,5.54,69.14,26.21,60.3,14.492000000000008,Warning
1019,2026-05-21 20:11:10,22.95,6.89,5.54,69.14,26.21,60.3,14.492000000000008,Warning
1020,2026-05-21 20:11:13,22.95,6.89,5.54,69.14,26.21,60.3,14.492000000000008,Warning
1021,2026-05-21 20:11:16,22.95,6.89,5.54,69.14,26.21,60.3,14.492000000000008,Warning
1022,2026-05-21 20:11:19,22.95,6.89,5.54,69.14,26.21,60.3,14.492000000000008,Warning
1023,2026-05-21 20:11:22,22.95,6.89,5.54,69.14,26.21,60.3,14.492000000000008,Warning
1024,2026-05-21 20:11:25,22.95,6.89,5.54,69.14,26.21,60.3,14.492000000000008,Warning
1025,2026-05-21 20:11:28,22.95,6.89,5.54,69.14,26.21,60.3,14.492000000000008,Warning
1026,2026-05-21 20:11:31,22.95,6.89,5.54,69.14,26.21,60.3,14.492000000000008,Warning
1027,2026-05-21 20:11:34,22.95,6.89,5.54,69.14,26.21,60.3,14.492000000000008,Warning
1028,2026-05-21 20:11:37,22.95,6.89,5.54,69.14,26.21,60.3,14.492000000000008,Warning
1029,2026-05-21 20:11:40,22.95,6.89,5.54,69.14,26.21,60.3,14.492000000000008,Warning
1030,2026-05-21 20:11:43,22.95,6.89,5.54,69.14,26.21,60.3,14.492000000000008,Warning
1031,2026-05-21 20:11:46,22.95,6.89,5.54,69.14,26.21,60.3,14.492000000000008,Warning
1032,2026-05-21 20:11:49,22.95,6.89,5.54,69.14,26.21,60.3,14.492000000000008,Warning
1033,2026-05-21 20:11:53,22.95,6.89,5.54,69.14,26.21,60.3,14.492000000000008,Warning
1034,2026-05-21 20:11:55,22.95,6.89,5.54,69.14,26.21,60.3,14.492000000000008,Warning
1035,2026-05-21 20:11:58,22.95,6.89,5.54,69.14,26.21,60.3,14.492000000000008,Warning
1036,2026-05-21 20:12:01,22.95,6.89,5.54,69.14,26.21,60.3,14.492000000000008,Warning
1037,2026-05-21 20:12:04,22.95,6.89,5.54,69.14,26.21,60.3,14.492000000000008,Warning
1038,2026-05-21 20:12:07,22.95,6.89,5.54,69.14,26.21,60.3,14.492000000000008,Warning
1039,2026-05-21 20:12:10,22.95,6.89,5.54,69.14,26.21,60.3,14.492000000000008,Warning
1040,2026-05-21 20:12:13,22.95,6.89,5.54,69.14,26.21,60.3,14.492000000000008,Warning
1041,2026-05-21 20:12:16,22.95,6.89,5.54,69.14,26.21,60.3,14.492000000000008,Warning
1042,2026-05-21 20:12:19,22.95,6.89,5.54,69.14,26.21,60.3,14.492000000000008,Warning
1043,2026-05-21 20:12:22,22.95,6.89,5.54,69.14,26.21,60.3,14.492000000000008,Warning
1044,2026-05-21 20:12:25,22.95,6.89,5.54,69.14,26.21,60.3,14.492000000000008,Warning
1045,2026-05-21 20:12:28,22.95,6.89,5.54,69.14,26.21,60.3,14.492000000000008,Warning
1046,2026-05-21 20:12:31,22.95,6.89,5.54,69.14,26.21,60.3,14.492000000000008,Warning
1047,2026-05-21 20:12:34,22.95,6.89,5.54,69.14,26.21,60.3,14.492000000000008,Warning
1048,2026-05-21 20:12:37,22.95,6.89,5.54,69.14,26.21,60.3,14.492000000000008,Warning
1049,2026-05-21 20:12:40,22.95,6.89,5.54,69.14,26.21,60.3,14.492000000000008,Warning
1050,2026-05-21 20:12:43,22.95,6.89,5.54,69.14,26.21,60.3,14.492000000000008,Warning
1051,2026-05-21 20:12:46,22.95,6.89,5.54,69.14,26.21,60.3,14.492000000000008,Warning
1052,2026-05-21 20:12:49,22.95,6.89,5.54,69.14,26.21,60.3,14.492000000000008,Warning
1053,2026-05-21 20:12:52,22.95,6.89,5.54,69.14,26.21,60.3,14.492000000000008,Warning
1054,2026-05-21 20:12:55,22.95,6.89,5.54,69.14,26.21,60.3,14.492000000000008,Warning
1055,2026-05-21 20:12:58,22.95,6.89,5.54,69.14,26.21,60.3,14.492000000000008,Warning
1056,2026-05-21 20:13:01,22.95,6.89,5.54,69.14,26.21,60.3,14.492000000000008,Warning
1057,2026-05-21 20:13:04,22.95,6.89,5.54,69.14,26.21,60.3,14.492000000000008,Warning
1058,2026-05-21 20:13:07,22.95,6.89,5.54,69.14,26.21,60.3,14.492000000000008,Warning
1059,2026-05-21 20:13:10,22.95,6.89,5.54,69.14,26.21,60.3,14.492000000000008,Warning
1060,2026-05-21 20:13:13,22.95,6.89,5.54,69.14,26.21,60.3,14.492000000000008,Warning
1061,2026-05-21 20:13:16,22.95,6.89,5.54,69.14,26.21,60.3,14.492000000000008,Warning
1062,2026-05-21 20:13:19,22.95,6.89,5.54,69.14,26.21,60.3,14.492000000000008,Warning
1063,2026-05-21 20:13:22,22.95,6.89,5.54,69.14,26.21,60.3,14.492000000000008,Warning
1064,2026-05-21 20:13:25,22.95,6.89,5.54,69.14,26.21,60.3,14.492000000000008,Warning
1065,2026-05-21 20:13:28,22.95,6.89,5.54,69.14,26.21,60.3,14.492000000000008,Warning
1066,2026-05-21 20:13:31,22.95,6.89,5.54,69.14,26.21,60.3,14.492000000000008,Warning
1067,2026-05-21 20:13:34,22.95,6.89,5.54,69.14,26.21,60.3,14.492000000000008,Warning
1068,2026-05-21 20:13:37,22.95,6.89,5.54,69.14,26.21,60.3,14.492000000000008,Warning
1069,2026-05-21 20:13:44,22.95,6.89,5.54,69.14,26.21,60.3,14.492000000000008,Warning
1070,2026-05-21 20:13:46,22.95,6.89,5.54,69.14,26.21,60.3,14.492000000000008,Warning
1071,2026-05-21 20:13:50,22.95,6.89,5.54,69.14,26.21,60.3,14.492000000000008,Warning
1072,2026-05-21 20:13:52,22.95,6.89,5.54,69.14,26.21,60.3,14.492000000000008,Warning
1073,2026-05-21 20:13:52,22.95,6.89,5.54,69.14,26.21,60.3,14.492000000000008,Warning
1074,2026-05-21 20:13:55,22.95,6.89,5.54,69.14,26.21,60.3,14.492000000000008,Warning
1075,2026-05-21 20:13:59,22.95,6.89,5.54,69.14,26.21,60.3,14.492000000000008,Warning
1076,2026-05-21 20:14:01,22.95,6.89,5.54,69.14,26.21,60.3,14.492000000000008,Warning
1077,2026-05-21 20:14:04,22.95,6.89,5.54,69.14,26.21,60.3,14.492000000000008,Warning
1078,2026-05-21 20:14:07,22.95,6.89,5.54,69.14,26.21,60.3,14.492000000000008,Warning
1079,2026-05-21 20:14:10,22.95,6.89,5.54,69.14,26.21,60.3,14.492000000000008,Warning
1080,2026-05-21 20:14:13,22.95,6.89,5.54,69.14,26.21,60.3,14.492000000000008,Warning
1081,2026-05-21 20:14:16,22.95,6.89,5.54,69.14,26.21,60.3,14.492000000000008,Warning
1082,2026-05-21 20:14:20,22.95,6.89,5.54,69.14,26.21,60.3,14.492000000000008,Warning
1083,2026-05-21 20:14:23,22.95,6.89,5.54,69.14,26.21,60.3,14.492000000000008,Warning
1084,2026-05-21 20:14:25,22.95,6.89,5.54,69.14,26.21,60.3,14.492000000000008,Warning
1085,2026-05-21 20:14:28,22.95,6.89,5.54,69.14,26.21,60.3,14.492000000000008,Warning
1086,2026-05-21 20:14:31,22.95,6.89,5.54,69.14,26.21,60.3,14.492000000000008,Warning
1087,2026-05-21 20:14:34,22.95,6.89,5.54,69.14,26.21,60.3,14.492000000000008,Warning
1088,2026-05-21 20:14:39,22.95,6.89,5.54,69.14,26.21,60.3,14.492000000000008,Warning
1089,2026-05-21 20:14:42,22.95,6.89,5.54,69.14,26.21,60.3,14.492000000000008,Warning
1090,2026-05-21 20:14:45,22.95,6.89,5.54,69.14,26.21,60.3,14.492000000000008,Warning
1091,2026-05-21 20:14:48,22.95,6.89,5.54,69.14,26.21,60.3,14.492000000000008,Warning
1092,2026-05-21 20:14:51,22.95,6.89,5.54,69.14,26.21,60.3,14.492000000000008,Warning
1093,2026-05-21 20:14:54,22.95,6.89,5.54,69.14,26.21,60.3,14.492000000000008,Warning
1094,2026-05-21 20:14:57,22.95,6.89,5.54,69.14,26.21,60.3,14.492000000000008,Warning
1095,2026-05-21 20:15:00,22.95,6.89,5.54,69.14,26.21,60.3,14.492000000000008,Warning
1096,2026-05-21 20:15:03,22.95,6.89,5.54,69.14,26.21,60.3,14.492000000000008,Warning
1097,2026-05-21 20:15:06,22.95,6.89,5.54,69.14,26.21,60.3,14.492000000000008,Warning
1098,2026-05-21 20:15:09,22.95,6.89,5.54,69.14,26.21,60.3,14.492000000000008,Warning
1099,2026-05-21 20:15:12,22.95,6.89,5.54,69.14,26.21,60.3,14.492000000000008,Warning
1100,2026-05-21 20:15:15,22.95,6.89,5.54,69.14,26.21,60.3,14.492000000000008,Warning
1101,2026-05-21 20:15:18,22.95,6.89,5.54,69.14,26.21,60.3,14.492000000000008,Warning
1102,2026-05-21 20:15:21,22.95,6.89,5.54,69.14,26.21,60.3,14.492000000000008,Warning
1103,2026-05-21 20:15:24,22.95,6.89,5.54,69.14,26.21,60.3,14.492000000000008,Warning
1104,2026-05-21 20:15:27,22.95,6.89,5.54,69.14,26.21,60.3,14.492000000000008,Warning
1105,2026-05-21 20:15:30,22.95,6.89,5.54,69.14,26.21,60.3,14.492000000000008,Warning
1106,2026-05-21 20:15:33,22.95,6.89,5.54,69.14,26.21,60.3,14.492000000000008,Warning
1107,2026-05-21 20:15:36,22.95,6.89,5.54,69.14,26.21,60.3,14.492000000000008,Warning
1108,2026-05-21 20:16:30,22.95,6.89,5.54,69.14,26.21,60.3,14.492000000000008,Warning
1109,2026-05-21 20:16:31,22.95,6.89,5.54,69.14,26.21,60.3,14.492000000000008,Warning
1110,2026-05-21 20:16:31,22.95,6.89,5.54,69.14,26.21,60.3,14.492000000000008,Warning
1111,2026-05-21 20:16:33,22.95,6.89,5.54,69.14,26.21,60.3,14.492000000000008,Warning
1112,2026-05-21 20:16:36,22.95,6.89,5.54,69.14,26.21,60.3,14.492000000000008,Warning
1113,2026-05-21 20:16:39,22.95,6.89,5.54,69.14,26.21,60.3,14.492000000000008,Warning
1114,2026-05-21 20:16:42,22.95,6.89,5.54,69.14,26.21,60.3,14.492000000000008,Warning
1115,2026-05-21 20:16:45,22.95,6.89,5.54,69.14,26.21,60.3,14.492000000000008,Warning
1116,2026-05-21 20:16:48,22.95,6.89,5.54,69.14,26.21,60.3,14.492000000000008,Warning
1117,2026-05-21 20:16:52,22.95,6.89,5.54,69.14,26.21,60.3,14.492000000000008,Warning
1118,2026-05-21 20:16:55,22.95,6.89,5.54,69.14,26.21,60.3,14.492000000000008,Warning
1119,2026-05-21 20:16:59,22.95,6.89,5.54,69.14,26.21,60.3,14.492000000000008,Warning
1120,2026-05-21 20:17:01,22.95,6.89,5.54,69.14,26.21,60.3,14.492000000000008,Warning
1121,2026-05-21 20:17:04,22.95,6.89,5.54,69.14,26.21,60.3,14.492000000000008,Warning
1122,2026-05-21 20:17:06,22.95,6.89,5.54,69.14,26.21,60.3,14.492000000000008,Warning
1123,2026-05-21 20:17:09,22.95,6.89,5.54,69.14,26.21,60.3,14.492000000000008,Warning
1124,2026-05-21 20:17:12,22.95,6.89,5.54,69.14,26.21,60.3,14.492000000000008,Warning
1125,2026-05-21 20:17:15,22.95,6.89,5.54,69.14,26.21,60.3,14.492000000000008,Warning
1126,2026-05-21 20:17:18,22.95,6.89,5.54,69.14,26.21,60.3,14.492000000000008,Warning
1127,2026-05-21 20:17:21,22.95,6.89,5.54,69.14,26.21,60.3,14.492000000000008,Warning
1128,2026-05-21 20:17:24,22.95,6.89,5.54,69.14,26.21,60.3,14.492000000000008,Warning
1129,2026-05-21 20:17:27,22.95,6.89,5.54,69.14,26.21,60.3,14.492000000000008,Warning
1130,2026-05-21 20:17:30,22.95,6.89,5.54,69.14,26.21,60.3,14.492000000000008,Warning
1131,2026-05-21 20:17:33,22.95,6.89,5.54,69.14,26.21,60.3,14.492000000000008,Warning
1132,2026-05-21 20:17:37,22.95,6.89,5.54,69.14,26.21,60.3,14.492000000000008,Warning
1133,2026-05-21 20:17:39,22.95,6.89,5.54,69.14,26.21,60.3,14.492000000000008,Warning
1134,2026-05-21 20:17:42,22.95,6.89,5.54,69.14,26.21,60.3,14.492000000000008,Warning
1135,2026-05-21 20:17:45,22.95,6.89,5.54,69.14,26.21,60.3,14.492000000000008,Warning
1136,2026-05-21 20:17:48,22.95,6.89,5.54,69.14,26.21,60.3,14.492000000000008,Warning
1137,2026-05-21 20:17:51,22.95,6.89,5.54,69.14,26.21,60.3,14.492000000000008,Warning
1138,2026-05-21 20:17:54,22.95,6.89,5.54,69.14,26.21,60.3,14.492000000000008,Warning
1139,2026-05-21 20:17:57,22.95,6.89,5.54,69.14,26.21,60.3,14.492000000000008,Warning
1140,2026-05-21 20:18:00,22.95,6.89,5.54,69.14,26.21,60.3,14.492000000000008,Warning
1141,2026-05-21 20:18:03,22.95,6.89,5.54,69.14,26.21,60.3,14.492000000000008,Warning
1142,2026-05-21 20:18:06,22.95,6.89,5.54,69.14,26.21,60.3,14.492000000000008,Warning
1143,2026-05-21 20:18:10,22.95,6.89,5.54,69.14,26.21,60.3,14.492000000000008,Warning
1144,2026-05-21 20:18:12,22.95,6.89,5.54,69.14,26.21,60.3,14.492000000000008,Warning
1145,2026-05-21 20:18:15,22.95,6.89,5.54,69.14,26.21,60.3,14.492000000000008,Warning
1146,2026-05-21 20:18:18,22.95,6.89,5.54,69.14,26.21,60.3,14.492000000000008,Warning
1147,2026-05-21 20:18:21,22.95,6.89,5.54,69.14,26.21,60.3,14.492000000000008,Warning
1148,2026-05-21 20:18:24,22.95,6.89,5.54,69.14,26.21,60.3,14.492000000000008,Warning
1149,2026-05-21 20:18:27,22.95,6.89,5.54,69.14,26.21,60.3,14.492000000000008,Warning
1150,2026-05-21 20:18:30,22.95,6.89,5.54,69.14,26.21,60.3,14.492000000000008,Warning
1151,2026-05-21 20:18:33,22.95,6.89,5.54,69.14,26.21,60.3,14.492000000000008,Warning
1152,2026-05-21 20:18:36,22.95,6.89,5.54,69.14,26.21,60.3,14.492000000000008,Warning
1153,2026-05-21 20:18:39,22.95,6.89,5.54,69.14,26.21,60.3,14.492000000000008,Warning
1154,2026-05-21 20:18:42,22.95,6.89,5.54,69.14,26.21,60.3,14.492000000000008,Warning
1155,2026-05-21 20:18:45,22.95,6.89,5.54,69.14,26.21,60.3,14.492000000000008,Warning
1156,2026-05-21 20:18:48,22.95,6.89,5.54,69.14,26.21,60.3,14.492000000000008,Warning
1157,2026-05-21 20:18:51,22.95,6.89,5.54,69.14,26.21,60.3,14.492000000000008,Warning
1158,2026-05-21 20:18:54,22.95,6.89,5.54,69.14,26.21,60.3,14.492000000000008,Warning
1159,2026-05-21 20:18:57,22.95,6.89,5.54,69.14,26.21,60.3,14.492000000000008,Warning
1160,2026-05-21 20:19:00,22.95,6.89,5.54,69.14,26.21,60.3,14.492000000000008,Warning
1161,2026-05-21 20:19:03,22.95,6.89,5.54,69.14,26.21,60.3,14.492000000000008,Warning
1162,2026-05-21 20:19:06,22.95,6.89,5.54,69.14,26.21,60.3,14.492000000000008,Warning
1163,2026-05-21 20:19:09,22.95,6.89,5.54,69.14,26.21,60.3,14.492000000000008,Warning
1164,2026-05-21 20:19:12,22.95,6.89,5.54,69.14,26.21,60.3,14.492000000000008,Warning
1165,2026-05-21 20:19:15,22.95,6.89,5.54,69.14,26.21,60.3,14.492000000000008,Warning
1166,2026-05-21 20:19:18,22.95,6.89,5.54,69.14,26.21,60.3,14.492000000000008,Warning
1167,2026-05-21 20:19:21,22.95,6.89,5.54,69.14,26.21,60.3,14.492000000000008,Warning
1168,2026-05-21 20:19:24,22.95,6.89,5.54,69.14,26.21,60.3,14.492000000000008,Warning
1169,2026-05-21 20:19:27,22.95,6.89,5.54,69.14,26.21,60.3,14.492000000000008,Warning
1170,2026-05-21 20:19:30,22.95,6.89,5.54,69.14,26.21,60.3,14.492000000000008,Warning
1171,2026-05-21 20:19:33,22.95,6.89,5.54,69.14,26.21,60.3,14.492000000000008,Warning
1172,2026-05-21 20:19:36,22.95,6.89,5.54,69.14,26.21,60.3,14.492000000000008,Warning
1173,2026-05-21 20:19:39,22.95,6.89,5.54,69.14,26.21,60.3,14.492000000000008,Warning
1174,2026-05-21 20:19:42,22.95,6.89,5.54,69.14,26.21,60.3,14.492000000000008,Warning
1175,2026-05-21 20:19:45,22.95,6.89,5.54,69.14,26.21,60.3,14.492000000000008,Warning
1176,2026-05-21 20:19:48,22.95,6.89,5.54,69.14,26.21,60.3,14.492000000000008,Warning
1177,2026-05-21 20:19:51,22.95,6.89,5.54,69.14,26.21,60.3,14.492000000000008,Warning
1178,2026-05-21 20:19:55,22.95,6.89,5.54,69.14,26.21,60.3,14.492000000000008,Warning
1179,2026-05-21 20:19:57,22.95,6.89,5.54,69.14,26.21,60.3,14.492000000000008,Warning
1180,2026-05-21 20:20:00,22.95,6.89,5.54,69.14,26.21,60.3,14.492000000000008,Warning
1181,2026-05-21 20:20:03,22.95,6.89,5.54,69.14,26.21,60.3,14.492000000000008,Warning
1182,2026-05-21 20:20:06,22.95,6.89,5.54,69.14,26.21,60.3,14.492000000000008,Warning
1183,2026-05-21 20:20:10,22.95,6.89,5.54,69.14,26.21,60.3,14.492000000000008,Warning
1184,2026-05-21 20:20:12,22.95,6.89,5.54,69.14,26.21,60.3,14.492000000000008,Warning
1185,2026-05-21 20:20:15,22.95,6.89,5.54,69.14,26.21,60.3,14.492000000000008,Warning
1186,2026-05-21 20:20:18,22.95,6.89,5.54,69.14,26.21,60.3,14.492000000000008,Warning
1187,2026-05-21 20:20:21,22.95,6.89,5.54,69.14,26.21,60.3,14.492000000000008,Warning
1188,2026-05-21 20:20:24,22.95,6.89,5.54,69.14,26.21,60.3,14.492000000000008,Warning
1189,2026-05-21 20:20:27,22.95,6.89,5.54,69.14,26.21,60.3,14.492000000000008,Warning
1190,2026-05-21 20:20:30,22.95,6.89,5.54,69.14,26.21,60.3,14.492000000000008,Warning
1191,2026-05-21 20:20:33,22.95,6.89,5.54,69.14,26.21,60.3,14.492000000000008,Warning
1192,2026-05-21 20:20:36,22.95,6.89,5.54,69.14,26.21,60.3,14.492000000000008,Warning
1193,2026-05-21 20:20:39,22.95,6.89,5.54,69.14,26.21,60.3,14.492000000000008,Warning
1194,2026-05-21 20:20:42,22.95,6.89,5.54,69.14,26.21,60.3,14.492000000000008,Warning
1195,2026-05-21 20:20:45,22.95,6.89,5.54,69.14,26.21,60.3,14.492000000000008,Warning
1196,2026-05-21 20:20:48,22.95,6.89,5.54,69.14,26.21,60.3,14.492000000000008,Warning
1197,2026-05-21 20:20:51,22.95,6.89,5.54,69.14,26.21,60.3,14.492000000000008,Warning
1198,2026-05-21 20:20:54,22.95,6.89,5.54,69.14,26.21,60.3,14.492000000000008,Warning
1199,2026-05-21 20:20:57,22.95,6.89,5.54,69.14,26.21,60.3,14.492000000000008,Warning
1200,2026-05-21 20:21:00,22.95,6.89,5.54,69.14,26.21,60.3,14.492000000000008,Warning
1201,2026-05-21 20:21:03,22.95,6.89,5.54,69.14,26.21,60.3,14.492000000000008,Warning
1202,2026-05-21 20:21:06,22.95,6.89,5.54,69.14,26.21,60.3,14.492000000000008,Warning
1203,2026-05-21 20:21:09,22.95,6.89,5.54,69.14,26.21,60.3,14.492000000000008,Warning
1204,2026-05-21 20:21:12,22.95,6.89,5.54,69.14,26.21,60.3,14.492000000000008,Warning
1205,2026-05-21 20:21:15,22.95,6.89,5.54,69.14,26.21,60.3,14.492000000000008,Warning
1206,2026-05-21 20:21:18,22.95,6.89,5.54,69.14,26.21,60.3,14.492000000000008,Warning
1207,2026-05-21 20:21:21,22.95,6.89,5.54,69.14,26.21,60.3,14.492000000000008,Warning
1208,2026-05-21 20:21:24,22.95,6.89,5.54,69.14,26.21,60.3,14.492000000000008,Warning
1209,2026-05-21 20:21:27,22.95,6.89,5.54,69.14,26.21,60.3,14.492000000000008,Warning
1210,2026-05-21 20:21:31,22.95,6.89,5.54,69.14,26.21,60.3,14.492000000000008,Warning
1211,2026-05-21 20:21:33,22.95,6.89,5.54,69.14,26.21,60.3,14.492000000000008,Warning
1212,2026-05-21 20:21:36,22.95,6.89,5.54,69.14,26.21,60.3,14.492000000000008,Warning
1213,2026-05-21 20:21:39,22.95,6.89,5.54,69.14,26.21,60.3,14.492000000000008,Warning
1214,2026-05-21 20:21:42,22.95,6.89,5.54,69.14,26.21,60.3,14.492000000000008,Warning
1215,2026-05-21 20:21:45,22.95,6.89,5.54,69.14,26.21,60.3,14.492000000000008,Warning
1216,2026-05-21 20:21:48,22.95,6.89,5.54,69.14,26.21,60.3,14.492000000000008,Warning
1217,2026-05-21 20:21:51,22.95,6.89,5.54,69.14,26.21,60.3,14.492000000000008,Warning
1218,2026-05-21 20:21:54,22.95,6.89,5.54,69.14,26.21,60.3,14.492000000000008,Warning
1219,2026-05-21 20:21:57,22.95,6.89,5.54,69.14,26.21,60.3,14.492000000000008,Warning
1220,2026-05-21 20:22:00,22.95,6.89,5.54,69.14,26.21,60.3,14.492000000000008,Warning
1221,2026-05-21 20:22:03,22.95,6.89,5.54,69.14,26.21,60.3,14.492000000000008,Warning
1222,2026-05-21 20:22:06,22.95,6.89,5.54,69.14,26.21,60.3,14.492000000000008,Warning
1223,2026-05-21 20:22:09,22.95,6.89,5.54,69.14,26.21,60.3,14.492000000000008,Warning
1224,2026-05-21 20:22:12,22.95,6.89,5.54,69.14,26.21,60.3,14.492000000000008,Warning
1225,2026-05-21 20:22:15,22.95,6.89,5.54,69.14,26.21,60.3,14.492000000000008,Warning
1226,2026-05-21 20:22:18,22.95,6.89,5.54,69.14,26.21,60.3,14.492000000000008,Warning
1227,2026-05-21 20:22:21,22.95,6.89,5.54,69.14,26.21,60.3,14.492000000000008,Warning
1228,2026-05-21 20:22:24,22.95,6.89,5.54,69.14,26.21,60.3,14.492000000000008,Warning
1229,2026-05-21 20:22:27,22.95,6.89,5.54,69.14,26.21,60.3,14.492000000000008,Warning
1230,2026-05-21 20:22:30,22.95,6.89,5.54,69.14,26.21,60.3,14.492000000000008,Warning
1231,2026-05-21 20:22:33,22.95,6.89,5.54,69.14,26.21,60.3,14.492000000000008,Warning
1232,2026-05-21 20:22:36,22.95,6.89,5.54,69.14,26.21,60.3,14.492000000000008,Warning
1233,2026-05-21 20:22:39,22.95,6.89,5.54,69.14,26.21,60.3,14.492000000000008,Warning
1234,2026-05-21 20:22:42,22.95,6.89,5.54,69.14,26.21,60.3,14.492000000000008,Warning
1235,2026-05-21 20:22:45,22.95,6.89,5.54,69.14,26.21,60.3,14.492000000000008,Warning
1236,2026-05-21 20:22:48,22.95,6.89,5.54,69.14,26.21,60.3,14.492000000000008,Warning
1237,2026-05-21 20:22:51,22.95,6.89,5.54,69.14,26.21,60.3,14.492000000000008,Warning
1238,2026-05-21 20:22:54,22.95,6.89,5.54,69.14,26.21,60.3,14.492000000000008,Warning
1239,2026-05-21 20:22:57,22.95,6.89,5.54,69.14,26.21,60.3,14.492000000000008,Warning
1240,2026-05-21 20:23:00,22.95,6.89,5.54,69.14,26.21,60.3,14.492000000000008,Warning
1241,2026-05-21 20:23:03,22.95,6.89,5.54,69.14,26.21,60.3,14.492000000000008,Warning
1242,2026-05-21 20:23:06,22.95,6.89,5.54,69.14,26.21,60.3,14.492000000000008,Warning
1243,2026-05-21 20:23:09,22.95,6.89,5.54,69.14,26.21,60.3,14.492000000000008,Warning
1244,2026-05-21 20:23:12,22.95,6.89,5.54,69.14,26.21,60.3,14.492000000000008,Warning
1245,2026-05-21 20:23:15,22.95,6.89,5.54,69.14,26.21,60.3,14.492000000000008,Warning
1246,2026-05-21 20:23:18,22.95,6.89,5.54,69.14,26.21,60.3,14.492000000000008,Warning
1247,2026-05-21 20:23:21,22.95,6.89,5.54,69.14,26.21,60.3,14.492000000000008,Warning
1248,2026-05-21 20:23:24,22.95,6.89,5.54,69.14,26.21,60.3,14.492000000000008,Warning
1249,2026-05-21 20:23:27,22.95,6.89,5.54,69.14,26.21,60.3,14.492000000000008,Warning
1250,2026-05-21 20:23:30,22.95,6.89,5.54,69.14,26.21,60.3,14.492000000000008,Warning
1251,2026-05-21 20:23:33,22.95,6.89,5.54,69.14,26.21,60.3,14.492000000000008,Warning
1252,2026-05-21 20:23:36,22.95,6.89,5.54,69.14,26.21,60.3,14.492000000000008,Warning
1253,2026-05-21 20:23:39,22.95,6.89,5.54,69.14,26.21,60.3,14.492000000000008,Warning
1254,2026-05-21 20:23:42,22.95,6.89,5.54,69.14,26.21,60.3,14.492000000000008,Warning
1255,2026-05-21 20:23:45,22.95,6.89,5.54,69.14,26.21,60.3,14.492000000000008,Warning
1256,2026-05-21 20:23:48,22.95,6.89,5.54,69.14,26.21,60.3,14.492000000000008,Warning
1257,2026-05-21 20:23:51,22.95,6.89,5.54,69.14,26.21,60.3,14.492000000000008,Warning
1258,2026-05-21 20:23:54,25.52,6.89,5.54,69.14,26.21,60.3,9.352000000000006,Healthy
1259,2026-05-21 20:23:57,24.76,6.89,5.54,69.14,26.21,60.3,10.872000000000003,Warning
1260,2026-05-21 20:24:00,25.0,6.89,5.54,69.14,26.21,60.3,10.392000000000005,Warning
1261,2026-05-21 20:24:03,26.38,6.89,5.54,69.14,26.21,60.3,7.632000000000007,Healthy
1262,2026-05-21 20:24:06,28.22,6.89,5.54,69.14,26.21,60.3,4.8320000000000025,Healthy
1263,2026-05-21 20:24:09,29.08,6.89,5.54,69.14,26.21,60.3,6.552000000000001,Healthy
1264,2026-05-21 20:24:12,25.17,6.89,5.54,69.14,26.21,60.3,10.052000000000001,Warning
1265,2026-05-21 20:24:14,27.47,6.89,5.54,69.14,26.21,60.3,5.452000000000007,Healthy
1266,2026-05-21 20:24:18,28.7,6.89,5.54,69.14,26.21,60.3,5.792000000000003,Healthy
1267,2026-05-21 20:24:19,24.24,6.89,5.54,69.14,26.21,60.3,11.91200000000001,Warning
1268,2026-05-21 20:24:23,27.2,6.89,5.54,69.14,26.21,60.3,5.992000000000006,Healthy
1269,2026-05-21 20:24:26,25.66,6.89,5.54,69.14,26.21,60.3,9.072000000000005,Healthy
1270,2026-05-21 20:24:29,25.97,6.89,5.54,69.14,26.21,60.3,8.452000000000007,Healthy
1271,2026-05-21 20:24:32,29.34,6.89,5.54,69.14,26.21,60.3,7.0720000000000045,Healthy
1272,2026-05-21 20:24:35,29.46,6.89,5.54,69.14,26.21,60.3,7.3120000000000065,Healthy
1273,2026-05-21 20:24:38,25.12,6.89,5.54,69.14,26.21,60.3,10.152000000000003,Warning
1274,2026-05-21 20:24:41,25.05,6.89,5.54,69.14,26.21,60.3,10.292000000000003,Warning
1275,2026-05-21 20:24:44,26.49,6.89,5.54,69.14,26.21,60.3,7.412000000000008,Healthy
1276,2026-05-21 20:24:47,28.0,6.89,5.54,69.14,26.21,60.3,4.392000000000005,Healthy
1277,2026-05-21 20:24:50,28.5,6.89,5.54,69.14,26.21,60.3,5.392000000000005,Healthy
1278,2026-05-21 20:24:54,28.17,6.89,5.54,69.14,26.21,60.3,4.732000000000008,Healthy
1279,2026-05-21 20:24:56,28.09,6.89,5.54,69.14,26.21,60.3,4.5720000000000045,Healthy
1280,2026-05-21 20:24:59,28.05,6.89,5.54,69.14,26.21,60.3,4.492000000000006,Healthy
1281,2026-05-21 20:25:02,28.11,6.89,5.54,69.14,26.21,60.3,4.612000000000004,Healthy
1282,2026-05-21 20:25:05,24.58,6.89,5.54,69.14,26.21,60.3,11.23200000000001,Warning
1283,2026-05-21 20:25:08,25.88,6.89,5.54,69.14,26.21,60.3,8.632000000000007,Healthy
1284,2026-05-21 20:25:11,25.35,6.89,5.54,69.14,26.21,60.3,9.692000000000002,Healthy
1285,2026-05-21 20:25:14,24.09,6.89,5.54,69.14,26.21,60.3,12.212000000000007,Warning
1286,2026-05-21 20:25:17,25.3,6.89,5.54,69.14,26.21,60.3,9.792000000000003,Healthy
1287,2026-05-21 20:25:20,24.07,6.89,5.54,69.14,26.21,60.3,12.252000000000006,Warning
1288,2026-05-21 20:25:23,27.88,6.89,5.54,69.14,26.21,60.3,4.632000000000007,Healthy
1289,2026-05-21 20:25:26,28.69,6.89,5.54,69.14,26.21,60.3,5.772000000000007,Healthy
1290,2026-05-21 20:25:30,28.3,6.89,5.54,69.14,26.21,60.3,4.992000000000006,Healthy
1291,2026-05-21 20:25:32,29.39,6.89,5.54,69.14,26.21,60.3,7.172000000000006,Healthy
1292,2026-05-21 20:25:36,26.2,6.89,5.54,69.14,26.21,60.3,7.992000000000006,Healthy
1293,2026-05-21 20:25:38,29.8,6.89,5.54,69.14,26.21,60.3,7.992000000000006,Healthy
1294,2026-05-21 20:25:41,26.85,6.89,5.54,69.14,26.21,60.3,6.692000000000002,Healthy
1295,2026-05-21 20:25:44,29.49,6.89,5.54,69.14,26.21,60.3,7.372000000000002,Healthy
1296,2026-05-21 20:25:47,27.5,6.89,5.54,69.14,26.21,60.3,5.392000000000005,Healthy
1297,2026-05-21 20:25:50,26.78,6.89,5.54,69.14,26.21,60.3,6.8320000000000025,Healthy
1298,2026-05-21 20:25:53,27.57,6.89,5.54,69.14,26.21,60.3,5.252000000000004,Healthy
1299,2026-05-21 20:25:56,25.66,6.89,5.54,69.14,26.21,60.3,9.072000000000005,Healthy
1300,2026-05-21 20:26:26,26.54,6.89,5.54,69.14,26.21,60.3,7.3120000000000065,Healthy
1301,2026-05-21 20:26:29,29.15,6.89,5.54,69.14,26.21,60.3,6.692000000000002,Healthy
1302,2026-05-21 20:26:32,26.49,6.89,5.54,69.14,26.21,60.3,7.412000000000008,Healthy
1303,2026-05-21 20:26:35,29.4,6.89,5.54,69.14,26.21,60.3,7.192000000000002,Healthy
1304,2026-05-21 20:26:38,29.93,7.1,6.88,67.18,28.05,57.4,7.513999999999996,Healthy
1305,2026-05-21 20:26:41,26.41,7.1,6.88,67.18,28.05,57.4,6.833999999999996,Healthy
1306,2026-05-21 20:26:44,28.57,6.91,8.55,66.66,28.48,91.57,4.487999999999998,Healthy
1307,2026-05-21 20:26:47,29.42,6.91,8.55,66.66,28.48,91.57,6.188000000000001,Healthy
1308,2026-05-21 20:26:50,25.12,7.45,8.91,47.57,34.54,70.61,16.239,Warning
1309,2026-05-21 20:26:53,29.34,7.45,8.91,47.57,34.54,70.61,13.159000000000002,Warning
1310,2026-05-21 20:26:56,24.2,7.35,8.59,41.66,28.81,65.26,18.351999999999997,Warning
1311,2026-05-21 20:26:59,27.28,7.35,8.59,41.66,28.81,65.26,12.191999999999993,Warning
1312,2026-05-21 20:27:02,26.17,7.28,6.27,65.29,31.9,66.73,9.447000000000003,Healthy
1313,2026-05-21 20:27:05,26.74,7.28,6.27,65.29,31.9,66.73,8.30700000000001,Healthy
1314,2026-05-21 20:27:08,24.6,7.03,6.3,53.38,29.56,89.12,9.236,Healthy
1315,2026-05-21 20:27:09,24.6,7.03,6.3,53.38,29.56,89.12,9.236,Healthy
1316,2026-05-21 20:27:14,24.48,6.95,7.99,51.87,29.64,61.97,10.228999999999997,Warning
1317,2026-05-21 20:27:17,28.11,6.52,5.36,46.71,34.55,66.86,11.407000000000005,Warning
1318,2026-05-21 20:27:20,28.48,6.52,5.36,46.71,34.55,66.86,12.147000000000007,Warning
1319,2026-05-21 20:27:23,28.83,7.14,6.93,60.42,32.7,78.7,3.885999999999992,Healthy
1320,2026-05-21 20:27:26,29.31,7.14,6.93,60.42,32.7,78.7,4.845999999999993,Healthy
1321,2026-05-21 20:27:29,25.16,6.98,8.62,66.52,32.67,94.62,7.935999999999992,Healthy
1322,2026-05-21 20:27:32,28.22,6.98,8.62,66.52,32.67,94.62,2.69599999999999,Healthy
1323,2026-05-21 20:27:35,27.3,6.53,8.7,56.18,32.36,64.93,9.595999999999997,Healthy
1324,2026-05-21 20:27:39,24.74,6.53,8.7,56.18,32.36,64.93,14.716000000000001,Warning
1325,2026-05-21 20:27:41,28.57,6.86,5.57,47.16,34.72,76.14,7.091999999999997,Healthy
1326,2026-05-21 20:27:45,28.58,6.86,5.57,47.16,34.72,76.14,7.111999999999993,Healthy
1327,2026-05-21 20:27:47,24.28,6.98,7.2,56.54,34.8,74.29,8.777999999999992,Healthy
1328,2026-05-21 20:27:50,24.65,6.98,7.2,56.54,34.8,74.29,8.037999999999997,Healthy
1329,2026-05-21 20:27:53,24.57,7.42,7.19,56.04,32.57,61.03,14.347999999999999,Warning
1330,2026-05-21 20:27:58,29.39,6.81,6.64,53.29,26.48,88.12,7.643000000000008,Healthy
1331,2026-05-21 20:28:00,28.18,6.81,6.64,53.29,26.48,88.12,5.223000000000006,Healthy
1332,2026-05-21 20:28:04,25.87,7.46,8.91,55.64,29.68,74.9,12.467999999999996,Warning
1333,2026-05-21 20:28:06,27.11,7.46,8.91,55.64,29.68,74.9,9.988,Healthy
1334,2026-05-21 20:28:09,26.76,6.72,8.89,42.11,31.93,93.62,12.047,Warning
1335,2026-05-21 20:28:11,26.76,6.72,8.89,42.11,31.93,93.62,12.047,Warning
1336,2026-05-21 20:28:12,27.32,6.72,8.89,42.11,31.93,93.62,10.927000000000003,Warning
1337,2026-05-21 20:28:12,27.32,6.72,8.89,42.11,31.93,93.62,10.927000000000003,Warning
1338,2026-05-21 20:28:15,29.21,6.95,5.65,53.66,30.27,93.45,5.072,Healthy
1339,2026-05-21 20:28:18,24.09,6.95,5.65,53.66,30.27,93.45,10.471999999999998,Warning
1340,2026-05-21 20:28:22,28.74,6.64,6.64,48.02,32.94,67.39,10.474,Warning
1341,2026-05-21 20:28:25,28.58,6.64,6.64,48.02,32.94,67.39,10.154,Warning
1342,2026-05-21 20:28:28,29.66,6.64,5.48,52.89,27.43,85.89,10.853000000000005,Warning
1343,2026-05-21 20:28:31,29.84,6.64,5.48,52.89,27.43,85.89,11.213000000000005,Warning
1344,2026-05-21 20:28:34,27.11,7.23,7.18,68.04,29.8,86.39,7.642000000000009,Healthy
1345,2026-05-21 20:28:37,29.8,7.23,7.18,68.04,29.8,86.39,9.46200000000001,Healthy
1346,2026-05-21 20:28:40,29.25,6.79,7.91,56.4,28.26,75.99,6.7299999999999995,Healthy
1347,2026-05-21 20:28:43,28.74,7.36,7.91,56.4,28.26,75.99,7.960000000000002,Healthy
1348,2026-05-21 20:28:46,24.58,7.36,8.88,49.94,31.96,95.43,15.25800000000001,Warning
1349,2026-05-21 20:28:48,29.37,7.45,8.29,49.94,31.96,95.43,12.508000000000006,Warning
1350,2026-05-21 20:28:52,24.21,7.45,8.29,54.35,30.68,69.79,16.025000000000002,Warning
1351,2026-05-21 20:28:54,27.07,6.62,5.54,65.93,34.6,69.79,9.339,Healthy
1352,2026-05-21 20:28:57,25.73,6.62,5.54,65.93,34.6,91.11,12.019,Warning
1353,2026-05-21 20:29:01,27.5,7.26,7.0,59.15,30.19,65.45,5.154999999999998,Healthy
1354,2026-05-21 20:29:03,24.18,7.26,7.0,59.15,30.19,65.45,11.794999999999998,Warning
1355,2026-05-21 20:29:07,26.88,7.01,8.13,55.49,29.75,90.5,3.742999999999998,Healthy
1356,2026-05-21 20:29:10,29.83,7.01,8.13,55.49,29.75,90.5,5.162999999999993,Healthy
1357,2026-05-21 20:29:12,29.89,6.74,8.26,51.04,33.61,96.15,10.367999999999999,Warning
1358,2026-05-21 20:29:15,27.99,6.74,8.26,51.04,33.61,96.15,6.6080000000000005,Healthy
1359,2026-05-21 20:29:19,26.49,7.37,8.53,51.85,31.71,70.76,11.015000000000004,Warning
1360,2026-05-21 20:29:21,25.6,7.37,8.53,51.85,31.71,70.76,12.794999999999998,Warning
1361,2026-05-21 20:29:25,28.41,7.49,6.75,50.65,30.71,74.55,10.975000000000003,Warning
1362,2026-05-21 20:29:30,26.65,6.88,6.16,67.44,34.29,68.91,6.732000000000004,Healthy
1363,2026-05-21 20:29:31,28.71,6.88,6.16,67.44,34.29,68.91,5.452000000000003,Healthy
1364,2026-05-21 20:29:33,26.95,6.88,6.16,67.44,34.29,68.91,6.132000000000002,Healthy
1365,2026-05-21 20:29:37,24.34,6.92,8.75,48.52,25.61,75.5,11.964,Warning
1366,2026-05-21 20:29:40,25.14,6.56,8.75,48.52,25.61,75.5,15.764000000000003,Warning
1367,2026-05-21 20:29:43,29.92,6.56,5.32,42.84,33.43,93.22,15.588000000000008,Warning
1368,2026-05-21 20:29:46,27.83,7.04,7.92,42.84,33.43,93.22,6.088000000000003,Healthy
1369,2026-05-21 20:29:49,27.11,7.04,7.92,59.75,30.42,99.51,2.455000000000002,Healthy
1370,2026-05-21 20:29:52,27.56,6.88,5.87,50.9,29.19,73.01,5.410000000000005,Healthy
1371,2026-05-21 20:29:55,24.61,6.88,5.87,50.9,29.19,73.01,11.310000000000002,Warning
1372,2026-05-21 20:29:58,28.51,6.72,8.59,47.71,33.36,57.39,8.907000000000007,Healthy
1373,2026-05-21 20:30:01,26.86,6.72,8.59,47.71,33.36,57.39,10.167000000000005,Warning
1374,2026-05-21 20:30:04,25.6,7.33,8.13,55.98,31.43,92.65,10.956,Warning
1375,2026-05-21 20:30:07,26.01,7.33,8.13,55.98,31.43,92.65,10.136,Warning
1376,2026-05-21 20:30:10,24.06,6.99,7.53,49.27,28.97,56.56,11.248999999999999,Warning
1377,2026-05-21 20:30:13,26.64,6.99,7.53,49.27,28.97,56.56,6.088999999999995,Healthy
1378,2026-05-21 20:30:16,24.48,7.33,6.46,65.75,33.2,94.78,13.715,Warning
1379,2026-05-21 20:30:19,24.74,7.33,6.46,65.75,33.2,94.78,13.195000000000004,Warning
1380,2026-05-21 20:30:22,26.06,7.46,8.35,56.69,30.56,92.37,11.773000000000001,Warning
1381,2026-05-21 20:30:25,29.43,7.18,5.0,56.69,30.56,92.37,6.5529999999999955,Healthy
1382,2026-05-21 20:30:28,26.48,6.77,5.37,45.2,31.3,63.72,10.930000000000003,Warning
1383,2026-05-21 20:30:32,24.96,6.61,6.15,63.05,31.77,63.72,12.844999999999992,Warning
1384,2026-05-21 20:30:34,26.46,6.61,6.15,63.05,31.77,51.07,9.844999999999992,Healthy
1385,2026-05-21 20:30:38,24.43,7.09,5.85,43.59,31.13,55.63,13.412999999999997,Warning
1386,2026-05-21 20:30:40,26.37,7.09,5.85,43.59,31.13,55.63,9.532999999999994,Healthy
1387,2026-05-21 20:30:43,28.52,6.67,8.44,41.69,34.18,51.7,11.483,Warning
1388,2026-05-21 20:30:47,27.73,6.82,5.4,55.47,32.86,78.47,4.598999999999995,Healthy
1389,2026-05-21 20:30:49,29.75,6.86,7.65,40.71,32.12,96.08,11.386999999999995,Warning
1390,2026-05-21 20:30:55,24.63,7.41,5.26,46.73,30.41,56.6,16.871000000000006,Warning
1391,2026-05-21 20:30:58,27.93,7.41,5.26,46.73,30.41,56.6,10.271000000000004,Warning
1392,2026-05-21 20:31:01,24.4,7.34,8.34,44.13,29.04,54.56,17.061,Warning
1393,2026-05-21 20:31:04,25.31,7.3,5.53,44.13,29.04,54.56,14.640999999999998,Warning
1394,2026-05-21 20:31:07,24.3,6.62,8.61,64.56,31.39,55.94,14.467999999999998,Warning
1395,2026-05-21 20:31:10,27.51,6.62,8.61,64.56,31.39,55.94,8.047999999999996,Healthy
1396,2026-05-21 20:31:13,28.92,6.7,8.95,46.33,30.57,68.81,10.441,Warning
1397,2026-05-21 20:31:16,29.32,6.7,8.95,46.33,30.57,68.81,11.240999999999998,Warning
1398,2026-05-21 20:31:19,25.9,7.37,5.57,62.23,28.62,96.74,10.419000000000002,Warning
1399,2026-05-21 20:31:22,25.26,7.27,8.55,62.23,28.62,96.74,10.19899999999999,Warning
1400,2026-05-21 20:31:25,25.86,6.97,6.84,53.71,34.34,67.68,6.617000000000004,Healthy
1401,2026-05-21 20:31:28,24.04,6.97,6.84,53.71,34.34,67.68,10.257000000000005,Warning
1402,2026-05-21 20:31:28,26.57,6.52,7.05,51.24,26.3,67.68,12.688000000000006,Warning
1403,2026-05-21 20:31:28,26.57,6.52,7.05,51.24,26.3,67.68,12.688000000000006,Warning
1404,2026-05-21 20:31:29,26.57,6.52,7.05,51.24,26.3,76.06,12.688000000000006,Warning
1405,2026-05-21 20:31:30,27.9,6.52,7.05,51.24,26.3,76.06,10.02800000000001,Warning
1406,2026-05-21 20:31:30,27.9,6.52,7.05,51.24,26.3,76.06,10.02800000000001,Warning
1407,2026-05-21 20:31:30,27.9,6.52,7.05,51.24,26.3,76.06,10.02800000000001,Warning
1408,2026-05-21 20:31:30,27.9,6.52,7.05,51.24,26.3,76.06,10.02800000000001,Warning
1409,2026-05-21 20:31:30,27.9,6.52,7.05,51.24,26.3,76.06,10.02800000000001,Warning
1410,2026-05-21 20:31:31,27.9,6.52,7.05,51.24,26.3,76.06,10.02800000000001,Warning
1411,2026-05-21 20:31:32,27.9,6.52,7.05,51.24,26.3,76.06,10.02800000000001,Warning
1412,2026-05-21 20:31:34,27.13,7.18,6.32,62.42,25.01,67.21,5.165999999999999,Healthy
1413,2026-05-21 20:31:37,24.87,7.18,6.32,62.42,25.01,67.21,9.685999999999995,Healthy
1414,2026-05-21 20:31:40,28.91,6.96,8.02,61.58,29.46,60.27,2.894,Healthy
1415,2026-05-21 20:31:43,26.38,6.58,6.18,46.78,26.48,89.2,13.506,Warning
1416,2026-05-21 20:31:46,26.6,6.77,8.51,69.38,32.31,88.8,9.064000000000002,Healthy
1417,2026-05-21 20:31:49,29.39,6.77,8.51,69.38,32.31,88.8,9.044000000000006,Healthy
1418,2026-05-21 20:31:52,24.38,7.39,7.31,68.88,30.01,61.13,15.753999999999994,Warning
1419,2026-05-21 20:31:55,27.08,7.39,7.31,68.88,30.01,61.13,10.353999999999997,Warning
1420,2026-05-21 20:31:58,28.44,6.57,8.52,52.54,31.53,88.45,9.567999999999998,Healthy
1421,2026-05-21 20:32:01,26.05,6.94,6.52,45.66,31.42,65.24,9.101999999999993,Healthy
1422,2026-05-21 20:32:04,24.81,7.45,7.21,42.61,29.43,82.61,18.347000000000005,Warning
1423,2026-05-21 20:32:07,24.57,7.45,7.21,42.61,29.43,82.61,18.827,Warning
1424,2026-05-21 20:32:10,24.89,7.14,5.44,51.29,32.28,50.69,10.932999999999993,Warning
1425,2026-05-21 20:32:13,25.9,7.14,5.44,51.29,32.28,50.69,8.912999999999998,Healthy
1426,2026-05-21 20:32:16,25.86,6.67,5.56,44.94,32.93,51.24,13.748000000000003,Warning
1427,2026-05-21 20:32:20,26.59,6.83,5.84,40.87,29.9,94.79,11.109,Warning
1428,2026-05-21 20:32:23,29.82,6.83,5.84,40.87,29.9,93.5,11.929,Warning
1429,2026-05-21 20:32:26,28.64,6.94,7.76,69.59,28.8,86.89,5.056999999999997,Healthy
1430,2026-05-21 20:32:29,26.87,6.94,7.76,69.59,28.8,86.89,6.036999999999994,Healthy
1431,2026-05-21 20:32:32,26.35,7.45,7.79,62.56,29.59,95.87,10.818000000000001,Warning
1432,2026-05-21 20:32:35,27.13,7.45,7.79,62.56,29.59,95.87,9.258000000000006,Healthy
1433,2026-05-21 20:32:38,27.45,6.67,5.64,60.67,33.47,73.83,6.251000000000003,Healthy
1434,2026-05-21 20:32:41,27.9,6.67,5.64,60.9,32.17,51.0,5.4200000000000035,Healthy
1435,2026-05-21 20:32:44,28.53,7.48,5.85,46.31,26.18,63.17,12.367000000000008,Warning
1436,2026-05-21 20:32:47,28.55,7.0,6.11,47.12,30.74,56.88,4.964000000000002,Healthy
1437,2026-05-21 20:32:50,29.24,6.51,8.16,56.38,30.83,50.21,10.915999999999999,Warning
1438,2026-05-21 20:32:53,24.11,7.46,7.15,44.68,29.12,73.33,19.276,Warning
1439,2026-05-21 20:32:55,26.59,6.81,8.21,44.11,29.71,91.68,10.437000000000006,Warning
1440,2026-05-21 20:32:58,28.03,7.41,7.85,48.51,30.07,52.76,9.657000000000005,Healthy
1441,2026-05-21 20:33:01,29.95,6.88,6.65,42.15,31.43,87.78,11.055,Warning
1442,2026-05-21 20:33:04,28.72,7.01,8.84,53.08,27.54,85.83,3.665999999999995,Healthy
1443,2026-05-21 20:33:07,27.91,6.75,5.69,40.68,33.0,79.87,9.725999999999999,Healthy
1444,2026-05-21 20:33:10,24.42,7.11,5.97,50.73,28.88,82.15,11.591000000000003,Warning
1445,2026-05-21 20:33:13,24.45,7.36,6.01,52.28,33.78,69.71,14.816000000000006,Warning
1446,2026-05-21 20:33:16,25.06,7.42,7.86,44.03,29.87,92.1,16.971,Warning
1447,2026-05-21 20:33:19,28.02,7.42,8.89,60.74,26.07,63.39,6.5619999999999985,Healthy
1448,2026-05-21 20:33:22,28.52,7.03,7.26,47.47,29.07,62.11,5.249000000000003,Healthy
1449,2026-05-21 20:33:26,25.88,6.65,7.55,69.75,26.92,58.52,12.414999999999996,Warning
1450,2026-05-21 20:33:29,27.46,7.21,7.12,44.37,29.36,86.37,8.918999999999999,Healthy
1451,2026-05-21 20:33:32,24.69,6.63,5.07,46.37,26.39,77.17,16.259,Warning
1452,2026-05-21 20:33:36,25.01,7.49,5.89,65.07,34.65,73.56,14.850999999999997,Warning
1453,2026-05-21 20:33:38,24.17,6.58,5.6,47.36,34.05,92.55,17.751999999999995,Warning
1454,2026-05-21 20:33:41,26.96,6.77,8.34,68.78,25.14,89.14,8.164000000000005,Healthy
1455,2026-05-21 20:33:45,27.02,7.39,5.24,46.33,27.24,89.14,11.910999999999996,Warning
1456,2026-05-21 20:33:47,28.47,7.39,5.32,41.24,32.51,87.17,12.417999999999992,Warning
1457,2026-05-21 20:33:50,25.2,7.11,7.33,66.44,32.51,87.17,9.182000000000006,Healthy
1458,2026-05-21 20:33:53,29.24,6.68,6.53,65.67,32.84,76.55,8.981000000000002,Healthy
1459,2026-05-21 20:33:56,24.81,6.76,5.85,64.57,31.57,54.39,11.351000000000004,Warning
1460,2026-05-21 20:33:59,27.34,6.75,8.57,51.29,31.31,97.21,7.683,Healthy
1461,2026-05-21 20:34:02,25.67,6.83,8.08,51.73,27.45,78.33,9.690999999999995,Healthy
1462,2026-05-21 20:34:05,29.29,6.87,7.12,49.16,29.74,94.67,7.781999999999998,Healthy
1463,2026-05-21 20:34:08,27.34,6.79,8.05,61.67,33.58,55.35,4.971,Healthy
1464,2026-05-21 20:34:11,25.65,7.27,6.71,62.11,31.39,65.65,9.382999999999996,Healthy
1465,2026-05-21 20:34:14,28.21,6.58,8.1,46.52,29.79,91.1,10.764,Warning
1466,2026-05-21 20:34:18,24.82,6.6,5.31,49.7,25.41,84.11,15.450000000000003,Warning
1467,2026-05-21 20:34:20,27.2,7.13,7.26,60.23,32.98,93.76,3.618999999999999,Healthy
1468,2026-05-21 20:34:23,29.94,6.82,5.79,60.85,26.13,79.69,6.834999999999999,Healthy
1469,2026-05-21 20:34:26,28.46,7.04,7.93,43.87,32.0,67.07,6.359000000000003,Healthy
1470,2026-05-21 20:34:29,29.25,7.05,6.69,56.04,32.37,94.48,4.437999999999997,Healthy
1471,2026-05-21 20:34:32,29.52,6.99,8.24,64.5,29.36,65.28,4.539999999999996,Healthy
1472,2026-05-21 20:34:35,24.33,6.99,5.99,42.96,31.04,65.52,12.602,Warning
1473,2026-05-21 20:34:38,29.37,6.9,7.66,60.32,25.97,71.85,4.335999999999997,Healthy
1474,2026-05-21 20:34:41,24.99,6.76,5.65,60.32,34.77,74.76,9.716000000000006,Healthy
1475,2026-05-21 20:34:44,27.18,7.27,8.5,45.78,26.83,97.37,9.955999999999992,Healthy
1476,2026-05-21 20:34:47,27.52,6.56,8.88,68.72,26.83,78.37,10.176000000000005,Warning
1477,2026-05-21 20:34:50,26.77,7.4,6.48,68.38,32.29,57.53,10.974000000000004,Warning
1478,2026-05-21 20:34:53,26.24,7.04,5.85,53.18,27.12,57.53,6.166000000000004,Healthy
1479,2026-05-21 20:34:54,26.24,7.04,5.85,53.18,27.12,96.65,6.166000000000004,Healthy
1480,2026-05-21 20:34:55,25.42,6.62,5.85,53.18,27.12,96.65,12.905999999999995,Warning
1481,2026-05-21 20:34:56,27.41,6.62,7.75,65.6,25.9,97.13,8.559999999999997,Healthy
1482,2026-05-21 20:34:58,28.75,7.48,7.75,65.6,25.9,97.13,10.380000000000004,Warning
1483,2026-05-21 20:34:58,28.75,7.48,7.25,65.6,25.9,97.13,10.380000000000004,Warning
1484,2026-05-21 20:34:59,28.75,7.48,7.25,68.25,31.91,74.03,11.175000000000006,Warning
1485,2026-05-21 20:34:59,28.75,7.48,7.25,68.25,31.91,74.03,11.175000000000006,Warning
1486,2026-05-21 20:35:00,28.75,7.48,7.25,68.25,31.91,74.03,11.175000000000006,Warning
1487,2026-05-21 20:35:00,28.75,7.48,7.25,68.25,31.91,74.03,11.175000000000006,Warning
1488,2026-05-21 20:35:00,28.75,7.48,7.25,68.25,31.91,74.03,11.175000000000006,Warning
1489,2026-05-21 20:35:01,25.03,6.81,7.25,68.25,31.91,74.03,11.265000000000002,Warning
1490,2026-05-21 20:35:02,25.03,6.81,8.03,58.2,34.05,88.47,9.330000000000002,Healthy
1491,2026-05-21 20:35:04,26.89,7.2,8.03,58.2,34.05,88.47,5.760000000000001,Healthy
1492,2026-05-21 20:35:05,26.89,7.2,5.66,50.57,26.8,88.47,8.049000000000001,Healthy
1493,2026-05-21 20:35:05,26.89,7.2,5.66,50.57,26.8,83.87,8.049000000000001,Healthy
1494,2026-05-21 20:35:05,26.89,7.2,5.66,50.57,26.8,83.87,8.049000000000001,Healthy
1495,2026-05-21 20:35:06,25.57,7.2,5.66,50.57,26.8,83.87,10.689000000000002,Warning
1496,2026-05-21 20:35:07,25.88,7.35,7.83,67.22,26.8,83.87,11.655999999999995,Warning
1497,2026-05-21 20:35:07,25.88,7.35,7.83,67.22,32.91,83.87,11.655999999999995,Warning
1498,2026-05-21 20:35:07,27.04,6.72,7.83,67.22,32.91,67.73,8.286000000000005,Healthy
1499,2026-05-21 20:35:07,27.04,6.72,7.83,67.22,32.91,67.73,8.286000000000005,Healthy
1500,2026-05-21 20:35:08,27.79,6.72,7.78,47.78,30.71,53.76,8.286000000000005,Healthy
1501,2026-05-21 20:35:11,25.53,7.46,7.91,41.7,28.6,63.83,17.329999999999995,Warning
1502,2026-05-21 20:35:14,29.03,7.47,7.85,50.8,28.59,78.75,11.870000000000001,Warning
1503,2026-05-21 20:35:17,27.14,6.65,6.32,55.94,32.23,70.61,8.187999999999994,Healthy
1504,2026-05-21 20:35:20,28.71,7.27,6.19,58.21,32.19,84.03,6.006999999999995,Healthy
1505,2026-05-21 20:35:23,25.85,7.2,6.86,53.92,32.9,69.22,9.123999999999999,Healthy
1506,2026-05-21 20:35:26,27.5,6.66,5.05,62.7,25.08,83.0,6.909999999999998,Healthy
1507,2026-05-21 20:35:29,24.55,7.47,6.82,63.33,29.8,78.33,14.948999999999995,Warning
1508,2026-05-21 20:35:32,28.68,7.47,5.15,51.67,25.25,93.29,10.908999999999995,Warning
1509,2026-05-21 20:35:35,24.36,6.52,8.45,43.59,32.76,68.51,19.403000000000006,Warning
1510,2026-05-21 20:35:38,29.3,7.2,8.45,49.92,32.22,56.26,8.624000000000004,Healthy
1511,2026-05-21 20:35:41,25.57,6.5,7.96,55.94,30.47,92.9,13.578,Warning
1512,2026-05-21 20:35:44,26.28,6.57,5.32,55.94,26.32,62.9,11.107999999999993,Warning
1513,2026-05-21 20:35:47,24.48,7.17,6.48,63.85,32.72,60.99,10.745,Warning
1514,2026-05-21 20:35:50,29.39,7.06,5.85,69.31,32.72,60.99,6.472999999999995,Healthy
1515,2026-05-21 20:35:53,26.61,6.54,5.66,69.35,30.42,89.93,12.484999999999998,Warning
1516,2026-05-21 20:35:56,24.93,6.63,8.13,50.24,31.4,53.73,14.618,Warning
1517,2026-05-21 20:35:59,26.44,6.9,8.9,64.36,26.41,63.66,5.927999999999992,Healthy
1518,2026-05-21 20:36:02,29.22,7.14,8.42,40.4,29.11,88.73,10.419999999999993,Warning
1519,2026-05-21 20:36:05,26.67,7.37,8.61,62.14,26.36,52.57,8.851999999999997,Healthy
1520,2026-05-21 20:36:08,29.76,7.37,6.27,65.24,26.76,76.09,10.642000000000003,Warning
1521,2026-05-21 20:36:11,29.78,6.61,8.84,43.28,26.47,70.41,14.425999999999995,Warning
1522,2026-05-21 20:36:14,24.46,7.5,6.89,66.81,25.66,55.03,16.622999999999998,Warning
1523,2026-05-21 20:36:17,28.24,7.34,7.53,53.77,30.63,80.65,7.448999999999994,Healthy
1524,2026-05-21 20:36:20,26.26,7.42,7.12,58.87,31.54,90.05,10.118999999999996,Warning
1525,2026-05-21 20:36:23,24.21,6.75,8.37,45.5,31.26,56.88,15.679999999999998,Warning
1526,2026-05-21 20:36:26,24.1,7.4,5.01,61.03,33.45,89.05,14.109000000000004,Warning
1527,2026-05-21 20:36:29,28.83,7.26,5.48,42.32,33.6,61.67,10.863999999999994,Warning
1528,2026-05-21 20:36:32,24.11,6.87,5.35,43.63,32.01,89.12,14.640999999999998,Warning
1529,2026-05-21 20:36:35,27.74,6.58,5.35,62.4,25.33,61.54,7.540000000000002,Healthy
1530,2026-05-21 20:36:38,26.58,7.33,8.6,47.24,25.48,69.72,11.618000000000004,Warning
1531,2026-05-21 20:36:41,28.28,6.57,6.95,47.24,25.48,77.3,10.837999999999997,Warning
1532,2026-05-21 20:36:44,29.89,7.45,5.18,58.25,28.23,98.03,11.055000000000005,Warning
1533,2026-05-21 20:36:47,29.04,7.47,8.08,45.85,28.23,98.03,13.374999999999995,Warning
1534,2026-05-21 20:36:50,27.97,6.99,5.76,41.4,27.51,61.3,5.789999999999999,Healthy
1535,2026-05-21 20:36:53,28.43,6.67,7.77,59.65,25.11,88.05,5.915000000000001,Healthy
1536,2026-05-21 20:36:56,25.88,7.01,8.27,57.4,33.41,77.17,5.169999999999999,Healthy
1537,2026-05-21 20:36:59,29.52,7.21,5.2,44.05,30.67,50.18,10.975,Warning
1538,2026-05-21 20:37:02,29.52,6.73,8.72,58.92,26.79,57.38,7.413999999999993,Healthy
1539,2026-05-21 20:37:05,25.62,6.67,7.77,45.41,30.53,79.62,14.087,Warning
1540,2026-05-21 20:37:08,27.66,7.36,6.0,67.29,28.0,88.54,8.267000000000007,Healthy
1541,2026-05-21 20:37:11,25.39,7.47,8.48,47.05,31.4,72.25,16.154999999999998,Warning
1542,2026-05-21 20:37:14,27.71,7.48,8.62,66.05,30.42,92.31,9.595000000000004,Healthy
1543,2026-05-21 20:37:17,24.06,7.16,6.26,41.67,30.19,55.43,15.779000000000003,Warning
1544,2026-05-21 20:37:20,24.45,7.0,6.19,66.35,29.05,77.22,9.004999999999999,Healthy
1545,2026-05-21 20:37:23,27.19,7.21,6.46,46.26,33.53,73.19,8.891999999999998,Healthy
1546,2026-05-21 20:37:26,27.9,7.49,5.43,56.72,26.79,54.96,8.534000000000006,Healthy
1547,2026-05-21 20:37:30,27.61,6.59,5.31,60.46,25.72,54.96,7.068000000000003,Healthy
1548,2026-05-21 20:37:32,25.27,6.59,5.31,62.65,29.99,72.39,12.405000000000003,Warning
1549,2026-05-21 20:37:35,28.2,6.65,7.12,56.17,29.99,72.39,6.798999999999992,Healthy
1550,2026-05-21 20:37:38,27.45,6.58,7.63,49.77,28.27,60.13,10.469,Warning
1551,2026-05-21 20:37:41,27.87,7.24,5.87,44.92,33.33,73.47,8.384,Healthy
1552,2026-05-21 20:37:44,24.39,6.62,6.95,49.63,31.87,81.52,16.031,Warning
1553,2026-05-21 20:37:47,29.17,6.55,8.82,46.75,27.87,99.31,13.065000000000007,Warning
1554,2026-05-21 20:37:50,27.91,6.71,7.26,62.1,25.46,61.65,5.160000000000001,Healthy
1555,2026-05-21 20:37:53,27.51,7.37,5.61,62.84,33.37,72.43,7.382,Healthy
1556,2026-05-21 20:37:56,27.45,6.86,8.13,48.58,34.11,93.53,6.625999999999998,Healthy
1557,2026-05-21 20:37:59,24.9,6.96,6.54,66.59,26.28,99.12,8.777000000000005,Healthy
1558,2026-05-21 20:38:02,28.49,6.96,6.54,66.59,29.11,98.49,3.5569999999999986,Healthy
1559,2026-05-21 20:38:05,26.5,7.02,8.88,56.42,32.49,76.17,4.3739999999999934,Healthy
1560,2026-05-21 20:38:08,24.53,7.02,8.88,56.42,32.49,76.17,8.313999999999991,Healthy
1561,2026-05-21 20:38:11,28.97,7.28,5.04,56.47,28.55,50.34,7.199000000000002,Healthy
1562,2026-05-21 20:38:14,28.73,7.28,5.04,56.47,28.55,50.34,6.719000000000005,Healthy
1563,2026-05-21 20:38:17,24.98,7.18,8.76,69.49,30.07,83.47,11.586999999999993,Warning
1564,2026-05-21 20:38:20,25.85,7.18,8.76,69.49,30.07,83.47,9.84699999999999,Healthy
1565,2026-05-21 20:38:23,28.79,6.58,7.24,66.33,32.67,96.17,9.778999999999996,Healthy
1566,2026-05-21 20:38:26,25.93,7.15,7.24,66.33,32.67,96.17,8.289000000000005,Healthy
1567,2026-05-21 20:38:29,29.81,7.26,7.19,56.84,27.69,68.59,8.467999999999993,Healthy
1568,2026-05-21 20:38:32,26.72,6.93,8.36,56.84,27.69,68.59,4.558000000000005,Healthy
1569,2026-05-21 20:38:35,29.68,7.04,5.56,43.82,31.68,53.09,8.814,Healthy
1570,2026-05-21 20:38:38,28.65,7.35,7.89,42.78,28.26,53.09,11.71599999999999,Warning
1571,2026-05-21 20:38:41,24.34,7.0,6.0,57.27,28.44,57.61,8.139,Healthy
1572,2026-05-21 20:38:44,24.52,6.74,6.77,55.15,28.29,99.96,12.314999999999998,Warning
1573,2026-05-21 20:38:47,28.78,7.39,6.23,54.83,34.99,56.24,8.960999999999999,Healthy
1574,2026-05-21 20:38:50,29.56,6.51,7.86,64.7,31.3,88.36,11.88,Warning
1575,2026-05-21 20:38:53,25.05,7.3,5.68,40.58,31.24,60.94,16.225999999999996,Warning
1576,2026-05-21 20:38:56,25.81,7.16,5.68,50.15,29.56,76.72,9.735000000000005,Healthy
1577,2026-05-21 20:38:59,29.86,7.16,5.68,50.15,28.64,69.16,9.075000000000001,Healthy
1578,2026-05-21 20:39:02,26.66,7.4,6.45,56.76,28.08,63.11,9.652000000000006,Healthy
1579,2026-05-21 20:39:05,25.05,7.4,6.45,56.76,28.08,78.03,12.872000000000005,Warning
1580,2026-05-21 20:39:08,26.16,6.69,5.96,44.01,26.09,86.94,13.126999999999995,Warning
1581,2026-05-21 20:39:11,24.27,6.92,7.0,65.29,27.57,96.64,10.247000000000003,Warning
1582,2026-05-21 20:39:14,27.75,6.65,8.44,43.65,25.58,79.56,10.654999999999994,Warning
1583,2026-05-21 20:39:17,29.9,6.65,8.44,43.65,25.58,79.56,13.954999999999991,Warning
1584,2026-05-21 20:39:20,27.49,7.23,5.96,42.14,28.9,99.94,9.82800000000001,Healthy
1585,2026-05-21 20:39:23,28.62,7.24,8.07,42.14,28.9,99.94,10.198000000000004,Warning
1586,2026-05-21 20:39:26,26.02,7.31,6.1,42.81,31.47,53.85,13.766999999999996,Warning
1587,2026-05-21 20:39:29,29.61,6.83,7.22,62.38,31.47,53.85,6.483999999999998,Healthy
1588,2026-05-21 20:39:32,29.07,6.65,6.81,45.49,28.94,80.42,11.742999999999995,Warning
1589,2026-05-21 20:39:35,26.29,7.45,5.13,45.25,26.84,80.42,14.595000000000006,Warning
1590,2026-05-21 20:39:38,29.37,6.77,6.17,67.52,29.07,67.53,8.446000000000007,Healthy
1591,2026-05-21 20:39:41,25.13,6.66,6.01,69.9,29.21,71.1,13.810000000000002,Warning
1592,2026-05-21 20:39:44,27.78,6.59,6.91,60.52,32.03,92.68,6.746,Healthy
1593,2026-05-21 20:39:47,26.75,7.0,6.07,46.32,33.69,69.67,6.604,Healthy
1594,2026-05-21 20:39:50,29.93,6.56,7.16,62.77,27.03,65.43,11.291000000000006,Warning
1595,2026-05-21 20:39:53,24.23,7.49,8.61,62.77,27.03,65.43,15.721000000000004,Warning
1596,2026-05-21 20:39:56,28.22,7.49,8.61,68.19,34.81,86.17,10.247,Warning
1597,2026-05-21 20:39:59,25.58,7.28,8.07,67.2,34.22,86.17,11.200000000000006,Warning
1598,2026-05-21 20:40:02,27.46,7.28,8.07,67.2,28.15,66.35,7.440000000000003,Healthy
1599,2026-05-21 20:40:05,24.61,7.35,5.27,40.87,26.51,62.03,17.769,Warning
1600,2026-05-21 20:40:08,24.16,6.84,7.72,61.48,33.27,52.44,10.524000000000001,Warning
1601,2026-05-21 20:40:11,28.26,6.77,6.71,56.41,29.41,86.15,5.04700000000001,Healthy
1602,2026-05-21 20:40:14,26.97,6.77,6.71,67.57,34.8,85.42,7.781000000000006,Healthy
1603,2026-05-21 20:40:19,26.94,7.29,7.1,67.24,29.28,53.95,8.641999999999996,Healthy
1604,2026-05-21 20:40:21,24.8,7.29,7.1,67.24,29.28,53.95,12.921999999999999,Warning
1605,2026-05-21 20:40:24,26.88,6.86,8.8,67.35,30.46,85.94,6.5449999999999955,Healthy
1606,2026-05-22 11:53:03,28.11,7.03,6.07,41.1,27.27,59.96,6.340000000000002,Healthy
1607,2026-05-22 11:53:09,25.71,6.52,7.2,55.76,27.73,85.32,13.052000000000005,Warning
1608,2026-05-22 11:53:12,25.99,6.54,6.29,66.66,26.55,83.14,12.918000000000001,Warning
1609,2026-05-22 11:53:15,25.99,6.54,6.29,66.66,26.55,83.14,12.918000000000001,Warning
1610,2026-05-22 11:53:18,29.9,6.75,7.29,63.1,27.89,77.15,8.479999999999997,Healthy
1611,2026-05-22 11:53:21,29.9,6.75,7.29,63.1,27.89,77.15,8.479999999999997,Healthy
1612,2026-05-22 11:53:24,27.95,7.21,5.39,62.38,27.65,83.77,3.9640000000000017,Healthy
1613,2026-05-22 11:53:27,27.95,7.21,5.39,62.38,27.65,83.77,3.9640000000000017,Healthy
1614,2026-05-22 11:53:30,27.61,6.58,5.09,44.98,32.64,80.43,11.586000000000002,Warning
1615,2026-05-22 11:53:34,28.79,6.58,5.09,44.98,32.64,80.43,12.386,Warning
1616,2026-05-22 11:53:37,28.79,7.16,7.02,62.56,28.29,87.76,4.748000000000001,Healthy
1617,2026-05-22 11:53:41,26.47,6.64,7.02,62.56,25.15,93.72,9.228000000000009,Healthy
1618,2026-05-22 11:53:43,26.47,6.64,7.09,51.32,25.15,93.72,11.064000000000007,Warning
1619,2026-05-22 11:59:59,29.35,6.73,6.95,58.43,28.16,97.22,7.2209999999999965,Healthy
1620,2026-05-22 12:00:00,29.35,6.73,6.95,58.43,28.16,97.22,7.2209999999999965,Healthy
1621,2026-05-22 12:00:03,26.09,7.1,7.39,48.18,28.14,87.76,8.865999999999994,Healthy
1622,2026-05-22 12:00:06,26.09,7.1,7.39,48.18,28.14,87.76,8.865999999999994,Healthy
1623,2026-05-22 12:00:07,27.97,7.1,7.39,48.18,28.14,87.76,5.105999999999996,Healthy
1624,2026-05-22 12:00:09,27.97,7.09,6.85,61.12,32.98,55.77,1.7459999999999993,Healthy
1625,2026-05-22 12:00:09,27.97,7.09,6.85,61.12,32.98,55.77,1.7459999999999993,Healthy
1626,2026-05-22 12:00:12,27.97,7.09,6.85,61.12,32.98,55.77,1.7459999999999993,Healthy
1627,2026-05-22 12:00:15,27.94,6.99,5.09,52.82,30.02,99.92,2.423999999999994,Healthy
1628,2026-05-22 12:00:15,27.94,6.99,5.09,52.82,30.02,99.92,2.423999999999994,Healthy
1629,2026-05-22 12:00:18,27.94,6.99,5.09,52.82,30.02,99.92,2.423999999999994,Healthy
1630,2026-05-22 12:00:18,27.94,6.99,5.09,52.82,30.02,99.92,2.423999999999994,Healthy
1631,2026-05-22 12:00:21,27.55,6.76,7.24,49.09,26.04,63.64,7.773000000000001,Healthy
1632,2026-05-22 12:00:21,27.55,6.76,7.24,49.09,26.04,63.64,7.773000000000001,Healthy
1633,2026-05-22 12:00:24,27.55,6.76,7.24,49.09,26.04,63.64,7.773000000000001,Healthy
1634,2026-05-22 12:00:24,24.62,7.22,7.24,49.09,26.04,63.64,13.332999999999995,Warning
1635,2026-05-22 12:00:27,24.62,7.22,8.88,62.87,29.7,61.06,10.920999999999994,Warning
1636,2026-05-22 12:00:27,24.62,7.22,8.88,62.87,29.7,61.06,10.920999999999994,Warning
1637,2026-05-22 12:00:30,24.62,7.22,8.88,62.87,29.7,61.06,10.920999999999994,Warning
1638,2026-05-22 12:00:30,24.62,7.22,8.88,62.87,29.7,61.06,10.920999999999994,Warning
1639,2026-05-22 12:00:33,25.36,7.49,6.72,62.83,32.59,59.44,13.479000000000005,Warning
1640,2026-05-22 12:00:33,25.36,7.49,6.72,62.83,32.59,59.44,13.479000000000005,Warning
1641,2026-05-22 12:00:34,25.36,7.49,6.72,62.83,32.59,59.44,13.479000000000005,Warning
1642,2026-05-22 12:00:36,25.36,7.49,6.72,62.83,32.59,59.44,13.479000000000005,Warning
1643,2026-05-22 12:00:39,24.96,6.84,7.05,52.0,32.94,92.6,10.88,Warning
1644,2026-05-22 12:00:41,24.96,6.84,7.05,52.0,32.94,92.6,10.88,Warning
1645,2026-05-22 12:00:42,27.17,6.53,7.05,52.0,32.94,92.6,11.109999999999994,Warning
1646,2026-05-22 12:00:43,27.17,6.53,8.48,48.97,25.82,94.36,12.018999999999995,Warning
1647,2026-05-22 12:00:45,27.17,6.53,8.48,48.97,25.82,94.36,12.018999999999995,Warning
1648,2026-05-22 12:00:46,27.17,6.53,8.48,48.97,25.82,94.36,12.018999999999995,Warning
1649,2026-05-22 12:00:48,25.94,6.79,6.98,48.97,25.82,94.36,10.578999999999997,Warning
1650,2026-05-22 12:00:49,25.94,6.79,6.98,55.18,34.42,76.94,8.715999999999998,Healthy
1651,2026-05-22 12:00:51,25.94,6.79,6.98,55.18,34.42,76.94,8.715999999999998,Healthy
1652,2026-05-22 12:00:52,25.94,6.79,6.98,55.18,34.42,76.94,8.715999999999998,Healthy
1653,2026-05-22 12:00:54,25.88,6.51,7.79,64.14,28.13,76.94,12.832000000000006,Warning
1654,2026-05-22 12:00:55,25.88,6.51,7.79,64.14,28.13,51.21,12.832000000000006,Warning
1655,2026-05-22 12:00:57,25.88,6.51,7.79,64.14,28.13,51.21,12.832000000000006,Warning
1656,2026-05-22 12:00:58,25.88,6.51,7.79,64.14,28.13,51.21,12.832000000000006,Warning
1657,2026-05-22 12:01:00,24.35,6.69,8.44,60.6,31.17,60.99,12.129999999999992,Warning
1658,2026-05-22 12:01:01,24.35,6.69,8.44,60.6,31.17,60.99,12.129999999999992,Warning
1659,2026-05-22 12:01:03,24.35,6.69,8.44,60.6,31.17,60.99,12.129999999999992,Warning
1660,2026-05-22 12:01:04,24.35,6.69,8.44,60.6,31.17,60.99,12.129999999999992,Warning
1661,2026-05-22 12:01:07,28.59,6.58,7.48,48.47,32.39,76.98,10.938999999999998,Warning
1662,2026-05-22 12:01:07,28.59,6.58,7.48,48.47,32.39,76.98,10.938999999999998,Warning
1663,2026-05-22 12:01:09,28.59,6.58,7.48,48.47,32.39,76.98,10.938999999999998,Warning
1664,2026-05-22 12:01:10,29.44,6.58,7.48,48.47,32.39,76.98,12.639000000000001,Warning
1665,2026-05-22 12:01:12,29.44,6.88,5.49,49.15,33.28,96.4,7.935000000000004,Healthy
1666,2026-05-22 12:01:13,29.44,6.88,5.49,49.15,33.28,96.4,7.935000000000004,Healthy
1667,2026-05-22 12:01:15,29.44,6.88,5.49,49.15,33.28,96.4,7.935000000000004,Healthy
1668,2026-05-22 12:01:17,28.06,7.23,6.74,65.38,28.53,85.93,5.184000000000003,Healthy
1669,2026-05-22 12:01:18,28.06,7.23,6.74,65.38,28.53,85.93,5.184000000000003,Healthy
1670,2026-05-22 12:01:20,28.06,7.23,6.74,65.38,28.53,85.93,5.184000000000003,Healthy
1671,2026-05-22 12:01:21,28.06,7.23,6.74,65.38,28.53,85.93,5.184000000000003,Healthy
1672,2026-05-22 12:01:23,24.39,6.64,5.32,44.55,25.15,75.92,17.255000000000006,Warning
1673,2026-05-22 12:01:24,24.39,6.64,5.32,44.55,25.15,75.92,17.255000000000006,Warning
1674,2026-05-22 12:01:26,24.39,6.64,5.32,44.55,25.15,75.92,17.255000000000006,Warning
1675,2026-05-22 12:01:27,24.39,6.64,5.32,44.55,25.15,75.92,17.255000000000006,Warning
1676,2026-05-22 12:01:29,29.25,6.64,7.25,41.35,25.15,75.92,13.495000000000005,Warning
1677,2026-05-22 12:01:30,29.25,6.64,7.25,41.35,26.41,87.67,13.495000000000005,Warning
1678,2026-05-22 12:01:32,29.25,6.64,7.25,41.35,26.41,87.67,13.495000000000005,Warning
1679,2026-05-22 12:01:33,29.25,6.64,7.25,41.35,26.41,87.67,13.495000000000005,Warning
1680,2026-05-22 12:01:35,28.37,7.1,7.4,46.82,27.72,90.83,6.193999999999996,Healthy
1681,2026-05-22 12:01:36,28.37,7.1,7.4,46.82,27.72,90.83,6.193999999999996,Healthy
1682,2026-05-22 12:01:38,28.37,7.1,7.4,46.82,27.72,90.83,6.193999999999996,Healthy
1683,2026-05-22 12:01:39,28.37,7.1,7.4,46.82,27.72,90.83,6.193999999999996,Healthy
1684,2026-05-22 12:01:41,25.73,7.17,7.57,43.22,28.77,91.82,12.123999999999999,Warning
1685,2026-05-22 12:01:42,25.73,7.17,7.57,43.22,28.77,91.82,12.123999999999999,Warning
1686,2026-05-22 12:01:44,25.73,7.17,7.57,43.22,28.77,91.82,12.123999999999999,Warning
1687,2026-05-22 12:01:45,25.73,7.17,7.57,43.22,28.77,91.82,12.123999999999999,Warning
1688,2026-05-22 12:01:47,28.06,6.75,5.66,61.35,34.79,70.14,4.274999999999998,Healthy
1689,2026-05-22 12:01:48,28.06,6.75,5.66,61.35,34.79,70.14,4.274999999999998,Healthy
1690,2026-05-22 12:01:50,28.06,6.75,5.66,61.35,34.79,70.14,4.274999999999998,Healthy
1691,2026-05-22 12:01:51,28.06,6.75,5.66,61.35,34.79,70.14,4.274999999999998,Healthy
1692,2026-05-22 12:01:53,26.27,7.44,8.31,66.88,32.38,96.56,12.124000000000004,Warning
1693,2026-05-22 12:01:54,26.27,7.44,8.31,66.88,32.38,96.56,12.124000000000004,Warning
1694,2026-05-22 12:01:56,26.27,7.44,8.31,66.88,32.38,96.56,12.124000000000004,Warning
1695,2026-05-22 12:01:57,25.79,7.44,8.31,66.88,32.38,96.56,13.084000000000005,Warning
1696,2026-05-22 15:39:23,26.93,7.3,7.01,52.89,29.42,85.87,8.772999999999998,Healthy
1697,2026-05-22 15:39:26,28.74,6.95,6.35,68.21,33.44,79.95,4.6929999999999925,Healthy
1698,2026-05-22 15:39:32,27.97,7.4,6.48,40.91,27.2,93.82,11.78700000000001,Warning
1699,2026-05-22 15:39:35,27.97,7.4,6.48,40.91,27.2,93.82,11.78700000000001,Warning
1700,2026-05-22 15:39:38,29.7,6.81,8.08,49.35,33.8,70.16,9.445000000000004,Healthy
1701,2026-05-22 15:39:41,29.7,6.81,8.08,49.35,33.8,70.16,9.445000000000004,Healthy
1702,2026-05-22 15:39:44,26.85,6.99,7.31,65.09,26.03,72.84,3.976999999999995,Healthy
1703,2026-05-22 15:39:47,26.85,6.99,7.31,65.09,26.03,72.84,3.976999999999995,Healthy
1704,2026-05-22 15:39:51,24.45,6.86,6.24,50.02,33.36,77.84,12.193999999999996,Warning
1705,2026-05-22 15:39:56,25.7,7.05,8.46,51.85,28.97,68.74,7.794999999999998,Healthy
1706,2026-05-22 15:39:59,25.7,7.05,8.46,51.85,28.97,68.74,7.794999999999998,Healthy
1707,2026-05-22 15:40:02,24.93,6.82,5.43,48.29,30.22,76.45,12.352999999999996,Warning
1708,2026-05-22 15:40:05,24.93,6.82,5.43,48.29,30.22,76.45,12.352999999999996,Warning
1709,2026-05-22 15:40:08,27.02,6.71,8.85,57.03,30.75,69.53,7.201000000000001,Healthy
1710,2026-05-22 15:40:11,28.12,6.71,8.85,57.03,30.75,69.53,5.4810000000000025,Healthy
1711,2026-05-22 15:40:14,28.12,7.34,6.95,48.89,28.41,74.84,8.673,Healthy
1712,2026-05-22 15:40:17,29.95,6.68,8.59,48.89,28.41,74.84,12.033000000000003,Warning
1713,2026-05-22 15:40:20,29.95,6.68,8.59,40.94,29.22,53.08,14.418000000000003,Warning
1714,2026-05-22 15:40:23,27.61,6.51,7.38,49.75,34.35,53.08,11.205000000000004,Warning
1715,2026-05-22 15:40:26,27.61,6.51,7.38,49.75,34.35,57.24,11.205000000000004,Warning
1716,2026-05-22 15:40:29,28.31,6.99,7.09,49.44,33.79,95.31,3.937999999999995,Healthy
1717,2026-05-22 15:40:32,28.31,6.99,7.09,49.44,33.79,95.31,3.937999999999995,Healthy
1718,2026-05-22 15:40:35,25.07,6.61,6.97,51.02,34.88,59.99,14.403999999999993,Warning
1719,2026-05-22 15:40:38,25.07,6.61,6.97,51.02,34.88,59.99,14.403999999999993,Warning
1720,2026-05-22 15:40:41,27.59,7.15,8.93,43.81,32.29,57.46,7.927000000000005,Healthy
1721,2026-05-22 15:40:43,27.59,7.15,8.93,43.81,32.29,57.46,7.927000000000005,Healthy
1722,2026-05-22 15:40:44,27.59,7.15,8.93,43.81,32.29,57.46,7.927000000000005,Healthy
1723,2026-05-22 15:40:44,27.59,7.15,8.93,43.81,32.29,57.46,7.927000000000005,Healthy
1724,2026-05-22 15:40:44,27.59,7.15,8.93,43.81,32.29,57.46,7.927000000000005,Healthy
1725,2026-05-22 15:40:45,27.79,7.15,8.93,43.81,32.29,57.46,7.527000000000006,Healthy
1726,2026-05-22 15:40:45,27.79,7.15,8.93,43.81,32.29,57.46,7.527000000000006,Healthy
1727,2026-05-22 15:40:45,27.79,6.8,8.93,43.81,32.29,57.46,8.277000000000005,Healthy
1728,2026-05-22 15:40:46,27.79,6.8,7.02,64.78,33.2,79.61,4.8540000000000045,Healthy
1729,2026-05-22 15:40:46,27.79,6.8,7.02,64.78,33.2,79.61,4.8540000000000045,Healthy
1730,2026-05-22 15:40:46,27.79,6.8,7.02,64.78,33.2,79.61,4.8540000000000045,Healthy
1731,2026-05-22 15:40:46,27.79,6.8,7.02,64.78,33.2,79.61,4.8540000000000045,Healthy
1732,2026-05-22 15:40:46,27.79,6.8,7.02,64.78,33.2,79.61,4.8540000000000045,Healthy
1733,2026-05-22 15:40:48,27.79,6.8,7.02,64.78,33.2,79.61,4.8540000000000045,Healthy
1734,2026-05-22 15:40:48,27.79,6.8,7.02,64.78,33.2,79.61,4.8540000000000045,Healthy
1735,2026-05-22 15:40:49,27.79,6.8,7.02,64.78,33.2,79.61,4.8540000000000045,Healthy
1736,2026-05-22 15:40:49,27.79,6.8,7.02,64.78,33.2,79.61,4.8540000000000045,Healthy
1737,2026-05-22 15:40:50,27.79,6.8,7.02,64.78,33.2,79.61,4.8540000000000045,Healthy
1738,2026-05-22 15:40:50,27.79,6.8,7.02,64.78,33.2,79.61,4.8540000000000045,Healthy
1739,2026-05-22 15:40:51,28.19,7.27,5.88,64.78,33.2,79.61,5.863999999999996,Healthy
1740,2026-05-22 15:40:51,28.19,7.27,5.88,51.02,33.2,79.61,7.123999999999995,Healthy
1741,2026-05-22 15:40:53,28.19,7.27,5.88,51.02,29.79,57.04,7.123999999999995,Healthy
1742,2026-05-22 15:40:56,28.19,7.27,5.88,51.02,29.79,57.04,7.123999999999995,Healthy
1743,2026-05-22 15:40:59,26.06,7.28,6.89,46.77,31.72,79.83,12.049000000000005,Warning
1744,2026-05-22 15:41:02,29.56,7.28,6.89,46.77,31.72,79.83,11.289,Warning
1745,2026-05-22 15:41:05,29.56,6.55,7.66,55.04,32.51,67.43,11.358,Warning
1746,2026-05-22 15:41:08,27.14,6.82,7.66,55.04,32.51,67.43,5.907999999999995,Healthy
1747,2026-05-22 15:41:11,27.14,6.82,5.15,67.06,27.67,77.91,6.537999999999995,Healthy
1748,2026-05-22 15:41:14,29.87,7.03,7.97,58.89,27.67,77.91,4.523000000000006,Healthy
1749,2026-05-22 15:41:17,29.87,7.03,7.97,58.89,30.28,68.82,4.523000000000006,Healthy
1750,2026-05-22 15:41:20,28.27,6.99,8.21,55.14,31.87,98.31,2.1479999999999957,Healthy
1751,2026-05-22 15:41:23,28.27,6.99,8.21,55.14,31.87,98.31,2.1479999999999957,Healthy
1752,2026-05-22 15:41:26,26.45,6.55,6.82,44.75,26.65,75.3,14.425000000000004,Warning
1753,2026-05-22 15:41:29,26.45,6.55,6.82,44.75,26.65,75.3,14.425000000000004,Warning
1754,2026-05-22 15:41:32,26.94,6.9,7.94,56.21,30.26,72.14,4.756999999999992,Healthy
1755,2026-05-22 15:41:35,26.94,6.9,7.94,56.21,30.26,72.14,4.756999999999992,Healthy
1756,2026-05-22 15:41:38,29.13,7.5,7.59,67.53,26.43,76.22,12.018999999999998,Warning
1757,2026-05-22 15:41:41,29.13,7.5,7.59,67.53,26.43,76.22,12.018999999999998,Warning
1758,2026-05-22 15:41:44,26.73,7.22,5.08,44.22,28.02,55.04,10.573999999999995,Warning
1759,2026-05-22 15:41:46,26.73,7.22,5.08,44.22,28.02,55.04,10.573999999999995,Warning
1760,2026-05-22 15:41:50,29.65,6.84,5.97,63.94,32.07,87.75,6.881999999999999,Healthy
1761,2026-05-22 15:41:53,29.65,6.84,5.97,63.94,32.07,87.75,6.881999999999999,Healthy
1762,2026-05-22 15:41:56,26.55,6.73,6.09,52.84,31.65,81.61,9.097999999999992,Healthy
1763,2026-05-22 15:41:59,27.23,6.73,6.09,52.84,31.65,81.61,7.7379999999999916,Healthy
1764,2026-05-22 15:42:02,27.23,6.74,5.03,51.72,31.5,85.09,7.923999999999996,Healthy
1765,2026-05-22 15:42:05,24.02,6.74,5.03,51.72,31.5,85.09,14.343999999999998,Warning
1766,2026-05-22 15:42:08,24.02,7.19,8.83,47.91,27.83,95.02,14.437000000000006,Warning
1767,2026-05-22 15:42:11,26.96,7.27,5.85,47.91,27.83,95.02,9.756999999999993,Healthy
1768,2026-05-22 15:42:14,26.96,7.27,5.85,56.95,32.41,84.1,7.044999999999991,Healthy
1769,2026-05-22 15:42:17,29.04,6.77,6.51,61.56,32.11,84.1,5.9980000000000055,Healthy
1770,2026-05-22 15:42:20,29.04,6.77,6.51,61.56,32.11,94.93,5.9980000000000055,Healthy
1771,2026-05-22 15:42:23,28.01,7.0,6.48,61.56,32.11,94.93,0.48800000000000376,Healthy
1772,2026-05-22 15:42:26,28.01,7.0,6.48,42.96,31.97,55.42,5.132000000000002,Healthy
1773,2026-05-22 15:42:29,25.66,7.2,6.5,55.91,26.92,55.42,8.907000000000004,Healthy
1774,2026-05-22 15:42:31,25.66,7.2,6.5,55.91,26.92,56.81,8.907000000000004,Healthy
1775,2026-05-22 15:42:35,25.02,6.83,7.16,48.83,33.09,70.83,11.861,Warning
1776,2026-05-22 15:42:38,25.02,6.83,7.16,48.83,33.09,70.83,11.861,Warning
1777,2026-05-22 15:42:41,29.47,6.8,6.84,66.58,29.72,56.09,7.914,Healthy
1778,2026-05-22 15:42:44,29.47,6.8,6.84,66.58,29.72,56.09,7.914,Healthy
1779,2026-05-22 15:42:47,29.2,6.8,7.45,47.15,29.94,77.81,9.255000000000003,Healthy
1780,2026-05-22 15:42:50,29.2,6.8,7.45,47.15,29.94,77.81,9.255000000000003,Healthy
1781,2026-05-22 15:42:53,28.13,6.91,5.34,65.96,30.12,56.37,3.397999999999994,Healthy
1782,2026-05-22 15:42:56,28.13,6.91,5.34,65.96,30.12,56.37,3.397999999999994,Healthy
1783,2026-05-22 15:42:59,29.94,6.73,8.45,54.16,27.85,80.71,9.681999999999997,Healthy
1784,2026-05-22 15:43:02,29.94,6.73,8.45,54.16,27.85,80.71,9.681999999999997,Healthy
1785,2026-05-22 15:43:05,24.43,6.66,5.65,52.17,28.17,64.9,14.588999999999999,Warning
1786,2026-05-22 15:43:08,24.43,6.66,5.65,52.17,28.17,64.9,14.588999999999999,Warning
1787,2026-05-22 15:43:11,28.34,7.18,8.88,68.85,28.03,53.76,6.034999999999993,Healthy
1788,2026-05-22 15:43:14,25.94,7.18,8.88,68.85,28.03,53.76,9.47499999999999,Healthy
1789,2026-05-22 15:43:17,25.94,6.6,6.39,62.67,34.58,62.3,10.921000000000003,Warning
1790,2026-05-22 15:43:20,24.49,6.81,5.94,62.67,34.58,62.3,10.671000000000008,Warning
1791,2026-05-22 15:43:23,24.49,6.81,5.94,50.67,27.52,61.26,12.669000000000008,Warning
1792,2026-05-22 15:43:26,24.67,7.28,6.26,68.38,26.66,61.26,13.373999999999999,Warning
1793,2026-05-22 15:43:29,24.67,7.28,6.26,68.38,26.66,50.3,13.373999999999999,Warning
1794,2026-05-22 15:43:32,29.89,7.29,8.96,55.46,32.28,52.54,9.492000000000003,Healthy
1795,2026-05-22 15:43:35,29.89,7.29,8.96,55.46,32.28,52.54,9.492000000000003,Healthy
1796,2026-05-22 15:43:38,27.12,6.68,6.16,67.43,27.47,90.83,8.789000000000005,Healthy
1797,2026-05-22 15:43:41,27.12,6.68,6.16,67.43,27.47,90.83,8.789000000000005,Healthy
1798,2026-05-22 15:43:44,28.68,7.41,5.68,51.37,33.38,62.48,10.099000000000002,Warning
1799,2026-05-22 15:43:47,28.68,7.41,5.68,51.37,33.38,62.48,10.099000000000002,Warning
1800,2026-05-22 15:43:50,27.88,6.78,6.63,56.26,31.94,90.87,4.661999999999999,Healthy
1801,2026-05-22 15:43:53,27.88,6.78,6.63,56.26,31.94,90.87,4.661999999999999,Healthy
1802,2026-05-22 15:43:56,25.22,6.9,7.96,48.23,34.66,97.61,10.590999999999998,Warning
1803,2026-05-22 15:43:59,25.22,6.9,7.96,48.23,34.66,97.61,10.590999999999998,Warning
1804,2026-05-22 15:44:02,27.94,7.17,6.16,54.26,33.19,92.93,4.391999999999997,Healthy
1805,2026-05-22 15:44:05,27.94,7.17,6.16,54.26,33.19,92.93,4.391999999999997,Healthy
1806,2026-05-22 15:44:08,25.65,7.12,8.9,50.98,27.18,55.94,9.206000000000005,Healthy
1807,2026-05-22 15:44:11,25.65,7.12,8.9,50.98,27.18,55.94,9.206000000000005,Healthy
1808,2026-05-22 15:44:14,24.93,7.09,8.8,56.56,28.13,83.57,8.521999999999998,Healthy
1809,2026-05-22 15:44:17,24.93,7.09,8.8,56.56,28.13,83.57,8.521999999999998,Healthy
1810,2026-05-22 15:44:20,26.0,7.01,6.9,55.7,34.92,78.96,5.439999999999996,Healthy
1811,2026-05-22 15:44:23,25.23,7.01,6.9,55.7,34.92,78.96,6.979999999999995,Healthy
1812,2026-05-22 15:44:26,25.23,6.78,8.43,41.98,26.8,71.13,14.245999999999997,Warning
1813,2026-05-22 15:44:29,25.23,6.78,8.43,41.98,26.8,71.13,14.245999999999997,Warning
1814,2026-05-22 15:44:32,25.25,6.72,5.51,50.22,33.12,62.2,12.634000000000004,Warning
1815,2026-05-22 15:44:35,25.25,6.72,5.51,50.22,33.12,62.2,12.634000000000004,Warning
1816,2026-05-22 15:44:38,26.49,7.45,7.48,58.46,30.24,79.16,10.232000000000006,Warning
1817,2026-05-22 15:44:41,26.49,7.45,7.48,58.46,30.24,79.16,10.232000000000006,Warning
1818,2026-05-22 15:48:17,24.97,6.72,7.3,55.24,25.22,70.47,11.688000000000004,Warning
1819,2026-05-22 15:48:18,24.97,6.72,7.3,61.75,25.49,95.81,10.785000000000005,Warning
1820,2026-05-22 15:48:20,24.97,6.72,7.3,61.75,25.49,95.81,10.785000000000005,Warning
1821,2026-05-22 15:48:20,27.3,6.72,7.3,61.75,25.49,95.81,6.125000000000003,Healthy
1822,2026-05-22 15:48:23,24.1,6.67,5.4,44.28,33.09,51.24,17.465999999999998,Warning
1823,2026-05-22 15:48:26,29.21,6.67,5.4,61.8,33.28,84.7,7.910000000000002,Healthy
1824,2026-05-22 15:48:29,27.39,6.54,8.61,58.43,25.05,94.93,8.590999999999998,Healthy
1825,2026-05-22 15:48:30,27.39,6.54,8.61,58.43,34.65,73.21,8.590999999999998,Healthy
1826,2026-05-22 15:48:32,26.74,7.36,8.92,58.43,34.65,73.21,8.391000000000009,Healthy
1827,2026-05-22 15:48:32,26.74,7.36,8.92,58.43,34.65,73.21,8.391000000000009,Healthy
1828,2026-05-22 15:48:35,29.57,7.3,6.85,58.72,25.32,98.16,8.023999999999997,Healthy
1829,2026-05-22 15:48:35,29.57,7.3,6.85,58.72,25.32,98.16,8.023999999999997,Healthy
1830,2026-05-22 15:48:38,29.91,6.75,7.86,51.76,25.32,98.16,10.042000000000002,Warning
1831,2026-05-22 15:48:38,29.91,6.75,7.86,51.76,25.32,98.16,10.042000000000002,Warning
1832,2026-05-22 15:48:41,29.93,7.23,7.4,50.09,34.81,82.11,10.283000000000005,Warning
1833,2026-05-22 15:48:42,29.93,7.23,7.4,50.09,34.81,82.11,10.283000000000005,Warning
1834,2026-05-22 15:48:44,24.67,6.66,7.28,57.32,31.47,95.79,12.563999999999995,Warning
1835,2026-05-22 15:48:45,24.67,6.66,7.28,57.32,31.47,95.79,12.563999999999995,Warning
1836,2026-05-22 15:48:48,24.33,7.38,7.95,62.64,31.14,95.06,13.832000000000003,Warning
1837,2026-05-22 15:48:49,28.5,7.12,7.95,62.64,31.14,95.06,3.592000000000002,Healthy
1838,2026-05-22 15:48:50,28.5,7.12,7.96,53.36,26.56,81.58,4.792000000000002,Healthy
1839,2026-05-22 15:48:53,29.44,6.6,8.93,67.42,31.36,55.63,11.106000000000009,Warning
1840,2026-05-22 15:48:53,29.44,6.6,8.93,67.42,31.36,55.63,11.106000000000009,Warning
1841,2026-05-22 15:48:55,24.18,7.05,8.93,67.42,31.36,55.63,10.615999999999998,Warning
1842,2026-05-22 15:48:56,24.18,7.05,5.08,57.57,27.29,63.94,9.118999999999996,Healthy
1843,2026-05-22 15:48:58,29.03,6.67,5.61,57.57,27.29,63.94,7.739000000000003,Healthy
1844,2026-05-22 15:48:59,29.03,6.67,5.61,65.55,32.57,88.29,8.675000000000002,Healthy
1845,2026-05-22 15:49:01,29.03,6.67,5.61,65.55,32.57,88.29,8.675000000000002,Healthy
1846,2026-05-22 15:49:02,27.44,7.29,8.6,41.92,33.81,53.05,10.893999999999998,Warning
1847,2026-05-22 15:49:03,27.44,7.29,8.6,41.92,33.81,53.05,10.893999999999998,Warning
1848,2026-05-22 15:49:05,27.37,7.02,7.66,65.22,31.59,60.63,3.1259999999999915,Healthy
1849,2026-05-22 15:49:06,27.37,7.02,7.66,65.22,31.59,60.63,3.1259999999999915,Healthy
1850,2026-05-22 15:49:09,27.02,6.65,6.78,59.87,29.97,71.08,7.248999999999996,Healthy
1851,2026-05-22 15:49:09,27.02,6.65,6.78,59.87,29.97,71.08,7.248999999999996,Healthy
1852,2026-05-22 15:49:11,27.99,6.53,5.17,52.52,27.42,55.47,9.313999999999998,Healthy
1853,2026-05-22 15:49:12,27.39,7.22,5.17,52.52,27.42,55.47,6.763999999999994,Healthy
1854,2026-05-22 15:49:15,27.39,7.22,5.14,41.82,25.93,74.89,9.973999999999995,Healthy
1855,2026-05-22 15:49:15,27.39,7.22,5.14,41.82,25.93,74.89,9.973999999999995,Healthy
1856,2026-05-22 15:49:17,26.03,6.75,7.41,53.02,25.6,91.38,9.783999999999997,Healthy
1857,2026-05-22 15:49:18,26.28,6.75,7.41,53.02,25.6,91.38,9.283999999999997,Healthy
1858,2026-05-22 15:49:20,26.28,7.03,7.55,58.61,29.37,78.88,4.307000000000001,Healthy
1859,2026-05-22 15:49:21,26.28,7.03,7.55,58.61,29.37,78.88,4.307000000000001,Healthy
1860,2026-05-22 15:49:23,27.76,6.91,8.45,52.08,32.16,86.93,4.205999999999995,Healthy
1861,2026-05-22 15:49:24,29.0,7.43,8.45,52.08,32.16,86.93,10.825999999999997,Warning
1862,2026-05-22 15:49:26,29.0,7.43,8.21,59.73,28.73,77.66,8.530999999999997,Healthy
1863,2026-05-22 15:49:27,25.22,7.43,8.21,59.73,28.73,77.66,12.091,Warning
1864,2026-05-22 15:49:29,25.22,7.23,7.6,54.06,27.82,98.12,10.792000000000009,Warning
1865,2026-05-22 15:49:30,28.6,7.5,8.79,42.73,27.82,98.12,13.881000000000004,Warning
1866,2026-05-22 15:49:32,28.6,7.5,8.79,42.73,33.89,58.77,13.881000000000004,Warning
1867,2026-05-22 15:49:33,28.24,7.32,8.0,42.73,33.89,58.77,10.461000000000002,Warning
1868,2026-05-22 15:49:34,28.24,7.32,8.0,61.93,27.19,77.07,5.859000000000001,Healthy
1869,2026-05-22 15:49:35,28.24,7.32,8.0,61.93,27.19,77.07,5.859000000000001,Healthy
1870,2026-05-22 15:49:37,26.3,6.85,6.72,59.33,28.25,53.19,5.851000000000004,Healthy
1871,2026-05-22 15:49:38,26.3,6.85,6.72,59.33,28.25,53.19,5.851000000000004,Healthy
1872,2026-05-22 15:49:40,26.78,7.35,8.47,67.95,30.17,82.56,10.074999999999992,Warning
1873,2026-05-22 15:49:41,26.06,7.03,8.47,67.95,30.17,82.56,6.715000000000007,Healthy
1874,2026-05-22 15:49:43,26.06,7.03,8.87,58.25,33.29,63.1,4.855000000000007,Healthy
1875,2026-05-22 15:49:44,28.39,7.03,8.87,58.25,33.29,63.1,1.7550000000000048,Healthy
1876,2026-05-22 15:49:46,28.39,6.7,6.31,55.39,32.69,84.68,6.6629999999999985,Healthy
1877,2026-05-22 15:49:47,26.01,7.36,6.94,55.39,32.69,84.68,10.763000000000002,Warning
1878,2026-05-22 15:49:50,26.1,6.98,5.27,56.66,33.05,81.59,5.101999999999991,Healthy
1879,2026-05-22 15:49:50,26.1,6.98,5.27,56.66,33.05,81.59,5.101999999999991,Healthy
1880,2026-05-22 15:49:53,25.86,7.13,8.17,46.3,27.85,76.14,10.34,Warning
1881,2026-05-22 15:49:53,25.86,7.13,8.17,46.3,27.85,76.14,10.34,Warning
1882,2026-05-22 15:49:56,26.75,6.78,6.28,50.58,27.85,76.14,8.625999999999998,Healthy
1883,2026-05-22 15:49:56,26.75,6.78,6.28,50.58,25.4,52.7,8.625999999999998,Healthy
1884,2026-05-22 15:49:59,29.25,6.51,8.57,65.28,28.02,62.59,11.434000000000003,Warning
1885,2026-05-22 15:49:59,29.25,6.51,8.57,65.28,28.02,62.59,11.434000000000003,Warning
1886,2026-05-22 15:50:02,29.5,7.32,6.11,52.66,33.59,85.27,10.002000000000006,Warning
1887,2026-05-22 15:50:02,29.5,7.32,6.11,52.66,33.59,85.27,10.002000000000006,Warning
1888,2026-05-22 15:50:05,26.27,7.04,6.38,51.09,27.03,94.28,6.7330000000000005,Healthy
1889,2026-05-22 15:50:05,26.27,7.04,6.38,51.09,27.03,94.28,6.7330000000000005,Healthy
1890,2026-05-22 15:50:08,29.07,6.53,7.03,57.36,29.61,80.68,9.981999999999998,Healthy
1891,2026-05-22 15:50:08,29.07,6.53,7.03,57.36,29.61,80.68,9.981999999999998,Healthy
1892,2026-05-22 15:50:11,27.23,6.56,6.53,54.21,26.23,87.67,9.877000000000004,Healthy
1893,2026-05-22 15:50:11,27.23,6.56,6.53,54.21,26.23,87.67,9.877000000000004,Healthy
1894,2026-05-22 15:50:14,26.62,7.5,8.96,60.4,27.71,74.83,10.379999999999997,Warning
1895,2026-05-22 15:50:14,26.62,7.5,8.96,60.4,27.71,74.83,10.379999999999997,Warning
1896,2026-05-22 15:50:17,27.2,7.36,8.11,45.74,26.1,67.97,11.278000000000006,Warning
1897,2026-05-22 15:50:18,27.2,7.36,8.11,45.74,26.1,67.97,11.278000000000006,Warning
1898,2026-05-22 15:50:20,27.06,6.81,6.15,58.25,30.94,75.55,5.255000000000009,Healthy
1899,2026-05-22 15:50:21,24.74,7.09,6.47,58.25,30.94,75.55,8.395000000000001,Healthy
1900,2026-05-22 15:50:23,24.74,7.09,6.47,51.73,31.36,90.35,10.351000000000003,Warning
1901,2026-05-22 15:50:24,26.64,7.09,6.47,51.73,31.36,90.35,6.5509999999999975,Healthy
1902,2026-05-22 15:50:26,26.64,6.73,6.1,58.13,26.61,76.43,7.3309999999999915,Healthy
1903,2026-05-22 15:50:27,29.28,6.83,5.67,60.56,26.7,76.43,5.278000000000002,Healthy
1904,2026-05-22 15:50:29,29.28,6.83,5.67,60.56,26.7,77.5,5.278000000000002,Healthy
1905,2026-05-22 15:50:30,25.63,7.18,5.67,60.56,26.7,77.5,7.607999999999999,Healthy
1906,2026-05-22 15:50:32,26.31,7.18,7.53,46.95,30.52,94.86,9.994999999999997,Healthy
1907,2026-05-22 15:50:33,26.31,7.38,7.27,54.29,27.5,83.02,10.793000000000003,Warning
1908,2026-05-22 15:50:35,26.31,7.38,7.27,54.29,27.5,83.02,10.793000000000003,Warning
1909,2026-05-22 15:50:36,28.07,6.9,8.36,54.29,27.5,83.02,3.3529999999999953,Healthy
1910,2026-05-22 15:50:38,28.04,7.03,8.36,65.77,31.89,85.86,2.261000000000001,Healthy
1911,2026-05-22 15:50:40,28.04,7.03,8.89,46.88,29.81,91.88,4.466000000000001,Healthy
1912,2026-05-22 15:50:41,28.04,7.03,8.89,46.88,29.81,91.88,4.466000000000001,Healthy
1913,2026-05-22 15:50:42,29.25,6.95,8.89,46.88,29.81,91.88,7.185999999999996,Healthy
1914,2026-05-22 15:50:44,26.04,7.04,8.42,54.72,26.46,81.01,6.104000000000003,Healthy
1915,2026-05-22 15:50:45,26.04,7.04,8.42,54.72,32.76,78.68,6.104000000000003,Healthy
1916,2026-05-22 15:50:48,26.04,7.04,8.42,62.82,32.76,78.68,5.366000000000002,Healthy
1917,2026-05-22 15:50:48,28.65,7.26,7.73,62.82,32.76,78.68,6.045999999999994,Healthy
1918,2026-05-22 15:50:50,29.27,6.93,8.85,44.11,32.28,71.71,8.357000000000003,Healthy
1919,2026-05-22 15:50:51,29.27,6.93,8.85,44.11,32.28,71.71,8.357000000000003,Healthy
1920,2026-05-22 15:50:53,24.06,6.93,8.85,44.11,32.28,71.71,13.697000000000006,Warning
1921,2026-05-22 15:50:54,24.06,6.6,8.94,44.11,32.28,71.71,18.64700000000001,Warning
1922,2026-05-22 15:50:56,27.62,6.93,5.6,40.97,33.96,58.51,7.519000000000003,Healthy
1923,2026-05-22 15:50:57,27.62,6.93,5.6,40.97,33.96,58.51,7.519000000000003,Healthy
1924,2026-05-22 15:50:59,27.62,6.93,5.6,40.97,33.96,58.51,7.519000000000003,Healthy
1925,2026-05-22 15:51:00,29.41,6.66,5.6,40.97,33.96,58.51,13.628999999999998,Warning
1926,2026-05-22 15:51:03,27.44,7.08,7.54,54.35,25.6,82.6,4.014999999999998,Healthy
1927,2026-05-22 15:51:04,27.44,7.08,7.54,54.35,25.6,82.6,4.014999999999998,Healthy
1928,2026-05-22 15:51:05,27.44,7.08,7.54,54.35,25.6,82.6,4.014999999999998,Healthy
1929,2026-05-22 15:51:06,29.34,7.16,6.38,64.59,25.6,82.6,6.4570000000000025,Healthy
1930,2026-05-22 15:51:08,24.73,6.63,5.81,68.74,27.06,60.33,14.711999999999998,Warning
1931,2026-05-22 15:51:09,24.73,6.63,5.81,68.74,27.06,60.33,14.711999999999998,Warning
1932,2026-05-22 15:51:11,24.73,6.63,5.81,68.74,27.06,60.33,14.711999999999998,Warning
1933,2026-05-22 15:51:12,25.92,6.55,5.89,61.55,30.76,60.33,11.375,Warning
1934,2026-05-22 15:51:14,28.66,7.08,6.03,53.86,32.8,97.16,4.362000000000002,Healthy
1935,2026-05-22 15:51:15,28.66,7.08,6.03,53.86,32.8,97.16,4.362000000000002,Healthy
1936,2026-05-22 15:51:18,28.6,7.04,6.03,53.86,32.8,58.83,3.6420000000000035,Healthy
1937,2026-05-22 15:51:20,29.08,6.55,6.25,53.86,28.45,91.58,10.752,Warning
1938,2026-05-22 15:51:23,24.32,7.2,7.13,53.86,28.45,91.58,12.202000000000004,Warning
1939,2026-05-22 15:51:25,26.35,6.75,7.69,50.65,32.84,67.9,9.854999999999997,Healthy
1940,2026-05-22 15:51:26,26.35,6.75,7.69,50.65,34.16,58.3,9.854999999999997,Healthy
1941,2026-05-22 15:51:27,26.35,6.75,7.69,50.65,34.16,58.3,9.854999999999997,Healthy
1942,2026-05-22 15:51:29,28.12,7.43,5.19,65.6,26.94,58.3,8.369999999999996,Healthy
1943,2026-05-22 15:51:30,26.23,7.43,5.19,65.6,26.94,63.01,11.669999999999993,Warning
1944,2026-05-22 15:51:32,26.23,7.04,6.46,50.46,26.95,69.51,7.001999999999999,Healthy
1945,2026-05-22 15:51:33,26.23,7.04,6.46,50.46,26.95,69.51,7.001999999999999,Healthy
1946,2026-05-22 15:51:35,28.99,7.49,5.04,45.15,32.49,51.64,13.785,Warning
1947,2026-05-22 15:51:36,28.99,7.49,5.04,45.15,32.49,51.64,13.785,Warning
1948,2026-05-22 15:51:38,25.38,7.4,6.81,67.07,34.25,88.64,13.361000000000004,Warning
1949,2026-05-22 15:51:39,25.38,7.4,6.81,67.07,34.25,88.64,13.361000000000004,Warning
1950,2026-05-22 15:51:41,28.07,6.9,8.22,46.53,28.81,75.37,5.680999999999995,Healthy
1951,2026-05-22 15:51:42,28.07,6.9,8.22,46.53,28.81,75.37,5.680999999999995,Healthy
1952,2026-05-22 15:51:44,27.35,7.03,5.18,41.2,27.15,70.42,7.39,Healthy
1953,2026-05-22 15:51:45,27.35,7.03,5.18,41.2,27.15,70.42,7.39,Healthy
1954,2026-05-22 15:51:47,25.64,7.4,8.56,54.61,29.38,99.55,12.337000000000005,Warning
1955,2026-05-22 15:51:48,29.06,7.27,8.56,54.61,29.38,99.55,7.786999999999991,Healthy
1956,2026-05-22 15:51:50,29.06,7.27,6.65,66.25,31.97,69.52,8.044999999999991,Healthy
1957,2026-05-22 15:51:51,26.5,7.27,6.65,66.25,31.97,69.52,8.924999999999994,Healthy
1958,2026-05-22 15:51:53,26.5,6.65,6.36,52.68,33.5,67.34,10.445999999999994,Warning
1959,2026-05-22 15:51:54,27.45,6.87,6.19,52.68,33.5,67.34,5.246,Healthy
1960,2026-05-22 15:51:56,27.45,6.87,6.19,60.37,31.34,65.87,3.160999999999999,Healthy
1961,2026-05-22 15:51:57,28.4,6.9,6.19,60.37,31.34,65.87,2.410999999999991,Healthy
1962,2026-05-22 15:51:59,28.4,6.9,6.59,56.92,34.71,78.05,3.2239999999999913,Healthy
1963,2026-05-22 15:52:00,24.78,7.18,7.01,60.55,30.23,78.05,9.304999999999993,Healthy
1964,2026-05-22 15:52:02,24.78,7.18,7.01,60.55,30.23,69.06,9.304999999999993,Healthy
1965,2026-05-22 15:52:03,26.16,6.73,7.33,44.24,30.23,69.06,12.457999999999991,Warning
1966,2026-05-22 15:52:05,25.02,6.73,7.33,44.24,31.43,93.64,14.737999999999992,Warning
1967,2026-05-22 15:52:06,25.02,6.85,5.18,51.56,33.73,95.79,10.742000000000004,Warning
1968,2026-05-22 15:52:08,25.02,6.85,5.18,51.56,33.73,95.79,10.742000000000004,Warning
1969,2026-05-22 15:52:09,28.97,7.39,5.18,51.56,33.73,95.79,10.321999999999992,Warning
1970,2026-05-22 15:52:11,26.7,6.78,8.31,56.85,32.22,94.33,6.844999999999997,Healthy
1971,2026-05-22 15:52:12,26.7,6.78,8.31,47.06,32.24,70.09,9.781999999999996,Healthy
1972,2026-05-22 15:52:14,26.7,6.78,8.31,47.06,32.24,70.09,9.781999999999996,Healthy
1973,2026-05-22 15:52:15,28.17,6.78,8.31,47.06,32.24,70.09,7.5219999999999985,Healthy
1974,2026-05-22 15:52:17,28.56,6.71,7.01,60.3,27.75,93.19,5.559999999999997,Healthy
1975,2026-05-22 15:52:18,28.56,6.71,7.01,60.3,26.02,51.11,5.559999999999997,Healthy
1976,2026-05-22 15:55:00,24.59,7.33,5.57,60.3,26.02,51.11,11.860000000000001,Warning
1977,2026-05-22 15:55:01,24.59,7.33,5.57,60.3,26.02,51.11,11.860000000000001,Warning
1978,2026-05-22 15:55:04,24.59,7.33,5.57,60.3,26.02,51.11,11.860000000000001,Warning
1979,2026-05-22 15:55:04,24.59,7.33,5.57,60.3,26.02,51.11,11.860000000000001,Warning
1980,2026-05-22 15:55:07,24.59,7.33,5.57,60.3,26.02,51.11,11.860000000000001,Warning
1981,2026-05-22 15:55:07,24.59,7.33,5.57,60.3,26.02,51.11,11.860000000000001,Warning
1982,2026-05-22 15:55:10,24.59,7.33,5.57,60.3,26.02,51.11,11.860000000000001,Warning
1983,2026-05-22 15:55:13,24.59,7.33,5.57,60.3,26.02,51.11,11.860000000000001,Warning
1984,2026-05-22 15:55:13,24.59,7.33,5.57,60.3,26.02,51.11,11.860000000000001,Warning
1985,2026-05-22 15:55:15,24.59,7.33,5.57,60.3,26.02,51.11,11.860000000000001,Warning
1986,2026-05-22 15:55:16,24.59,7.33,5.57,60.3,26.02,51.11,11.860000000000001,Warning
1987,2026-05-22 15:55:19,24.59,7.33,5.57,60.3,26.02,51.11,11.860000000000001,Warning
1988,2026-05-22 15:55:19,24.59,7.33,5.57,60.3,26.02,51.11,11.860000000000001,Warning
1989,2026-05-22 15:55:22,24.59,7.33,5.57,60.3,26.02,51.11,11.860000000000001,Warning
1990,2026-05-22 15:55:22,24.59,7.33,5.57,60.3,26.02,51.11,11.860000000000001,Warning
1991,2026-05-22 15:55:25,24.59,7.33,5.57,60.3,26.02,51.11,11.860000000000001,Warning
1992,2026-05-22 15:55:25,24.59,7.33,5.57,60.3,26.02,51.11,11.860000000000001,Warning
1993,2026-05-22 15:55:28,24.59,7.33,5.57,60.3,26.02,51.11,11.860000000000001,Warning
1994,2026-05-22 15:55:28,24.59,7.33,5.57,60.3,26.02,51.11,11.860000000000001,Warning
1995,2026-05-22 15:55:31,24.59,7.33,5.57,60.3,26.02,51.11,11.860000000000001,Warning
1996,2026-05-22 15:55:31,24.59,7.33,5.57,60.3,26.02,51.11,11.860000000000001,Warning
1997,2026-05-22 15:55:34,24.59,7.33,5.57,60.3,26.02,51.11,11.860000000000001,Warning
1998,2026-05-22 15:55:34,24.59,7.33,5.57,60.3,26.02,51.11,11.860000000000001,Warning
1999,2026-05-22 15:55:37,24.59,7.33,5.57,60.3,26.02,51.11,11.860000000000001,Warning
2000,2026-05-22 15:55:37,24.59,7.33,5.57,60.3,26.02,51.11,11.860000000000001,Warning
2001,2026-05-22 15:55:40,24.59,7.33,5.57,60.3,26.02,51.11,11.860000000000001,Warning
2002,2026-05-22 15:55:40,24.59,7.33,5.57,60.3,26.02,51.11,11.860000000000001,Warning
2003,2026-05-22 15:55:43,24.59,7.33,5.57,60.3,26.02,51.11,11.860000000000001,Warning
2004,2026-05-22 15:55:43,24.59,7.33,5.57,60.3,26.02,51.11,11.860000000000001,Warning
2005,2026-05-22 15:55:46,24.59,7.33,5.57,60.3,26.02,51.11,11.860000000000001,Warning
2006,2026-05-22 15:55:46,24.59,7.33,5.57,60.3,26.02,51.11,11.860000000000001,Warning
2007,2026-05-22 15:55:49,24.59,7.33,5.57,60.3,26.02,51.11,11.860000000000001,Warning
2008,2026-05-22 15:55:49,24.59,7.33,5.57,60.3,26.02,51.11,11.860000000000001,Warning
2009,2026-05-22 15:55:52,25.05,6.66,5.75,65.13,32.85,58.08,12.538999999999994,Warning
2010,2026-05-22 15:55:53,25.05,6.66,5.75,65.13,32.85,58.08,12.538999999999994,Warning
2011,2026-05-22 15:55:55,26.94,6.66,5.75,65.13,32.85,58.08,8.758999999999993,Healthy
2012,2026-05-22 15:55:55,26.94,6.66,5.75,65.13,32.85,58.08,8.758999999999993,Healthy
2013,2026-05-22 15:55:58,26.94,7.45,5.16,62.82,25.54,57.68,9.716000000000001,Healthy
2014,2026-05-22 15:55:58,26.94,7.45,5.16,62.82,25.54,57.68,9.716000000000001,Healthy
2015,2026-05-22 15:56:01,28.48,7.39,6.48,62.82,25.54,57.68,7.655999999999996,Healthy
2016,2026-05-22 15:56:01,28.48,7.39,6.48,62.82,25.54,57.68,7.655999999999996,Healthy
2017,2026-05-22 15:56:04,28.48,7.39,6.48,44.92,33.01,84.99,11.333999999999996,Warning
2018,2026-05-22 15:56:04,28.48,7.39,6.48,44.92,33.01,84.99,11.333999999999996,Warning
2019,2026-05-22 15:56:07,25.98,6.99,6.59,44.92,33.01,84.99,8.713999999999995,Healthy
2020,2026-05-22 15:56:07,25.98,6.99,6.59,58.77,25.84,84.99,4.558999999999995,Healthy
2021,2026-05-22 15:56:09,25.98,6.99,6.59,58.77,25.84,70.23,4.558999999999995,Healthy
2022,2026-05-22 15:56:10,25.98,6.99,6.59,58.77,25.84,70.23,4.558999999999995,Healthy
2023,2026-05-22 15:56:12,25.98,6.99,6.59,58.77,25.84,70.23,4.558999999999995,Healthy
2024,2026-05-22 15:56:13,28.07,7.21,5.5,63.24,29.49,70.23,4.2620000000000005,Healthy
2025,2026-05-22 15:56:15,28.07,7.21,5.5,63.24,29.49,92.37,4.2620000000000005,Healthy
2026,2026-05-22 15:56:16,28.07,7.21,5.5,63.24,29.49,92.37,4.2620000000000005,Healthy
2027,2026-05-22 15:56:18,24.62,7.21,5.5,63.24,29.49,92.37,10.881999999999998,Warning
2028,2026-05-22 15:56:19,24.62,6.99,7.91,47.41,31.55,61.42,10.686999999999996,Warning
2029,2026-05-22 15:56:21,24.62,6.99,7.91,47.41,31.55,61.42,10.686999999999996,Warning
2030,2026-05-22 15:56:22,24.62,6.99,7.91,47.41,31.55,61.42,10.686999999999996,Warning
2031,2026-05-22 15:56:24,25.91,6.67,7.91,47.41,31.55,61.42,12.907000000000002,Warning
2032,2026-05-22 15:56:25,25.91,6.67,8.6,52.03,28.28,61.42,11.521,Warning
2033,2026-05-22 15:56:28,25.91,6.67,8.6,52.03,28.28,88.57,11.521,Warning
2034,2026-05-22 15:56:30,25.91,6.67,8.6,52.03,28.28,88.57,11.521,Warning
2035,2026-05-22 15:56:30,25.91,6.67,8.6,52.03,28.28,88.57,11.521,Warning
2036,2026-05-22 15:56:32,25.91,6.67,8.6,52.03,28.28,88.57,11.521,Warning
2037,2026-05-22 15:56:33,25.46,6.67,8.6,52.03,28.28,88.57,12.421,Warning
2038,2026-05-22 15:56:35,25.46,7.08,5.99,53.73,28.28,61.84,8.161,Healthy
2039,2026-05-22 15:56:37,25.46,7.08,5.99,53.73,29.73,61.84,8.161,Healthy
2040,2026-05-22 15:56:38,25.46,7.08,5.99,53.73,29.73,61.84,8.161,Healthy
2041,2026-05-22 15:56:39,25.46,7.08,5.99,53.73,29.73,61.84,8.161,Healthy
2042,2026-05-22 15:56:40,25.46,7.08,5.99,53.73,29.73,61.84,8.161,Healthy
2043,2026-05-22 15:56:43,29.13,7.17,5.86,62.83,32.48,69.6,5.658999999999996,Healthy
2044,2026-05-22 15:56:45,29.13,7.17,5.86,62.83,32.48,69.6,5.658999999999996,Healthy
2045,2026-05-22 15:56:46,29.13,7.17,5.86,62.83,32.48,69.6,5.658999999999996,Healthy
2046,2026-05-22 15:56:48,24.7,7.48,5.49,48.73,33.36,69.6,17.181000000000008,Warning
2047,2026-05-22 15:56:49,24.7,7.48,5.49,48.73,33.36,67.69,17.181000000000008,Warning
2048,2026-05-22 15:56:51,24.7,7.48,5.49,48.73,33.36,67.69,17.181000000000008,Warning
2049,2026-05-22 15:56:52,24.7,7.48,5.49,48.73,33.36,67.69,17.181000000000008,Warning
2050,2026-05-22 15:56:54,27.37,7.5,7.36,51.91,25.85,50.82,11.187,Warning
2051,2026-05-22 15:56:55,27.37,7.5,7.36,51.91,25.85,50.82,11.187,Warning
2052,2026-05-22 15:56:57,27.37,7.5,7.36,51.91,25.85,50.82,11.187,Warning
2053,2026-05-22 15:56:58,27.37,7.5,7.36,51.91,25.85,50.82,11.187,Warning
2054,2026-05-22 15:57:00,29.11,7.07,5.43,45.88,25.85,50.82,7.506000000000002,Healthy
2055,2026-05-22 15:57:01,29.11,7.07,5.43,45.88,25.85,50.82,7.506000000000002,Healthy
2056,2026-05-22 15:57:03,29.11,7.07,5.43,45.88,25.85,50.82,7.506000000000002,Healthy
2057,2026-05-22 15:57:04,29.11,7.07,5.43,45.88,25.85,50.82,7.506000000000002,Healthy
2058,2026-05-22 15:57:06,29.11,7.07,5.43,45.88,25.85,50.82,7.506000000000002,Healthy
2059,2026-05-22 15:57:07,29.11,7.07,5.43,45.88,25.85,50.82,7.506000000000002,Healthy
2060,2026-05-22 15:57:09,29.11,7.07,5.43,45.88,25.85,50.82,7.506000000000002,Healthy
2061,2026-05-22 15:57:10,29.11,7.07,5.43,45.88,25.85,50.82,7.506000000000002,Healthy
2062,2026-05-22 15:57:12,29.11,7.07,5.43,45.88,25.85,50.82,7.506000000000002,Healthy
2063,2026-05-22 15:57:13,29.11,7.07,5.43,45.88,25.85,50.82,7.506000000000002,Healthy
2064,2026-05-22 15:57:15,29.11,7.07,5.43,45.88,25.85,50.82,7.506000000000002,Healthy
2065,2026-05-22 15:57:16,29.11,7.07,5.43,45.88,25.85,50.82,7.506000000000002,Healthy
2066,2026-05-22 15:57:17,29.11,7.07,5.43,45.88,25.85,50.82,7.506000000000002,Healthy
2067,2026-05-22 15:57:19,29.11,7.07,5.43,45.88,25.85,50.82,7.506000000000002,Healthy
2068,2026-05-22 15:57:21,29.11,7.07,5.43,45.88,25.85,50.82,7.506000000000002,Healthy
2069,2026-05-22 15:57:22,29.11,7.07,5.43,45.88,25.85,50.82,7.506000000000002,Healthy
2070,2026-05-22 15:57:24,29.11,7.07,5.43,45.88,25.85,50.82,7.506000000000002,Healthy
2071,2026-05-22 15:57:25,29.11,7.07,5.43,45.88,25.85,50.82,7.506000000000002,Healthy
2072,2026-05-22 15:57:27,29.11,7.07,5.43,45.88,25.85,50.82,7.506000000000002,Healthy
2073,2026-05-22 15:57:28,29.11,7.07,5.43,45.88,25.85,50.82,7.506000000000002,Healthy
2074,2026-05-22 15:57:30,29.11,7.07,5.43,45.88,25.85,50.82,7.506000000000002,Healthy
2075,2026-05-22 15:57:31,29.11,7.07,5.43,45.88,25.85,50.82,7.506000000000002,Healthy
2076,2026-05-22 15:57:33,29.11,7.07,5.43,45.88,25.85,50.82,7.506000000000002,Healthy
2077,2026-05-22 15:57:34,29.11,7.07,5.43,45.88,25.85,50.82,7.506000000000002,Healthy
2078,2026-05-22 15:57:36,29.11,7.07,5.43,45.88,25.85,50.82,7.506000000000002,Healthy
2079,2026-05-22 15:57:37,29.11,7.07,5.43,45.88,25.85,50.82,7.506000000000002,Healthy
2080,2026-05-22 15:57:39,29.11,7.07,5.43,45.88,25.85,50.82,7.506000000000002,Healthy
2081,2026-05-22 15:57:40,29.11,7.07,5.43,45.88,25.85,50.82,7.506000000000002,Healthy
2082,2026-05-22 15:57:42,29.11,7.07,5.43,45.88,25.85,50.82,7.506000000000002,Healthy
2083,2026-05-22 15:57:43,29.11,7.07,5.43,45.88,25.85,50.82,7.506000000000002,Healthy
2084,2026-05-22 15:57:45,29.11,7.07,5.43,45.88,25.85,50.82,7.506000000000002,Healthy
2085,2026-05-22 15:57:46,29.11,7.07,5.43,45.88,25.85,50.82,7.506000000000002,Healthy
2086,2026-05-22 15:57:48,29.11,7.07,5.43,45.88,25.85,50.82,7.506000000000002,Healthy
2087,2026-05-22 15:57:49,29.11,7.07,5.43,45.88,25.85,50.82,7.506000000000002,Healthy
2088,2026-05-22 15:57:51,29.11,7.07,5.43,45.88,25.85,50.82,7.506000000000002,Healthy
2089,2026-05-22 15:57:52,29.11,7.07,5.43,45.88,25.85,50.82,7.506000000000002,Healthy
2090,2026-05-22 15:57:54,29.11,7.07,5.43,45.88,25.85,50.82,7.506000000000002,Healthy
2091,2026-05-22 15:57:55,29.11,7.07,5.43,45.88,25.85,50.82,7.506000000000002,Healthy
2092,2026-05-22 15:57:57,29.11,7.07,5.43,45.88,25.85,50.82,7.506000000000002,Healthy
2093,2026-05-22 15:57:58,29.11,7.07,5.43,45.88,25.85,50.82,7.506000000000002,Healthy
2094,2026-05-22 15:58:00,29.11,7.07,5.43,45.88,25.85,50.82,7.506000000000002,Healthy
2095,2026-05-22 15:58:01,29.11,7.07,5.43,45.88,25.85,50.82,7.506000000000002,Healthy
2096,2026-05-22 15:58:03,29.11,7.07,5.43,45.88,25.85,50.82,7.506000000000002,Healthy
2097,2026-05-22 15:58:04,29.11,7.07,5.43,45.88,25.85,50.82,7.506000000000002,Healthy
2098,2026-05-22 15:58:06,29.11,7.07,5.43,45.88,25.85,50.82,7.506000000000002,Healthy
2099,2026-05-22 15:58:07,29.11,7.07,5.43,45.88,25.85,50.82,7.506000000000002,Healthy
2100,2026-05-22 15:58:09,29.11,7.07,5.43,45.88,25.85,50.82,7.506000000000002,Healthy
2101,2026-05-22 15:58:10,29.11,7.07,5.43,45.88,25.85,50.82,7.506000000000002,Healthy
2102,2026-05-22 15:58:12,29.11,7.07,5.43,45.88,25.85,50.82,7.506000000000002,Healthy
2103,2026-05-22 15:58:13,29.11,7.07,5.43,45.88,25.85,50.82,7.506000000000002,Healthy
2104,2026-05-22 15:58:15,29.11,7.07,5.43,45.88,25.85,50.82,7.506000000000002,Healthy
2105,2026-05-22 15:58:16,29.11,7.07,5.43,45.88,25.85,50.82,7.506000000000002,Healthy
2106,2026-05-22 15:58:18,29.11,7.07,5.43,45.88,25.85,50.82,7.506000000000002,Healthy
2107,2026-05-22 15:58:19,29.11,7.07,5.43,45.88,25.85,50.82,7.506000000000002,Healthy
2108,2026-05-22 15:58:21,29.11,7.07,5.43,45.88,25.85,50.82,7.506000000000002,Healthy
2109,2026-05-22 15:58:22,29.11,7.07,5.43,45.88,25.85,50.82,7.506000000000002,Healthy
2110,2026-05-22 15:58:24,29.11,7.07,5.43,45.88,25.85,50.82,7.506000000000002,Healthy
2111,2026-05-22 15:58:25,29.11,7.07,5.43,45.88,25.85,50.82,7.506000000000002,Healthy
2112,2026-05-22 15:58:27,29.11,7.07,5.43,45.88,25.85,50.82,7.506000000000002,Healthy
2113,2026-05-22 15:58:28,29.11,7.07,5.43,45.88,25.85,50.82,7.506000000000002,Healthy
2114,2026-05-22 15:58:30,29.11,7.07,5.43,45.88,25.85,50.82,7.506000000000002,Healthy
2115,2026-05-22 15:58:31,29.11,7.07,5.43,45.88,25.85,50.82,7.506000000000002,Healthy
2116,2026-05-22 15:58:33,29.11,7.07,5.43,45.88,25.85,50.82,7.506000000000002,Healthy
2117,2026-05-22 15:58:34,29.11,7.07,5.43,45.88,25.85,50.82,7.506000000000002,Healthy
2118,2026-05-22 15:58:36,29.11,7.07,5.43,45.88,25.85,50.82,7.506000000000002,Healthy
2119,2026-05-22 15:58:37,29.11,7.07,5.43,45.88,25.85,50.82,7.506000000000002,Healthy
2120,2026-05-22 15:58:39,29.11,7.07,5.43,45.88,25.85,50.82,7.506000000000002,Healthy
2121,2026-05-22 15:58:40,29.11,7.07,5.43,45.88,25.85,50.82,7.506000000000002,Healthy
2122,2026-05-22 15:58:42,29.11,7.07,5.43,45.88,25.85,50.82,7.506000000000002,Healthy
2123,2026-05-22 15:58:43,29.11,7.07,5.43,45.88,25.85,50.82,7.506000000000002,Healthy
2124,2026-05-22 15:58:45,29.11,7.07,5.43,45.88,25.85,50.82,7.506000000000002,Healthy
2125,2026-05-22 15:58:46,29.11,7.07,5.43,45.88,25.85,50.82,7.506000000000002,Healthy
2126,2026-05-22 15:58:48,29.11,7.07,5.43,45.88,25.85,50.82,7.506000000000002,Healthy
2127,2026-05-22 15:58:49,29.11,7.07,5.43,45.88,25.85,50.82,7.506000000000002,Healthy
2128,2026-05-22 15:58:51,29.11,7.07,5.43,45.88,25.85,50.82,7.506000000000002,Healthy
2129,2026-05-22 15:58:52,29.11,7.07,5.43,45.88,25.85,50.82,7.506000000000002,Healthy
2130,2026-05-22 15:58:54,29.11,7.07,5.43,45.88,25.85,50.82,7.506000000000002,Healthy
2131,2026-05-22 15:58:55,29.11,7.07,5.43,45.88,25.85,50.82,7.506000000000002,Healthy
2132,2026-05-22 15:58:57,29.11,7.07,5.43,45.88,25.85,50.82,7.506000000000002,Healthy
2133,2026-05-22 15:58:58,29.11,7.07,5.43,45.88,25.85,50.82,7.506000000000002,Healthy
2134,2026-05-22 15:59:00,29.11,7.07,5.43,45.88,25.85,50.82,7.506000000000002,Healthy
2135,2026-05-22 15:59:01,29.11,7.07,5.43,45.88,25.85,50.82,7.506000000000002,Healthy
2136,2026-05-22 15:59:03,29.11,7.07,5.43,45.88,25.85,50.82,7.506000000000002,Healthy
2137,2026-05-22 15:59:04,29.11,7.07,5.43,45.88,25.85,50.82,7.506000000000002,Healthy
2138,2026-05-22 15:59:06,29.11,7.07,5.43,45.88,25.85,50.82,7.506000000000002,Healthy
2139,2026-05-22 15:59:07,29.11,7.07,5.43,45.88,25.85,50.82,7.506000000000002,Healthy
2140,2026-05-22 15:59:09,29.11,7.07,5.43,45.88,25.85,50.82,7.506000000000002,Healthy
2141,2026-05-22 15:59:10,29.11,7.07,5.43,45.88,25.85,50.82,7.506000000000002,Healthy
2142,2026-05-22 15:59:12,29.11,7.07,5.43,45.88,25.85,50.82,7.506000000000002,Healthy
2143,2026-05-22 15:59:14,29.11,7.07,5.43,45.88,25.85,50.82,7.506000000000002,Healthy
2144,2026-05-22 15:59:15,29.11,7.07,5.43,45.88,25.85,50.82,7.506000000000002,Healthy
2145,2026-05-22 15:59:16,29.11,7.07,5.43,45.88,25.85,50.82,7.506000000000002,Healthy
2146,2026-05-22 15:59:18,29.11,7.07,5.43,45.88,25.85,50.82,7.506000000000002,Healthy
2147,2026-05-22 15:59:19,29.11,7.07,5.43,45.88,25.85,50.82,7.506000000000002,Healthy
2148,2026-05-22 15:59:21,29.11,7.07,5.43,45.88,25.85,50.82,7.506000000000002,Healthy
2149,2026-05-22 15:59:22,29.11,7.07,5.43,45.88,25.85,50.82,7.506000000000002,Healthy
2150,2026-05-22 15:59:24,29.11,7.07,5.43,45.88,25.85,50.82,7.506000000000002,Healthy
2151,2026-05-22 15:59:25,29.11,7.07,5.43,45.88,25.85,50.82,7.506000000000002,Healthy
2152,2026-05-22 15:59:27,29.11,7.07,5.43,45.88,25.85,50.82,7.506000000000002,Healthy
2153,2026-05-22 15:59:28,29.11,7.07,5.43,45.88,25.85,50.82,7.506000000000002,Healthy
2154,2026-05-22 15:59:30,29.11,7.07,5.43,45.88,25.85,50.82,7.506000000000002,Healthy
2155,2026-05-22 15:59:31,29.11,7.07,5.43,45.88,25.85,50.82,7.506000000000002,Healthy
2156,2026-05-22 15:59:33,29.11,7.07,5.43,45.88,25.85,50.82,7.506000000000002,Healthy
2157,2026-05-22 15:59:34,29.11,7.07,5.43,45.88,25.85,50.82,7.506000000000002,Healthy
2158,2026-05-22 15:59:36,29.11,7.07,5.43,45.88,25.85,50.82,7.506000000000002,Healthy
2159,2026-05-22 15:59:37,29.11,7.07,5.43,45.88,25.85,50.82,7.506000000000002,Healthy
2160,2026-05-22 15:59:39,29.11,7.07,5.43,45.88,25.85,50.82,7.506000000000002,Healthy
2161,2026-05-22 15:59:40,29.11,7.07,5.43,45.88,25.85,50.82,7.506000000000002,Healthy
2162,2026-05-22 15:59:43,29.11,7.07,5.43,45.88,25.85,50.82,7.506000000000002,Healthy
2163,2026-05-22 15:59:42,29.11,7.07,5.43,45.88,25.85,50.82,7.506000000000002,Healthy
2164,2026-05-22 15:59:45,29.11,7.07,5.43,45.88,25.85,50.82,7.506000000000002,Healthy
2165,2026-05-22 15:59:46,29.11,7.07,5.43,45.88,25.85,50.82,7.506000000000002,Healthy
2166,2026-05-22 15:59:48,29.11,7.07,5.43,45.88,25.85,50.82,7.506000000000002,Healthy
2167,2026-05-22 15:59:49,29.11,7.07,5.43,45.88,25.85,50.82,7.506000000000002,Healthy
2168,2026-05-22 15:59:51,29.11,7.07,5.43,45.88,25.85,50.82,7.506000000000002,Healthy
2169,2026-05-22 15:59:52,29.11,7.07,5.43,45.88,25.85,50.82,7.506000000000002,Healthy
2170,2026-05-22 15:59:54,29.11,7.07,5.43,45.88,25.85,50.82,7.506000000000002,Healthy
2171,2026-05-22 15:59:55,29.11,7.07,5.43,45.88,25.85,50.82,7.506000000000002,Healthy
2172,2026-05-22 15:59:57,29.11,7.07,5.43,45.88,25.85,50.82,7.506000000000002,Healthy
2173,2026-05-22 15:59:58,29.11,7.07,5.43,45.88,25.85,50.82,7.506000000000002,Healthy
2174,2026-05-22 16:00:00,29.11,7.07,5.43,45.88,25.85,50.82,7.506000000000002,Healthy
2175,2026-05-22 16:00:01,29.11,7.07,5.43,45.88,25.85,50.82,7.506000000000002,Healthy
2176,2026-05-22 16:00:03,29.11,7.07,5.43,45.88,25.85,50.82,7.506000000000002,Healthy
2177,2026-05-22 16:00:04,29.11,7.07,5.43,45.88,25.85,50.82,7.506000000000002,Healthy
2178,2026-05-22 16:00:06,29.11,7.07,5.43,45.88,25.85,50.82,7.506000000000002,Healthy
2179,2026-05-22 16:00:07,29.11,7.07,5.43,45.88,25.85,50.82,7.506000000000002,Healthy
2180,2026-05-22 16:00:09,29.11,7.07,5.43,45.88,25.85,50.82,7.506000000000002,Healthy
2181,2026-05-22 16:00:10,29.11,7.07,5.43,45.88,25.85,50.82,7.506000000000002,Healthy
2182,2026-05-22 16:00:12,29.11,7.07,5.43,45.88,25.85,50.82,7.506000000000002,Healthy
2183,2026-05-22 16:00:13,29.11,7.07,5.43,45.88,25.85,50.82,7.506000000000002,Healthy
2184,2026-05-22 16:00:15,29.11,7.07,5.43,45.88,25.85,50.82,7.506000000000002,Healthy
2185,2026-05-22 16:00:16,29.11,7.07,5.43,45.88,25.85,50.82,7.506000000000002,Healthy
2186,2026-05-22 16:00:18,29.11,7.07,5.43,45.88,25.85,50.82,7.506000000000002,Healthy
2187,2026-05-22 16:00:19,29.11,7.07,5.43,45.88,25.85,50.82,7.506000000000002,Healthy
2188,2026-05-22 16:00:21,29.11,7.07,5.43,45.88,25.85,50.82,7.506000000000002,Healthy
2189,2026-05-22 16:00:22,29.11,7.07,5.43,45.88,25.85,50.82,7.506000000000002,Healthy
2190,2026-05-22 16:00:24,29.11,7.07,5.43,45.88,25.85,50.82,7.506000000000002,Healthy
2191,2026-05-22 16:00:25,29.11,7.07,5.43,45.88,25.85,50.82,7.506000000000002,Healthy
2192,2026-05-22 16:00:27,29.11,7.07,5.43,45.88,25.85,50.82,7.506000000000002,Healthy
2193,2026-05-22 16:00:28,29.11,7.07,5.43,45.88,25.85,50.82,7.506000000000002,Healthy
2194,2026-05-22 16:00:30,29.11,7.07,5.43,45.88,25.85,50.82,7.506000000000002,Healthy
2195,2026-05-22 16:00:31,29.11,7.07,5.43,45.88,25.85,50.82,7.506000000000002,Healthy
2196,2026-05-22 16:00:33,29.11,7.07,5.43,45.88,25.85,50.82,7.506000000000002,Healthy
2197,2026-05-22 16:00:34,29.11,7.07,5.43,45.88,25.85,50.82,7.506000000000002,Healthy
2198,2026-05-22 16:00:36,29.11,7.07,5.43,45.88,25.85,50.82,7.506000000000002,Healthy
2199,2026-05-22 16:00:37,29.11,7.07,5.43,45.88,25.85,50.82,7.506000000000002,Healthy
2200,2026-05-22 16:00:39,29.11,7.07,5.43,45.88,25.85,50.82,7.506000000000002,Healthy
2201,2026-05-22 16:00:40,29.11,7.07,5.43,45.88,25.85,50.82,7.506000000000002,Healthy
2202,2026-05-22 16:00:42,29.11,7.07,5.43,45.88,25.85,50.82,7.506000000000002,Healthy
2203,2026-05-22 16:00:43,29.11,7.07,5.43,45.88,25.85,50.82,7.506000000000002,Healthy
2204,2026-05-22 16:00:45,29.11,7.07,5.43,45.88,25.85,50.82,7.506000000000002,Healthy
2205,2026-05-22 16:00:46,29.11,7.07,5.43,45.88,25.85,50.82,7.506000000000002,Healthy
2206,2026-05-22 16:00:48,29.11,7.07,5.43,45.88,25.85,50.82,7.506000000000002,Healthy
2207,2026-05-22 16:00:49,29.11,7.07,5.43,45.88,25.85,50.82,7.506000000000002,Healthy
2208,2026-05-22 16:00:51,29.11,7.07,5.43,45.88,25.85,50.82,7.506000000000002,Healthy
2209,2026-05-22 16:00:52,29.11,7.07,5.43,45.88,25.85,50.82,7.506000000000002,Healthy
2210,2026-05-22 16:00:54,29.11,7.07,5.43,45.88,25.85,50.82,7.506000000000002,Healthy
2211,2026-05-22 16:00:55,29.11,7.07,5.43,45.88,25.85,50.82,7.506000000000002,Healthy
2212,2026-05-22 16:00:57,29.11,7.07,5.43,45.88,25.85,50.82,7.506000000000002,Healthy
2213,2026-05-22 16:00:58,29.11,7.07,5.43,45.88,25.85,50.82,7.506000000000002,Healthy
2214,2026-05-22 16:01:00,29.11,7.07,5.43,45.88,25.85,50.82,7.506000000000002,Healthy
2215,2026-05-22 16:01:02,29.11,7.07,5.43,45.88,25.85,50.82,7.506000000000002,Healthy
2216,2026-05-22 16:01:03,29.11,7.07,5.43,45.88,25.85,50.82,7.506000000000002,Healthy
2217,2026-05-22 16:01:04,29.11,7.07,5.43,45.88,25.85,50.82,7.506000000000002,Healthy
2218,2026-05-22 16:01:06,29.11,7.07,5.43,45.88,25.85,50.82,7.506000000000002,Healthy
2219,2026-05-22 16:01:07,29.11,7.07,5.43,45.88,25.85,50.82,7.506000000000002,Healthy
2220,2026-05-22 16:01:09,29.11,7.07,5.43,45.88,25.85,50.82,7.506000000000002,Healthy
2221,2026-05-22 16:01:10,29.11,7.07,5.43,45.88,25.85,50.82,7.506000000000002,Healthy
2222,2026-05-22 16:01:12,29.11,7.07,5.43,45.88,25.85,50.82,7.506000000000002,Healthy
2223,2026-05-22 16:01:13,29.11,7.07,5.43,45.88,25.85,50.82,7.506000000000002,Healthy
2224,2026-05-22 16:01:15,29.11,7.07,5.43,45.88,25.85,50.82,7.506000000000002,Healthy
2225,2026-05-22 16:01:16,29.11,7.07,5.43,45.88,25.85,50.82,7.506000000000002,Healthy
2226,2026-05-22 16:01:18,29.11,7.07,5.43,45.88,25.85,50.82,7.506000000000002,Healthy
2227,2026-05-22 16:01:19,29.11,7.07,5.43,45.88,25.85,50.82,7.506000000000002,Healthy
2228,2026-05-22 16:01:21,29.11,7.07,5.43,45.88,25.85,50.82,7.506000000000002,Healthy
2229,2026-05-22 16:01:22,29.11,7.07,5.43,45.88,25.85,50.82,7.506000000000002,Healthy
2230,2026-05-22 16:01:24,29.11,7.07,5.43,45.88,25.85,50.82,7.506000000000002,Healthy
2231,2026-05-22 16:01:25,29.11,7.07,5.43,45.88,25.85,50.82,7.506000000000002,Healthy
2232,2026-05-22 16:01:28,29.11,7.07,5.43,45.88,25.85,50.82,7.506000000000002,Healthy
2233,2026-05-22 16:01:29,29.11,7.07,5.43,45.88,25.85,50.82,7.506000000000002,Healthy
2234,2026-05-22 16:01:30,29.11,7.07,5.43,45.88,25.85,50.82,7.506000000000002,Healthy
2235,2026-05-22 16:01:31,29.11,7.07,5.43,45.88,25.85,50.82,7.506000000000002,Healthy
2236,2026-05-22 16:01:34,29.11,7.07,5.43,45.88,25.85,50.82,7.506000000000002,Healthy
2237,2026-05-22 16:01:34,29.11,7.07,5.43,45.88,25.85,50.82,7.506000000000002,Healthy
2238,2026-05-22 16:01:36,29.11,7.07,5.43,45.88,25.85,50.82,7.506000000000002,Healthy
2239,2026-05-22 16:01:37,29.11,7.07,5.43,45.88,25.85,50.82,7.506000000000002,Healthy
2240,2026-05-22 16:01:39,29.11,7.07,5.43,45.88,25.85,50.82,7.506000000000002,Healthy
2241,2026-05-22 16:01:40,29.11,7.07,5.43,45.88,25.85,50.82,7.506000000000002,Healthy
2242,2026-05-22 16:01:42,29.11,7.07,5.43,45.88,25.85,50.82,7.506000000000002,Healthy
2243,2026-05-22 16:01:43,29.11,7.07,5.43,45.88,25.85,50.82,7.506000000000002,Healthy
2244,2026-05-22 16:01:45,29.11,7.07,5.43,45.88,25.85,50.82,7.506000000000002,Healthy
2245,2026-05-22 16:01:46,29.11,7.07,5.43,45.88,25.85,50.82,7.506000000000002,Healthy
2246,2026-05-22 16:01:48,29.11,7.07,5.43,45.88,25.85,50.82,7.506000000000002,Healthy
2247,2026-05-22 16:01:49,29.11,7.07,5.43,45.88,25.85,50.82,7.506000000000002,Healthy
2248,2026-05-22 16:01:51,29.11,7.07,5.43,45.88,25.85,50.82,7.506000000000002,Healthy
2249,2026-05-22 16:01:52,29.11,7.07,5.43,45.88,25.85,50.82,7.506000000000002,Healthy
2250,2026-05-22 16:01:54,29.11,7.07,5.43,45.88,25.85,50.82,7.506000000000002,Healthy
2251,2026-05-22 16:01:55,29.11,7.07,5.43,45.88,25.85,50.82,7.506000000000002,Healthy
2252,2026-05-22 16:01:57,29.11,7.07,5.43,45.88,25.85,50.82,7.506000000000002,Healthy
2253,2026-05-22 16:01:58,29.11,7.07,5.43,45.88,25.85,50.82,7.506000000000002,Healthy
2254,2026-05-22 16:02:00,29.11,7.07,5.43,45.88,25.85,50.82,7.506000000000002,Healthy
2255,2026-05-22 16:02:01,29.11,7.07,5.43,45.88,25.85,50.82,7.506000000000002,Healthy
2256,2026-05-22 16:02:03,29.11,7.07,5.43,45.88,25.85,50.82,7.506000000000002,Healthy
2257,2026-05-22 16:02:04,29.11,7.07,5.43,45.88,25.85,50.82,7.506000000000002,Healthy
2258,2026-05-22 16:02:06,29.11,7.07,5.43,45.88,25.85,50.82,7.506000000000002,Healthy
2259,2026-05-22 16:02:07,29.11,7.07,5.43,45.88,25.85,50.82,7.506000000000002,Healthy
2260,2026-05-22 16:02:09,29.11,7.07,5.43,45.88,25.85,50.82,7.506000000000002,Healthy
2261,2026-05-22 16:02:10,29.11,7.07,5.43,45.88,25.85,50.82,7.506000000000002,Healthy
2262,2026-05-22 16:02:13,29.11,7.07,5.43,45.88,25.85,50.82,7.506000000000002,Healthy
2263,2026-05-22 16:02:13,29.11,7.07,5.43,45.88,25.85,50.82,7.506000000000002,Healthy
2264,2026-05-22 16:02:16,29.11,7.07,5.43,45.88,25.85,50.82,7.506000000000002,Healthy
2265,2026-05-22 16:02:16,29.11,7.07,5.43,45.88,25.85,50.82,7.506000000000002,Healthy
2266,2026-05-22 16:02:19,29.11,7.07,5.43,45.88,25.85,50.82,7.506000000000002,Healthy
2267,2026-05-22 16:02:19,29.11,7.07,5.43,45.88,25.85,50.82,7.506000000000002,Healthy
2268,2026-05-22 16:02:22,29.11,7.07,5.43,45.88,25.85,50.82,7.506000000000002,Healthy
2269,2026-05-22 16:02:22,29.11,7.07,5.43,45.88,25.85,50.82,7.506000000000002,Healthy
2270,2026-05-22 16:02:25,29.11,7.07,5.43,45.88,25.85,50.82,7.506000000000002,Healthy
2271,2026-05-22 16:02:25,29.11,7.07,5.43,45.88,25.85,50.82,7.506000000000002,Healthy
2272,2026-05-22 16:02:28,29.11,7.07,5.43,45.88,25.85,50.82,7.506000000000002,Healthy
2273,2026-05-22 16:02:28,29.11,7.07,5.43,45.88,25.85,50.82,7.506000000000002,Healthy
2274,2026-05-22 16:02:31,29.11,7.07,5.43,45.88,25.85,50.82,7.506000000000002,Healthy
2275,2026-05-22 16:02:31,29.11,7.07,5.43,45.88,25.85,50.82,7.506000000000002,Healthy
2276,2026-05-22 16:02:34,29.11,7.07,5.43,45.88,25.85,50.82,7.506000000000002,Healthy
2277,2026-05-22 16:02:34,29.11,7.07,5.43,45.88,25.85,50.82,7.506000000000002,Healthy
2278,2026-05-22 16:02:37,29.11,7.07,5.43,45.88,25.85,50.82,7.506000000000002,Healthy
2279,2026-05-22 16:02:37,29.11,7.07,5.43,45.88,25.85,50.82,7.506000000000002,Healthy
2280,2026-05-22 16:02:40,29.11,7.07,5.43,45.88,25.85,50.82,7.506000000000002,Healthy
2281,2026-05-22 16:02:40,29.11,7.07,5.43,45.88,25.85,50.82,7.506000000000002,Healthy
2282,2026-05-22 16:02:43,29.11,7.07,5.43,45.88,25.85,50.82,7.506000000000002,Healthy
2283,2026-05-22 16:02:43,29.11,7.07,5.43,45.88,25.85,50.82,7.506000000000002,Healthy
2284,2026-05-22 16:02:46,29.11,7.07,5.43,45.88,25.85,50.82,7.506000000000002,Healthy
2285,2026-05-22 16:02:46,29.11,7.07,5.43,45.88,25.85,50.82,7.506000000000002,Healthy
2286,2026-05-22 16:02:49,29.11,7.07,5.43,45.88,25.85,50.82,7.506000000000002,Healthy
2287,2026-05-22 16:02:49,29.11,7.07,5.43,45.88,25.85,50.82,7.506000000000002,Healthy
2288,2026-05-22 16:02:52,29.11,7.07,5.43,45.88,25.85,50.82,7.506000000000002,Healthy
2289,2026-05-22 16:02:52,29.11,7.07,5.43,45.88,25.85,50.82,7.506000000000002,Healthy
2290,2026-05-22 16:02:55,29.11,7.07,5.43,45.88,25.85,50.82,7.506000000000002,Healthy
2291,2026-05-22 16:02:55,29.11,7.07,5.43,45.88,25.85,50.82,7.506000000000002,Healthy
2292,2026-05-22 16:02:58,29.11,7.07,5.43,45.88,25.85,50.82,7.506000000000002,Healthy
2293,2026-05-22 16:02:58,29.11,7.07,5.43,45.88,25.85,50.82,7.506000000000002,Healthy
2294,2026-05-22 16:03:01,29.11,7.07,5.43,45.88,25.85,50.82,7.506000000000002,Healthy
2295,2026-05-22 16:03:01,29.11,7.07,5.43,45.88,25.85,50.82,7.506000000000002,Healthy
2296,2026-05-22 16:03:04,29.11,7.07,5.43,45.88,25.85,50.82,7.506000000000002,Healthy
2297,2026-05-22 16:03:04,29.11,7.07,5.43,45.88,25.85,50.82,7.506000000000002,Healthy
2298,2026-05-22 16:03:07,29.11,7.07,5.43,45.88,25.85,50.82,7.506000000000002,Healthy
2299,2026-05-22 16:03:07,29.11,7.07,5.43,45.88,25.85,50.82,7.506000000000002,Healthy
2300,2026-05-22 16:03:10,29.11,7.07,5.43,45.88,25.85,50.82,7.506000000000002,Healthy
2301,2026-05-22 16:03:10,29.11,7.07,5.43,45.88,25.85,50.82,7.506000000000002,Healthy
2302,2026-05-22 16:03:13,29.11,7.07,5.43,45.88,25.85,50.82,7.506000000000002,Healthy
2303,2026-05-22 16:03:16,29.11,7.07,5.43,45.88,25.85,50.82,7.506000000000002,Healthy
2304,2026-05-22 16:03:19,29.11,7.07,5.43,45.88,25.85,50.82,7.506000000000002,Healthy
2305,2026-05-22 16:03:23,29.11,7.07,5.43,45.88,25.85,50.82,7.506000000000002,Healthy
2306,2026-05-22 16:03:25,29.11,7.07,5.43,45.88,25.85,50.82,7.506000000000002,Healthy
2307,2026-05-22 16:03:25,29.11,7.07,5.43,45.88,25.85,50.82,7.506000000000002,Healthy
2308,2026-05-22 16:03:28,29.11,7.07,5.43,45.88,25.85,50.82,7.506000000000002,Healthy
2309,2026-05-22 16:03:28,29.11,7.07,5.43,45.88,25.85,50.82,7.506000000000002,Healthy
2310,2026-05-22 16:03:31,29.11,7.07,5.43,45.88,25.85,50.82,7.506000000000002,Healthy
2311,2026-05-22 16:03:31,29.11,7.07,5.43,45.88,25.85,50.82,7.506000000000002,Healthy
2312,2026-05-22 16:03:34,29.11,7.07,5.43,45.88,25.85,50.82,7.506000000000002,Healthy
2313,2026-05-22 16:03:34,29.11,7.07,5.43,45.88,25.85,50.82,7.506000000000002,Healthy
2314,2026-05-22 16:03:37,29.11,7.07,5.43,45.88,25.85,50.82,7.506000000000002,Healthy
2315,2026-05-22 16:03:37,29.11,7.07,5.43,45.88,25.85,50.82,7.506000000000002,Healthy
2316,2026-05-22 16:03:40,29.11,7.07,5.43,45.88,25.85,50.82,7.506000000000002,Healthy
2317,2026-05-22 16:03:40,29.11,7.07,5.43,45.88,25.85,50.82,7.506000000000002,Healthy
2318,2026-05-22 16:03:43,29.11,7.07,5.43,45.88,25.85,50.82,7.506000000000002,Healthy
2319,2026-05-22 16:03:43,29.11,7.07,5.43,45.88,25.85,50.82,7.506000000000002,Healthy
2320,2026-05-22 16:03:46,29.11,7.07,5.43,45.88,25.85,50.82,7.506000000000002,Healthy
2321,2026-05-22 16:03:46,29.11,7.07,5.43,45.88,25.85,50.82,7.506000000000002,Healthy
2322,2026-05-22 16:03:49,29.11,7.07,5.43,45.88,25.85,50.82,7.506000000000002,Healthy
2323,2026-05-22 16:03:49,29.11,7.07,5.43,45.88,25.85,50.82,7.506000000000002,Healthy
2324,2026-05-22 16:03:52,29.11,7.07,5.43,45.88,25.85,50.82,7.506000000000002,Healthy
2325,2026-05-22 16:03:52,29.11,7.07,5.43,45.88,25.85,50.82,7.506000000000002,Healthy
2326,2026-05-22 16:03:55,29.11,7.07,5.43,45.88,25.85,50.82,7.506000000000002,Healthy
2327,2026-05-22 16:03:55,29.11,7.07,5.43,45.88,25.85,50.82,7.506000000000002,Healthy
2328,2026-05-22 16:03:58,29.11,7.07,5.43,45.88,25.85,50.82,7.506000000000002,Healthy
2329,2026-05-22 16:03:58,29.11,7.07,5.43,45.88,25.85,50.82,7.506000000000002,Healthy
2330,2026-05-22 16:04:01,29.11,7.07,5.43,45.88,25.85,50.82,7.506000000000002,Healthy
2331,2026-05-22 16:04:01,29.11,7.07,5.43,45.88,25.85,50.82,7.506000000000002,Healthy
2332,2026-05-22 16:04:04,29.11,7.07,5.43,45.88,25.85,50.82,7.506000000000002,Healthy
2333,2026-05-22 16:04:04,29.11,7.07,5.43,45.88,25.85,50.82,7.506000000000002,Healthy
2334,2026-05-22 16:04:07,29.11,7.07,5.43,45.88,25.85,50.82,7.506000000000002,Healthy
2335,2026-05-22 16:04:07,29.11,7.07,5.43,45.88,25.85,50.82,7.506000000000002,Healthy
2336,2026-05-22 16:04:10,29.11,7.07,5.43,45.88,25.85,50.82,7.506000000000002,Healthy
2337,2026-05-22 16:04:11,29.11,7.07,5.43,45.88,25.85,50.82,7.506000000000002,Healthy
2338,2026-05-22 16:04:13,29.11,7.07,5.43,45.88,25.85,50.82,7.506000000000002,Healthy
2339,2026-05-22 16:04:13,29.11,7.07,5.43,45.88,25.85,50.82,7.506000000000002,Healthy
2340,2026-05-22 16:04:16,29.11,7.07,5.43,45.88,25.85,50.82,7.506000000000002,Healthy
2341,2026-05-22 16:04:16,29.11,7.07,5.43,45.88,25.85,50.82,7.506000000000002,Healthy
2342,2026-05-22 16:04:19,29.11,7.07,5.43,45.88,25.85,50.82,7.506000000000002,Healthy
2343,2026-05-22 16:04:19,29.11,7.07,5.43,45.88,25.85,50.82,7.506000000000002,Healthy
2344,2026-05-22 16:04:22,29.11,7.07,5.43,45.88,25.85,50.82,7.506000000000002,Healthy
2345,2026-05-22 16:04:22,29.11,7.07,5.43,45.88,25.85,50.82,7.506000000000002,Healthy
2346,2026-05-22 16:04:25,29.11,7.07,5.43,45.88,25.85,50.82,7.506000000000002,Healthy
2347,2026-05-22 16:04:25,29.11,7.07,5.43,45.88,25.85,50.82,7.506000000000002,Healthy
2348,2026-05-22 16:04:28,29.11,7.07,5.43,45.88,25.85,50.82,7.506000000000002,Healthy
2349,2026-05-22 16:04:28,29.11,7.07,5.43,45.88,25.85,50.82,7.506000000000002,Healthy
2350,2026-05-22 16:04:31,29.11,7.07,5.43,45.88,25.85,50.82,7.506000000000002,Healthy
2351,2026-05-22 16:04:31,29.11,7.07,5.43,45.88,25.85,50.82,7.506000000000002,Healthy
2352,2026-05-22 16:04:34,29.11,7.07,5.43,45.88,25.85,50.82,7.506000000000002,Healthy
2353,2026-05-22 16:04:34,29.11,7.07,5.43,45.88,25.85,50.82,7.506000000000002,Healthy
2354,2026-05-22 16:04:37,29.11,7.07,5.43,45.88,25.85,50.82,7.506000000000002,Healthy
2355,2026-05-22 16:04:37,29.11,7.07,5.43,45.88,25.85,50.82,7.506000000000002,Healthy
2356,2026-05-22 16:04:40,29.11,7.07,5.43,45.88,25.85,50.82,7.506000000000002,Healthy
2357,2026-05-22 16:04:40,29.11,7.07,5.43,45.88,25.85,50.82,7.506000000000002,Healthy
2358,2026-05-22 16:04:43,29.11,7.07,5.43,45.88,25.85,50.82,7.506000000000002,Healthy
2359,2026-05-22 16:04:43,29.11,7.07,5.43,45.88,25.85,50.82,7.506000000000002,Healthy
2360,2026-05-22 16:04:46,29.11,7.07,5.43,45.88,25.85,50.82,7.506000000000002,Healthy
2361,2026-05-22 16:04:46,29.11,7.07,5.43,45.88,25.85,50.82,7.506000000000002,Healthy
2362,2026-05-22 16:04:49,29.11,7.07,5.43,45.88,25.85,50.82,7.506000000000002,Healthy
2363,2026-05-22 16:04:49,29.11,7.07,5.43,45.88,25.85,50.82,7.506000000000002,Healthy
2364,2026-05-22 16:04:52,29.11,7.07,5.43,45.88,25.85,50.82,7.506000000000002,Healthy
2365,2026-05-22 16:04:52,29.11,7.07,5.43,45.88,25.85,50.82,7.506000000000002,Healthy
2366,2026-05-22 16:04:55,29.11,7.07,5.43,45.88,25.85,50.82,7.506000000000002,Healthy
2367,2026-05-22 16:04:55,29.11,7.07,5.43,45.88,25.85,50.82,7.506000000000002,Healthy
2368,2026-05-22 16:04:58,29.11,7.07,5.43,45.88,25.85,50.82,7.506000000000002,Healthy
2369,2026-05-22 16:04:58,29.11,7.07,5.43,45.88,25.85,50.82,7.506000000000002,Healthy
2370,2026-05-22 16:05:01,29.11,7.07,5.43,45.88,25.85,50.82,7.506000000000002,Healthy
2371,2026-05-22 16:05:01,29.11,7.07,5.43,45.88,25.85,50.82,7.506000000000002,Healthy
2372,2026-05-22 16:05:04,29.11,7.07,5.43,45.88,25.85,50.82,7.506000000000002,Healthy
2373,2026-05-22 16:05:04,29.11,7.07,5.43,45.88,25.85,50.82,7.506000000000002,Healthy
2374,2026-05-22 16:05:07,29.11,7.07,5.43,45.88,25.85,50.82,7.506000000000002,Healthy
2375,2026-05-22 16:05:07,29.11,7.07,5.43,45.88,25.85,50.82,7.506000000000002,Healthy
2376,2026-05-22 16:05:10,29.11,7.07,5.43,45.88,25.85,50.82,7.506000000000002,Healthy
2377,2026-05-22 16:05:10,29.11,7.07,5.43,45.88,25.85,50.82,7.506000000000002,Healthy
2378,2026-05-22 16:05:13,29.11,7.07,5.43,45.88,25.85,50.82,7.506000000000002,Healthy
2379,2026-05-22 16:05:13,29.11,7.07,5.43,45.88,25.85,50.82,7.506000000000002,Healthy
2380,2026-05-22 16:05:16,29.11,7.07,5.43,45.88,25.85,50.82,7.506000000000002,Healthy
2381,2026-05-22 16:05:16,29.11,7.07,5.43,45.88,25.85,50.82,7.506000000000002,Healthy
2382,2026-05-22 16:05:19,29.11,7.07,5.43,45.88,25.85,50.82,7.506000000000002,Healthy
2383,2026-05-22 16:05:19,29.11,7.07,5.43,45.88,25.85,50.82,7.506000000000002,Healthy
2384,2026-05-22 16:05:22,29.11,7.07,5.43,45.88,25.85,50.82,7.506000000000002,Healthy
2385,2026-05-22 16:05:22,29.11,7.07,5.43,45.88,25.85,50.82,7.506000000000002,Healthy
2386,2026-05-22 16:05:25,29.11,7.07,5.43,45.88,25.85,50.82,7.506000000000002,Healthy
2387,2026-05-22 16:05:25,29.11,7.07,5.43,45.88,25.85,50.82,7.506000000000002,Healthy
2388,2026-05-22 16:05:28,29.11,7.07,5.43,45.88,25.85,50.82,7.506000000000002,Healthy
2389,2026-05-22 16:05:28,29.11,7.07,5.43,45.88,25.85,50.82,7.506000000000002,Healthy
2390,2026-05-22 16:05:31,29.11,7.07,5.43,45.88,25.85,50.82,7.506000000000002,Healthy
2391,2026-05-22 16:05:31,29.11,7.07,5.43,45.88,25.85,50.82,7.506000000000002,Healthy
2392,2026-05-22 16:05:34,29.11,7.07,5.43,45.88,25.85,50.82,7.506000000000002,Healthy
2393,2026-05-22 16:05:34,29.11,7.07,5.43,45.88,25.85,50.82,7.506000000000002,Healthy
2394,2026-05-22 16:05:37,29.11,7.07,5.43,45.88,25.85,50.82,7.506000000000002,Healthy
2395,2026-05-22 16:05:37,29.11,7.07,5.43,45.88,25.85,50.82,7.506000000000002,Healthy
2396,2026-05-22 16:05:40,29.11,7.07,5.43,45.88,25.85,50.82,7.506000000000002,Healthy
2397,2026-05-22 16:05:40,29.11,7.07,5.43,45.88,25.85,50.82,7.506000000000002,Healthy
2398,2026-05-22 16:05:43,29.11,7.07,5.43,45.88,25.85,50.82,7.506000000000002,Healthy
2399,2026-05-22 16:05:43,29.11,7.07,5.43,45.88,25.85,50.82,7.506000000000002,Healthy
2400,2026-05-22 16:05:46,29.11,7.07,5.43,45.88,25.85,50.82,7.506000000000002,Healthy
2401,2026-05-22 16:05:46,29.11,7.07,5.43,45.88,25.85,50.82,7.506000000000002,Healthy
2402,2026-05-22 16:05:49,29.11,7.07,5.43,45.88,25.85,50.82,7.506000000000002,Healthy
2403,2026-05-22 16:05:49,29.11,7.07,5.43,45.88,25.85,50.82,7.506000000000002,Healthy
2404,2026-05-22 16:05:52,29.11,7.07,5.43,45.88,25.85,50.82,7.506000000000002,Healthy
2405,2026-05-22 16:05:52,29.11,7.07,5.43,45.88,25.85,50.82,7.506000000000002,Healthy
2406,2026-05-22 16:05:55,29.11,7.07,5.43,45.88,25.85,50.82,7.506000000000002,Healthy
2407,2026-05-22 16:05:55,29.11,7.07,5.43,45.88,25.85,50.82,7.506000000000002,Healthy
2408,2026-05-22 16:05:58,29.11,7.07,5.43,45.88,25.85,50.82,7.506000000000002,Healthy
2409,2026-05-22 16:05:58,29.11,7.07,5.43,45.88,25.85,50.82,7.506000000000002,Healthy
2410,2026-05-22 16:06:01,29.11,7.07,5.43,45.88,25.85,50.82,7.506000000000002,Healthy
2411,2026-05-22 16:06:01,29.11,7.07,5.43,45.88,25.85,50.82,7.506000000000002,Healthy
2412,2026-05-22 16:06:04,29.11,7.07,5.43,45.88,25.85,50.82,7.506000000000002,Healthy
2413,2026-05-22 16:06:04,29.11,7.07,5.43,45.88,25.85,50.82,7.506000000000002,Healthy
2414,2026-05-22 16:06:07,29.11,7.07,5.43,45.88,25.85,50.82,7.506000000000002,Healthy
2415,2026-05-22 16:06:07,29.11,7.07,5.43,45.88,25.85,50.82,7.506000000000002,Healthy
2416,2026-05-22 16:06:10,29.11,7.07,5.43,45.88,25.85,50.82,7.506000000000002,Healthy
2417,2026-05-22 16:06:10,29.11,7.07,5.43,45.88,25.85,50.82,7.506000000000002,Healthy
2418,2026-05-22 16:06:13,29.11,7.07,5.43,45.88,25.85,50.82,7.506000000000002,Healthy
2419,2026-05-22 16:06:13,29.11,7.07,5.43,45.88,25.85,50.82,7.506000000000002,Healthy
2420,2026-05-22 16:06:16,29.11,7.07,5.43,45.88,25.85,50.82,7.506000000000002,Healthy
2421,2026-05-22 16:06:16,29.11,7.07,5.43,45.88,25.85,50.82,7.506000000000002,Healthy
2422,2026-05-22 16:06:19,29.11,7.07,5.43,45.88,25.85,50.82,7.506000000000002,Healthy
2423,2026-05-22 16:06:19,29.11,7.07,5.43,45.88,25.85,50.82,7.506000000000002,Healthy
2424,2026-05-22 16:06:22,29.11,7.07,5.43,45.88,25.85,50.82,7.506000000000002,Healthy
2425,2026-05-22 16:06:22,29.11,7.07,5.43,45.88,25.85,50.82,7.506000000000002,Healthy
2426,2026-05-22 16:06:25,29.11,7.07,5.43,45.88,25.85,50.82,7.506000000000002,Healthy
2427,2026-05-22 16:06:25,29.11,7.07,5.43,45.88,25.85,50.82,7.506000000000002,Healthy
2428,2026-05-22 16:06:28,29.11,7.07,5.43,45.88,25.85,50.82,7.506000000000002,Healthy
2429,2026-05-22 16:06:28,29.11,7.07,5.43,45.88,25.85,50.82,7.506000000000002,Healthy
2430,2026-05-22 16:06:31,29.11,7.07,5.43,45.88,25.85,50.82,7.506000000000002,Healthy
2431,2026-05-22 16:06:31,29.11,7.07,5.43,45.88,25.85,50.82,7.506000000000002,Healthy
2432,2026-05-22 16:06:34,29.11,7.07,5.43,45.88,25.85,50.82,7.506000000000002,Healthy
2433,2026-05-22 16:06:34,29.11,7.07,5.43,45.88,25.85,50.82,7.506000000000002,Healthy
2434,2026-05-22 16:06:37,29.11,7.07,5.43,45.88,25.85,50.82,7.506000000000002,Healthy
2435,2026-05-22 16:06:37,29.11,7.07,5.43,45.88,25.85,50.82,7.506000000000002,Healthy
2436,2026-05-22 16:06:40,29.11,7.07,5.43,45.88,25.85,50.82,7.506000000000002,Healthy
2437,2026-05-22 16:06:40,29.11,7.07,5.43,45.88,25.85,50.82,7.506000000000002,Healthy
2438,2026-05-22 16:06:43,29.11,7.07,5.43,45.88,25.85,50.82,7.506000000000002,Healthy
2439,2026-05-22 16:06:43,29.11,7.07,5.43,45.88,25.85,50.82,7.506000000000002,Healthy
2440,2026-05-22 16:06:46,29.11,7.07,5.43,45.88,25.85,50.82,7.506000000000002,Healthy
2441,2026-05-22 16:06:46,29.11,7.07,5.43,45.88,25.85,50.82,7.506000000000002,Healthy
2442,2026-05-22 16:06:49,29.11,7.07,5.43,45.88,25.85,50.82,7.506000000000002,Healthy
2443,2026-05-22 16:06:49,29.11,7.07,5.43,45.88,25.85,50.82,7.506000000000002,Healthy
2444,2026-05-22 16:06:52,29.11,7.07,5.43,45.88,25.85,50.82,7.506000000000002,Healthy
2445,2026-05-22 16:06:52,29.11,7.07,5.43,45.88,25.85,50.82,7.506000000000002,Healthy
2446,2026-05-22 16:06:55,29.11,7.07,5.43,45.88,25.85,50.82,7.506000000000002,Healthy
2447,2026-05-22 16:06:55,29.11,7.07,5.43,45.88,25.85,50.82,7.506000000000002,Healthy
2448,2026-05-22 16:06:58,29.11,7.07,5.43,45.88,25.85,50.82,7.506000000000002,Healthy
2449,2026-05-22 16:06:58,29.11,7.07,5.43,45.88,25.85,50.82,7.506000000000002,Healthy
2450,2026-05-22 16:07:01,29.11,7.07,5.43,45.88,25.85,50.82,7.506000000000002,Healthy
2451,2026-05-22 16:07:01,29.11,7.07,5.43,45.88,25.85,50.82,7.506000000000002,Healthy
2452,2026-05-22 16:07:04,29.11,7.07,5.43,45.88,25.85,50.82,7.506000000000002,Healthy
2453,2026-05-22 16:07:04,29.11,7.07,5.43,45.88,25.85,50.82,7.506000000000002,Healthy
2454,2026-05-22 16:07:07,29.11,7.07,5.43,45.88,25.85,50.82,7.506000000000002,Healthy
2455,2026-05-22 16:07:07,29.11,7.07,5.43,45.88,25.85,50.82,7.506000000000002,Healthy
2456,2026-05-22 16:07:10,29.11,7.07,5.43,45.88,25.85,50.82,7.506000000000002,Healthy
2457,2026-05-22 16:07:10,29.11,7.07,5.43,45.88,25.85,50.82,7.506000000000002,Healthy
2458,2026-05-22 16:07:13,29.11,7.07,5.43,45.88,25.85,50.82,7.506000000000002,Healthy
2459,2026-05-22 16:07:13,29.11,7.07,5.43,45.88,25.85,50.82,7.506000000000002,Healthy
2460,2026-05-22 16:07:16,29.11,7.07,5.43,45.88,25.85,50.82,7.506000000000002,Healthy
2461,2026-05-22 16:07:16,29.11,7.07,5.43,45.88,25.85,50.82,7.506000000000002,Healthy
2462,2026-05-22 16:07:19,29.11,7.07,5.43,45.88,25.85,50.82,7.506000000000002,Healthy
2463,2026-05-22 16:07:19,29.11,7.07,5.43,45.88,25.85,50.82,7.506000000000002,Healthy
2464,2026-05-22 16:07:22,29.11,7.07,5.43,45.88,25.85,50.82,7.506000000000002,Healthy
2465,2026-05-22 16:07:22,29.11,7.07,5.43,45.88,25.85,50.82,7.506000000000002,Healthy
2466,2026-05-22 16:07:25,29.11,7.07,5.43,45.88,25.85,50.82,7.506000000000002,Healthy
2467,2026-05-22 16:07:25,29.11,7.07,5.43,45.88,25.85,50.82,7.506000000000002,Healthy
2468,2026-05-22 16:07:28,29.11,7.07,5.43,45.88,25.85,50.82,7.506000000000002,Healthy
2469,2026-05-22 16:07:28,29.11,7.07,5.43,45.88,25.85,50.82,7.506000000000002,Healthy
2470,2026-05-22 16:07:31,29.11,7.07,5.43,45.88,25.85,50.82,7.506000000000002,Healthy
2471,2026-05-22 16:07:31,29.11,7.07,5.43,45.88,25.85,50.82,7.506000000000002,Healthy
2472,2026-05-22 16:07:34,29.11,7.07,5.43,45.88,25.85,50.82,7.506000000000002,Healthy
2473,2026-05-22 16:07:34,29.11,7.07,5.43,45.88,25.85,50.82,7.506000000000002,Healthy
2474,2026-05-22 16:07:37,29.11,7.07,5.43,45.88,25.85,50.82,7.506000000000002,Healthy
2475,2026-05-22 16:07:37,29.11,7.07,5.43,45.88,25.85,50.82,7.506000000000002,Healthy
2476,2026-05-22 16:07:40,29.11,7.07,5.43,45.88,25.85,50.82,7.506000000000002,Healthy
2477,2026-05-22 16:07:40,29.11,7.07,5.43,45.88,25.85,50.82,7.506000000000002,Healthy
2478,2026-05-22 16:07:43,29.11,7.07,5.43,45.88,25.85,50.82,7.506000000000002,Healthy
2479,2026-05-22 16:07:43,29.11,7.07,5.43,45.88,25.85,50.82,7.506000000000002,Healthy
2480,2026-05-22 16:07:46,29.11,7.07,5.43,45.88,25.85,50.82,7.506000000000002,Healthy
2481,2026-05-22 16:07:46,29.11,7.07,5.43,45.88,25.85,50.82,7.506000000000002,Healthy
2482,2026-05-22 16:07:49,29.11,7.07,5.43,45.88,25.85,50.82,7.506000000000002,Healthy
2483,2026-05-22 16:07:49,29.11,7.07,5.43,45.88,25.85,50.82,7.506000000000002,Healthy
2484,2026-05-22 16:07:52,29.11,7.07,5.43,45.88,25.85,50.82,7.506000000000002,Healthy
2485,2026-05-22 16:07:52,29.11,7.07,5.43,45.88,25.85,50.82,7.506000000000002,Healthy
2486,2026-05-22 16:07:55,29.11,7.07,5.43,45.88,25.85,50.82,7.506000000000002,Healthy
2487,2026-05-22 16:07:55,29.11,7.07,5.43,45.88,25.85,50.82,7.506000000000002,Healthy
2488,2026-05-22 16:07:58,29.11,7.07,5.43,45.88,25.85,50.82,7.506000000000002,Healthy
2489,2026-05-22 16:07:58,29.11,7.07,5.43,45.88,25.85,50.82,7.506000000000002,Healthy
2490,2026-05-22 16:08:01,29.11,7.07,5.43,45.88,25.85,50.82,7.506000000000002,Healthy
2491,2026-05-22 16:08:01,29.11,7.07,5.43,45.88,25.85,50.82,7.506000000000002,Healthy
2492,2026-05-22 16:08:04,29.11,7.07,5.43,45.88,25.85,50.82,7.506000000000002,Healthy
2493,2026-05-22 16:08:04,29.11,7.07,5.43,45.88,25.85,50.82,7.506000000000002,Healthy
2494,2026-05-22 16:08:07,29.11,7.07,5.43,45.88,25.85,50.82,7.506000000000002,Healthy
2495,2026-05-22 16:08:07,29.11,7.07,5.43,45.88,25.85,50.82,7.506000000000002,Healthy
2496,2026-05-22 16:08:10,29.11,7.07,5.43,45.88,25.85,50.82,7.506000000000002,Healthy
2497,2026-05-22 16:08:10,29.11,7.07,5.43,45.88,25.85,50.82,7.506000000000002,Healthy
2498,2026-05-22 16:08:13,29.11,7.07,5.43,45.88,25.85,50.82,7.506000000000002,Healthy
2499,2026-05-22 16:08:13,29.11,7.07,5.43,45.88,25.85,50.82,7.506000000000002,Healthy
2500,2026-05-22 16:08:16,29.11,7.07,5.43,45.88,25.85,50.82,7.506000000000002,Healthy
2501,2026-05-22 16:08:17,29.11,7.07,5.43,45.88,25.85,50.82,7.506000000000002,Healthy
2502,2026-05-22 16:08:19,29.11,7.07,5.43,45.88,25.85,50.82,7.506000000000002,Healthy
2503,2026-05-22 16:08:19,29.11,7.07,5.43,45.88,25.85,50.82,7.506000000000002,Healthy
2504,2026-05-22 16:08:22,29.11,7.07,5.43,45.88,25.85,50.82,7.506000000000002,Healthy
2505,2026-05-22 16:08:22,29.11,7.07,5.43,45.88,25.85,50.82,7.506000000000002,Healthy
2506,2026-05-22 16:08:25,29.11,7.07,5.43,45.88,25.85,50.82,7.506000000000002,Healthy
2507,2026-05-22 16:08:25,29.11,7.07,5.43,45.88,25.85,50.82,7.506000000000002,Healthy
2508,2026-05-22 16:08:28,29.11,7.07,5.43,45.88,25.85,50.82,7.506000000000002,Healthy
2509,2026-05-22 16:08:28,29.11,7.07,5.43,45.88,25.85,50.82,7.506000000000002,Healthy
2510,2026-05-22 16:08:31,29.11,7.07,5.43,45.88,25.85,50.82,7.506000000000002,Healthy
2511,2026-05-22 16:08:31,29.11,7.07,5.43,45.88,25.85,50.82,7.506000000000002,Healthy
2512,2026-05-22 16:08:34,29.11,7.07,5.43,45.88,25.85,50.82,7.506000000000002,Healthy
2513,2026-05-22 16:08:34,29.11,7.07,5.43,45.88,25.85,50.82,7.506000000000002,Healthy
2514,2026-05-22 16:08:37,29.11,7.07,5.43,45.88,25.85,50.82,7.506000000000002,Healthy
2515,2026-05-22 16:08:37,29.11,7.07,5.43,45.88,25.85,50.82,7.506000000000002,Healthy
2516,2026-05-22 16:08:40,29.11,7.07,5.43,45.88,25.85,50.82,7.506000000000002,Healthy
2517,2026-05-22 16:08:41,29.11,7.07,5.43,45.88,25.85,50.82,7.506000000000002,Healthy
2518,2026-05-22 16:08:43,29.11,7.07,5.43,45.88,25.85,50.82,7.506000000000002,Healthy
2519,2026-05-22 16:08:43,29.11,7.07,5.43,45.88,25.85,50.82,7.506000000000002,Healthy
2520,2026-05-22 16:08:46,29.11,7.07,5.43,45.88,25.85,50.82,7.506000000000002,Healthy
2521,2026-05-22 16:08:46,29.11,7.07,5.43,45.88,25.85,50.82,7.506000000000002,Healthy
2522,2026-05-22 16:08:49,29.11,7.07,5.43,45.88,25.85,50.82,7.506000000000002,Healthy
2523,2026-05-22 16:08:49,29.11,7.07,5.43,45.88,25.85,50.82,7.506000000000002,Healthy
2524,2026-05-22 16:08:52,29.11,7.07,5.43,45.88,25.85,50.82,7.506000000000002,Healthy
2525,2026-05-22 16:08:52,29.11,7.07,5.43,45.88,25.85,50.82,7.506000000000002,Healthy
2526,2026-05-22 16:08:55,29.11,7.07,5.43,45.88,25.85,50.82,7.506000000000002,Healthy
2527,2026-05-22 16:08:55,29.11,7.07,5.43,45.88,25.85,50.82,7.506000000000002,Healthy
2528,2026-05-22 16:08:58,29.11,7.07,5.43,45.88,25.85,50.82,7.506000000000002,Healthy
2529,2026-05-22 16:08:58,29.11,7.07,5.43,45.88,25.85,50.82,7.506000000000002,Healthy
2530,2026-05-22 16:09:01,29.11,7.07,5.43,45.88,25.85,50.82,7.506000000000002,Healthy
2531,2026-05-22 16:09:02,29.11,7.07,5.43,45.88,25.85,50.82,7.506000000000002,Healthy
2532,2026-05-22 16:09:04,29.11,7.07,5.43,45.88,25.85,50.82,7.506000000000002,Healthy
2533,2026-05-22 16:09:04,29.11,7.07,5.43,45.88,25.85,50.82,7.506000000000002,Healthy
2534,2026-05-22 16:09:07,29.11,7.07,5.43,45.88,25.85,50.82,7.506000000000002,Healthy
2535,2026-05-22 16:09:07,29.11,7.07,5.43,45.88,25.85,50.82,7.506000000000002,Healthy
2536,2026-05-22 16:09:10,29.11,7.07,5.43,45.88,25.85,50.82,7.506000000000002,Healthy
2537,2026-05-22 16:09:10,29.11,7.07,5.43,45.88,25.85,50.82,7.506000000000002,Healthy
2538,2026-05-22 16:09:13,29.11,7.07,5.43,45.88,25.85,50.82,7.506000000000002,Healthy
2539,2026-05-22 16:09:13,29.11,7.07,5.43,45.88,25.85,50.82,7.506000000000002,Healthy
2540,2026-05-22 16:09:16,29.11,7.07,5.43,45.88,25.85,50.82,7.506000000000002,Healthy
2541,2026-05-22 16:09:16,29.11,7.07,5.43,45.88,25.85,50.82,7.506000000000002,Healthy
2542,2026-05-22 16:09:19,29.11,7.07,5.43,45.88,25.85,50.82,7.506000000000002,Healthy
2543,2026-05-22 16:09:19,29.11,7.07,5.43,45.88,25.85,50.82,7.506000000000002,Healthy
2544,2026-05-22 16:09:22,29.11,7.07,5.43,45.88,25.85,50.82,7.506000000000002,Healthy
2545,2026-05-22 16:09:22,29.11,7.07,5.43,45.88,25.85,50.82,7.506000000000002,Healthy
2546,2026-05-22 16:09:25,29.11,7.07,5.43,45.88,25.85,50.82,7.506000000000002,Healthy
2547,2026-05-22 16:09:25,29.11,7.07,5.43,45.88,25.85,50.82,7.506000000000002,Healthy
2548,2026-05-22 16:09:28,29.11,7.07,5.43,45.88,25.85,50.82,7.506000000000002,Healthy
2549,2026-05-22 16:09:28,29.11,7.07,5.43,45.88,25.85,50.82,7.506000000000002,Healthy
2550,2026-05-22 16:09:31,29.11,7.07,5.43,45.88,25.85,50.82,7.506000000000002,Healthy
2551,2026-05-22 16:09:31,29.11,7.07,5.43,45.88,25.85,50.82,7.506000000000002,Healthy
2552,2026-05-22 16:09:34,29.11,7.07,5.43,45.88,25.85,50.82,7.506000000000002,Healthy
2553,2026-05-22 16:09:34,29.11,7.07,5.43,45.88,25.85,50.82,7.506000000000002,Healthy
2554,2026-05-22 16:09:37,29.11,7.07,5.43,45.88,25.85,50.82,7.506000000000002,Healthy
2555,2026-05-22 16:09:37,29.11,7.07,5.43,45.88,25.85,50.82,7.506000000000002,Healthy
2556,2026-05-22 16:09:40,29.11,7.07,5.43,45.88,25.85,50.82,7.506000000000002,Healthy
2557,2026-05-22 16:09:40,29.11,7.07,5.43,45.88,25.85,50.82,7.506000000000002,Healthy
2558,2026-05-22 16:09:43,29.11,7.07,5.43,45.88,25.85,50.82,7.506000000000002,Healthy
2559,2026-05-22 16:09:43,29.11,7.07,5.43,45.88,25.85,50.82,7.506000000000002,Healthy
2560,2026-05-22 16:09:46,29.11,7.07,5.43,45.88,25.85,50.82,7.506000000000002,Healthy
2561,2026-05-22 16:09:46,29.11,7.07,5.43,45.88,25.85,50.82,7.506000000000002,Healthy
2562,2026-05-22 16:09:49,29.11,7.07,5.43,45.88,25.85,50.82,7.506000000000002,Healthy
2563,2026-05-22 16:09:49,29.11,7.07,5.43,45.88,25.85,50.82,7.506000000000002,Healthy
2564,2026-05-22 16:09:52,29.11,7.07,5.43,45.88,25.85,50.82,7.506000000000002,Healthy
2565,2026-05-22 16:09:52,29.11,7.07,5.43,45.88,25.85,50.82,7.506000000000002,Healthy
2566,2026-05-22 16:09:55,29.11,7.07,5.43,45.88,25.85,50.82,7.506000000000002,Healthy
2567,2026-05-22 16:09:55,29.11,7.07,5.43,45.88,25.85,50.82,7.506000000000002,Healthy
2568,2026-05-22 16:09:58,29.11,7.07,5.43,45.88,25.85,50.82,7.506000000000002,Healthy
2569,2026-05-22 16:09:58,29.11,7.07,5.43,45.88,25.85,50.82,7.506000000000002,Healthy
2570,2026-05-22 16:10:01,29.11,7.07,5.43,45.88,25.85,50.82,7.506000000000002,Healthy
2571,2026-05-22 16:10:01,29.11,7.07,5.43,45.88,25.85,50.82,7.506000000000002,Healthy
2572,2026-05-22 16:10:04,29.11,7.07,5.43,45.88,25.85,50.82,7.506000000000002,Healthy
2573,2026-05-22 16:10:04,29.11,7.07,5.43,45.88,25.85,50.82,7.506000000000002,Healthy
2574,2026-05-22 16:10:07,29.11,7.07,5.43,45.88,25.85,50.82,7.506000000000002,Healthy
2575,2026-05-22 16:10:07,29.11,7.07,5.43,45.88,25.85,50.82,7.506000000000002,Healthy
2576,2026-05-22 16:10:10,29.11,7.07,5.43,45.88,25.85,50.82,7.506000000000002,Healthy
2577,2026-05-22 16:10:10,29.11,7.07,5.43,45.88,25.85,50.82,7.506000000000002,Healthy
2578,2026-05-22 16:10:13,29.11,7.07,5.43,45.88,25.85,50.82,7.506000000000002,Healthy
2579,2026-05-22 16:10:13,29.11,7.07,5.43,45.88,25.85,50.82,7.506000000000002,Healthy
2580,2026-05-22 16:10:16,29.11,7.07,5.43,45.88,25.85,50.82,7.506000000000002,Healthy
2581,2026-05-22 16:10:16,29.11,7.07,5.43,45.88,25.85,50.82,7.506000000000002,Healthy
2582,2026-05-22 16:10:19,29.11,7.07,5.43,45.88,25.85,50.82,7.506000000000002,Healthy
2583,2026-05-22 16:10:19,29.11,7.07,5.43,45.88,25.85,50.82,7.506000000000002,Healthy
2584,2026-05-22 16:10:22,29.11,7.07,5.43,45.88,25.85,50.82,7.506000000000002,Healthy
2585,2026-05-22 16:10:22,29.11,7.07,5.43,45.88,25.85,50.82,7.506000000000002,Healthy
2586,2026-05-22 16:10:25,29.11,7.07,5.43,45.88,25.85,50.82,7.506000000000002,Healthy
2587,2026-05-22 16:10:25,29.11,7.07,5.43,45.88,25.85,50.82,7.506000000000002,Healthy
2588,2026-05-22 16:10:28,29.11,7.07,5.43,45.88,25.85,50.82,7.506000000000002,Healthy
2589,2026-05-22 16:10:28,29.11,7.07,5.43,45.88,25.85,50.82,7.506000000000002,Healthy
2590,2026-05-22 16:10:31,29.11,7.07,5.43,45.88,25.85,50.82,7.506000000000002,Healthy
2591,2026-05-22 16:10:31,29.11,7.07,5.43,45.88,25.85,50.82,7.506000000000002,Healthy
2592,2026-05-22 16:10:34,29.11,7.07,5.43,45.88,25.85,50.82,7.506000000000002,Healthy
2593,2026-05-22 16:10:34,29.11,7.07,5.43,45.88,25.85,50.82,7.506000000000002,Healthy
2594,2026-05-22 16:10:37,29.11,7.07,5.43,45.88,25.85,50.82,7.506000000000002,Healthy
2595,2026-05-22 16:10:37,29.11,7.07,5.43,45.88,25.85,50.82,7.506000000000002,Healthy
2596,2026-05-22 16:10:40,29.11,7.07,5.43,45.88,25.85,50.82,7.506000000000002,Healthy
2597,2026-05-22 16:10:40,29.11,7.07,5.43,45.88,25.85,50.82,7.506000000000002,Healthy
2598,2026-05-22 16:10:43,29.11,7.07,5.43,45.88,25.85,50.82,7.506000000000002,Healthy
2599,2026-05-22 16:10:43,29.11,7.07,5.43,45.88,25.85,50.82,7.506000000000002,Healthy
2600,2026-05-22 16:10:46,29.11,7.07,5.43,45.88,25.85,50.82,7.506000000000002,Healthy
2601,2026-05-22 16:10:46,29.11,7.07,5.43,45.88,25.85,50.82,7.506000000000002,Healthy
2602,2026-05-22 16:10:49,29.11,7.07,5.43,45.88,25.85,50.82,7.506000000000002,Healthy
2603,2026-05-22 16:10:49,29.11,7.07,5.43,45.88,25.85,50.82,7.506000000000002,Healthy
2604,2026-05-22 16:10:52,29.11,7.07,5.43,45.88,25.85,50.82,7.506000000000002,Healthy
2605,2026-05-22 16:10:52,29.11,7.07,5.43,45.88,25.85,50.82,7.506000000000002,Healthy
2606,2026-05-22 16:10:55,29.11,7.07,5.43,45.88,25.85,50.82,7.506000000000002,Healthy
2607,2026-05-22 16:10:55,29.11,7.07,5.43,45.88,25.85,50.82,7.506000000000002,Healthy
2608,2026-05-22 16:10:58,29.11,7.07,5.43,45.88,25.85,50.82,7.506000000000002,Healthy
2609,2026-05-22 16:10:58,29.11,7.07,5.43,45.88,25.85,50.82,7.506000000000002,Healthy
2610,2026-05-22 16:11:01,29.11,7.07,5.43,45.88,25.85,50.82,7.506000000000002,Healthy
2611,2026-05-22 16:11:01,29.11,7.07,5.43,45.88,25.85,50.82,7.506000000000002,Healthy
2612,2026-05-22 16:11:04,29.11,7.07,5.43,45.88,25.85,50.82,7.506000000000002,Healthy
2613,2026-05-22 16:11:04,29.11,7.07,5.43,45.88,25.85,50.82,7.506000000000002,Healthy
2614,2026-05-22 16:11:07,29.11,7.07,5.43,45.88,25.85,50.82,7.506000000000002,Healthy
2615,2026-05-22 16:11:07,29.11,7.07,5.43,45.88,25.85,50.82,7.506000000000002,Healthy
2616,2026-05-22 16:11:10,29.11,7.07,5.43,45.88,25.85,50.82,7.506000000000002,Healthy
2617,2026-05-22 16:11:10,29.11,7.07,5.43,45.88,25.85,50.82,7.506000000000002,Healthy
2618,2026-05-22 16:11:13,29.11,7.07,5.43,45.88,25.85,50.82,7.506000000000002,Healthy
2619,2026-05-22 16:11:13,29.11,7.07,5.43,45.88,25.85,50.82,7.506000000000002,Healthy
2620,2026-05-22 16:11:16,29.11,7.07,5.43,45.88,25.85,50.82,7.506000000000002,Healthy
2621,2026-05-22 16:11:16,29.11,7.07,5.43,45.88,25.85,50.82,7.506000000000002,Healthy
2622,2026-05-22 16:11:19,29.11,7.07,5.43,45.88,25.85,50.82,7.506000000000002,Healthy
2623,2026-05-22 16:11:19,29.11,7.07,5.43,45.88,25.85,50.82,7.506000000000002,Healthy
2624,2026-05-22 16:11:22,29.11,7.07,5.43,45.88,25.85,50.82,7.506000000000002,Healthy
2625,2026-05-22 16:11:22,29.11,7.07,5.43,45.88,25.85,50.82,7.506000000000002,Healthy
2626,2026-05-22 16:11:25,29.11,7.07,5.43,45.88,25.85,50.82,7.506000000000002,Healthy
2627,2026-05-22 16:11:25,29.11,7.07,5.43,45.88,25.85,50.82,7.506000000000002,Healthy
2628,2026-05-22 16:11:28,29.11,7.07,5.43,45.88,25.85,50.82,7.506000000000002,Healthy
2629,2026-05-22 16:11:28,29.11,7.07,5.43,45.88,25.85,50.82,7.506000000000002,Healthy
2630,2026-05-22 16:11:31,29.11,7.07,5.43,45.88,25.85,50.82,7.506000000000002,Healthy
2631,2026-05-22 16:11:31,29.11,7.07,5.43,45.88,25.85,50.82,7.506000000000002,Healthy
2632,2026-05-22 16:11:34,29.11,7.07,5.43,45.88,25.85,50.82,7.506000000000002,Healthy
2633,2026-05-22 16:11:34,29.11,7.07,5.43,45.88,25.85,50.82,7.506000000000002,Healthy
2634,2026-05-22 16:11:37,29.11,7.07,5.43,45.88,25.85,50.82,7.506000000000002,Healthy
2635,2026-05-22 16:11:37,29.11,7.07,5.43,45.88,25.85,50.82,7.506000000000002,Healthy
2636,2026-05-22 16:11:40,29.11,7.07,5.43,45.88,25.85,50.82,7.506000000000002,Healthy
2637,2026-05-22 16:11:40,29.11,7.07,5.43,45.88,25.85,50.82,7.506000000000002,Healthy
2638,2026-05-22 16:11:43,29.11,7.07,5.43,45.88,25.85,50.82,7.506000000000002,Healthy
2639,2026-05-22 16:11:43,29.11,7.07,5.43,45.88,25.85,50.82,7.506000000000002,Healthy
2640,2026-05-22 16:11:46,29.11,7.07,5.43,45.88,25.85,50.82,7.506000000000002,Healthy
2641,2026-05-22 16:11:46,29.11,7.07,5.43,45.88,25.85,50.82,7.506000000000002,Healthy
2642,2026-05-22 16:11:49,29.11,7.07,5.43,45.88,25.85,50.82,7.506000000000002,Healthy
2643,2026-05-22 16:11:49,29.11,7.07,5.43,45.88,25.85,50.82,7.506000000000002,Healthy
2644,2026-05-22 16:11:52,29.11,7.07,5.43,45.88,25.85,50.82,7.506000000000002,Healthy
2645,2026-05-22 16:11:52,29.11,7.07,5.43,45.88,25.85,50.82,7.506000000000002,Healthy
2646,2026-05-22 16:11:55,29.11,7.07,5.43,45.88,25.85,50.82,7.506000000000002,Healthy
2647,2026-05-22 16:11:55,29.11,7.07,5.43,45.88,25.85,50.82,7.506000000000002,Healthy
2648,2026-05-22 16:11:58,29.11,7.07,5.43,45.88,25.85,50.82,7.506000000000002,Healthy
2649,2026-05-22 16:11:58,29.11,7.07,5.43,45.88,25.85,50.82,7.506000000000002,Healthy
2650,2026-05-22 16:12:01,29.11,7.07,5.43,45.88,25.85,50.82,7.506000000000002,Healthy
2651,2026-05-22 16:12:01,29.11,7.07,5.43,45.88,25.85,50.82,7.506000000000002,Healthy
2652,2026-05-22 16:12:04,29.11,7.07,5.43,45.88,25.85,50.82,7.506000000000002,Healthy
2653,2026-05-22 16:12:04,29.11,7.07,5.43,45.88,25.85,50.82,7.506000000000002,Healthy
2654,2026-05-22 16:12:07,29.11,7.07,5.43,45.88,25.85,50.82,7.506000000000002,Healthy
2655,2026-05-22 16:12:07,29.11,7.07,5.43,45.88,25.85,50.82,7.506000000000002,Healthy
2656,2026-05-22 16:12:10,29.11,7.07,5.43,45.88,25.85,50.82,7.506000000000002,Healthy
2657,2026-05-22 16:12:10,29.11,7.07,5.43,45.88,25.85,50.82,7.506000000000002,Healthy
2658,2026-05-22 16:12:13,29.11,7.07,5.43,45.88,25.85,50.82,7.506000000000002,Healthy
2659,2026-05-22 16:12:13,29.11,7.07,5.43,45.88,25.85,50.82,7.506000000000002,Healthy
2660,2026-05-22 16:12:16,29.11,7.07,5.43,45.88,25.85,50.82,7.506000000000002,Healthy
2661,2026-05-22 16:12:16,29.11,7.07,5.43,45.88,25.85,50.82,7.506000000000002,Healthy
2662,2026-05-22 16:12:19,29.11,7.07,5.43,45.88,25.85,50.82,7.506000000000002,Healthy
2663,2026-05-22 16:12:19,29.11,7.07,5.43,45.88,25.85,50.82,7.506000000000002,Healthy
2664,2026-05-22 16:12:22,29.11,7.07,5.43,45.88,25.85,50.82,7.506000000000002,Healthy
2665,2026-05-22 16:12:22,29.11,7.07,5.43,45.88,25.85,50.82,7.506000000000002,Healthy
2666,2026-05-22 16:12:25,29.11,7.07,5.43,45.88,25.85,50.82,7.506000000000002,Healthy
2667,2026-05-22 16:12:25,29.11,7.07,5.43,45.88,25.85,50.82,7.506000000000002,Healthy
2668,2026-05-22 16:12:28,29.11,7.07,5.43,45.88,25.85,50.82,7.506000000000002,Healthy
2669,2026-05-22 16:12:28,29.11,7.07,5.43,45.88,25.85,50.82,7.506000000000002,Healthy
2670,2026-05-22 16:12:31,29.11,7.07,5.43,45.88,25.85,50.82,7.506000000000002,Healthy
2671,2026-05-22 16:12:31,29.11,7.07,5.43,45.88,25.85,50.82,7.506000000000002,Healthy
2672,2026-05-22 16:12:34,29.11,7.07,5.43,45.88,25.85,50.82,7.506000000000002,Healthy
2673,2026-05-22 16:12:34,29.11,7.07,5.43,45.88,25.85,50.82,7.506000000000002,Healthy
2674,2026-05-22 16:12:37,29.11,7.07,5.43,45.88,25.85,50.82,7.506000000000002,Healthy
2675,2026-05-22 16:12:37,29.11,7.07,5.43,45.88,25.85,50.82,7.506000000000002,Healthy
2676,2026-05-22 16:12:40,29.11,7.07,5.43,45.88,25.85,50.82,7.506000000000002,Healthy
2677,2026-05-22 16:12:40,29.11,7.07,5.43,45.88,25.85,50.82,7.506000000000002,Healthy
2678,2026-05-22 16:12:43,29.11,7.07,5.43,45.88,25.85,50.82,7.506000000000002,Healthy
2679,2026-05-22 16:12:43,29.11,7.07,5.43,45.88,25.85,50.82,7.506000000000002,Healthy
2680,2026-05-22 16:12:46,29.11,7.07,5.43,45.88,25.85,50.82,7.506000000000002,Healthy
2681,2026-05-22 16:12:46,29.11,7.07,5.43,45.88,25.85,50.82,7.506000000000002,Healthy
2682,2026-05-22 16:12:49,29.11,7.07,5.43,45.88,25.85,50.82,7.506000000000002,Healthy
2683,2026-05-22 16:12:49,29.11,7.07,5.43,45.88,25.85,50.82,7.506000000000002,Healthy
2684,2026-05-22 16:12:52,29.11,7.07,5.43,45.88,25.85,50.82,7.506000000000002,Healthy
2685,2026-05-22 16:12:52,29.11,7.07,5.43,45.88,25.85,50.82,7.506000000000002,Healthy
2686,2026-05-22 16:12:55,29.11,7.07,5.43,45.88,25.85,50.82,7.506000000000002,Healthy
2687,2026-05-22 16:12:55,29.11,7.07,5.43,45.88,25.85,50.82,7.506000000000002,Healthy
2688,2026-05-22 16:12:58,29.11,7.07,5.43,45.88,25.85,50.82,7.506000000000002,Healthy
2689,2026-05-22 16:12:58,29.11,7.07,5.43,45.88,25.85,50.82,7.506000000000002,Healthy
2690,2026-05-22 16:13:01,29.11,7.07,5.43,45.88,25.85,50.82,7.506000000000002,Healthy
2691,2026-05-22 16:13:01,29.11,7.07,5.43,45.88,25.85,50.82,7.506000000000002,Healthy
2692,2026-05-22 16:13:04,29.11,7.07,5.43,45.88,25.85,50.82,7.506000000000002,Healthy
2693,2026-05-22 16:13:04,29.11,7.07,5.43,45.88,25.85,50.82,7.506000000000002,Healthy
2694,2026-05-22 16:13:07,29.11,7.07,5.43,45.88,25.85,50.82,7.506000000000002,Healthy
2695,2026-05-22 16:13:07,29.11,7.07,5.43,45.88,25.85,50.82,7.506000000000002,Healthy
2696,2026-05-22 16:13:10,29.11,7.07,5.43,45.88,25.85,50.82,7.506000000000002,Healthy
2697,2026-05-22 16:13:10,29.11,7.07,5.43,45.88,25.85,50.82,7.506000000000002,Healthy
2698,2026-05-22 16:13:13,29.11,7.07,5.43,45.88,25.85,50.82,7.506000000000002,Healthy
2699,2026-05-22 16:13:13,29.11,7.07,5.43,45.88,25.85,50.82,7.506000000000002,Healthy
2700,2026-05-22 16:13:15,29.11,7.07,5.43,45.88,25.85,50.82,7.506000000000002,Healthy
2701,2026-05-22 16:13:16,29.11,7.07,5.43,45.88,25.85,50.82,7.506000000000002,Healthy
2702,2026-05-22 16:13:19,29.11,7.07,5.43,45.88,25.85,50.82,7.506000000000002,Healthy
2703,2026-05-22 16:13:19,29.11,7.07,5.43,45.88,25.85,50.82,7.506000000000002,Healthy
2704,2026-05-22 16:13:22,29.11,7.07,5.43,45.88,25.85,50.82,7.506000000000002,Healthy
2705,2026-05-22 16:13:22,29.11,7.07,5.43,45.88,25.85,50.82,7.506000000000002,Healthy
2706,2026-05-22 16:13:25,29.11,7.07,5.43,45.88,25.85,50.82,7.506000000000002,Healthy
2707,2026-05-22 16:13:25,29.11,7.07,5.43,45.88,25.85,50.82,7.506000000000002,Healthy
2708,2026-05-22 16:13:28,29.11,7.07,5.43,45.88,25.85,50.82,7.506000000000002,Healthy
2709,2026-05-22 16:13:28,29.11,7.07,5.43,45.88,25.85,50.82,7.506000000000002,Healthy
2710,2026-05-22 16:13:31,29.11,7.07,5.43,45.88,25.85,50.82,7.506000000000002,Healthy
2711,2026-05-22 16:13:31,29.11,7.07,5.43,45.88,25.85,50.82,7.506000000000002,Healthy
2712,2026-05-22 16:13:34,29.11,7.07,5.43,45.88,25.85,50.82,7.506000000000002,Healthy
2713,2026-05-22 16:13:34,29.11,7.07,5.43,45.88,25.85,50.82,7.506000000000002,Healthy
2714,2026-05-22 16:13:37,29.11,7.07,5.43,45.88,25.85,50.82,7.506000000000002,Healthy
2715,2026-05-22 16:13:37,29.11,7.07,5.43,45.88,25.85,50.82,7.506000000000002,Healthy
2716,2026-05-22 16:13:40,29.11,7.07,5.43,45.88,25.85,50.82,7.506000000000002,Healthy
2717,2026-05-22 16:13:40,29.11,7.07,5.43,45.88,25.85,50.82,7.506000000000002,Healthy
2718,2026-05-22 16:13:43,29.11,7.07,5.43,45.88,25.85,50.82,7.506000000000002,Healthy
2719,2026-05-22 16:13:43,29.11,7.07,5.43,45.88,25.85,50.82,7.506000000000002,Healthy
2720,2026-05-22 16:13:46,29.11,7.07,5.43,45.88,25.85,50.82,7.506000000000002,Healthy
2721,2026-05-22 16:13:46,29.11,7.07,5.43,45.88,25.85,50.82,7.506000000000002,Healthy
2722,2026-05-22 16:13:49,29.11,7.07,5.43,45.88,25.85,50.82,7.506000000000002,Healthy
2723,2026-05-22 16:13:49,29.11,7.07,5.43,45.88,25.85,50.82,7.506000000000002,Healthy
2724,2026-05-22 16:13:52,29.11,7.07,5.43,45.88,25.85,50.82,7.506000000000002,Healthy
2725,2026-05-22 16:13:52,29.11,7.07,5.43,45.88,25.85,50.82,7.506000000000002,Healthy
2726,2026-05-23 12:17:41,29.78,6.6,7.42,59.16,32.89,79.58,9.812000000000008,Healthy
2727,2026-05-23 12:17:47,29.81,6.66,5.13,47.37,30.62,62.55,12.508999999999997,Warning
2728,2026-05-23 12:17:50,29.45,6.8,6.98,56.2,25.1,62.55,7.04,Healthy
2729,2026-05-23 12:17:53,29.45,6.8,6.98,56.2,25.1,80.1,7.04,Healthy
2730,2026-05-23 12:17:56,24.61,7.5,7.36,69.49,34.23,53.6,17.127,Warning
2731,2026-05-23 12:17:59,24.61,7.5,7.36,69.49,34.23,53.6,17.127,Warning
2732,2026-05-23 12:18:02,26.57,7.49,6.77,52.03,30.13,57.51,12.601000000000003,Warning
2733,2026-05-23 12:18:06,26.57,7.49,6.77,52.03,30.13,57.51,12.601000000000003,Warning
2734,2026-05-23 12:18:13,24.65,6.56,8.35,63.4,27.57,90.47,14.320000000000007,Warning
2735,2026-05-23 12:18:16,29.36,6.89,8.66,45.4,25.93,68.15,8.750000000000004,Healthy
2736,2026-05-23 12:18:19,29.36,6.89,8.66,45.4,25.93,68.15,8.750000000000004,Healthy
2737,2026-05-23 12:18:21,28.22,7.12,8.66,45.4,25.93,68.15,6.619999999999999,Healthy
2738,2026-05-23 12:18:24,28.22,7.12,7.8,56.42,27.56,50.72,3.3139999999999987,Healthy
2739,2026-05-23 12:18:27,24.35,7.26,8.22,56.42,27.56,50.72,12.273999999999994,Warning
2740,2026-05-23 12:18:29,24.35,7.26,8.22,44.07,26.97,89.68,15.978999999999994,Warning
2741,2026-05-23 12:18:32,24.95,7.05,6.04,51.08,26.97,89.68,9.526,Healthy
2742,2026-05-23 12:18:36,24.95,7.05,6.04,51.08,34.31,74.24,9.526,Healthy
2743,2026-05-23 12:18:38,25.06,6.99,8.31,55.73,25.32,74.24,7.311,Healthy
2744,2026-05-23 12:18:42,25.06,6.99,8.31,55.73,25.32,71.01,7.311,Healthy
2745,2026-05-23 12:18:45,27.0,6.5,8.61,65.72,26.89,92.14,11.216,Warning
2746,2026-05-23 12:18:48,27.0,6.5,8.61,65.72,26.89,92.14,11.216,Warning
2747,2026-05-23 12:18:50,24.62,7.12,8.42,50.52,25.99,63.72,11.403999999999998,Warning
2748,2026-05-23 12:18:54,24.62,7.12,8.42,50.52,25.99,63.72,11.403999999999998,Warning
2749,2026-05-23 12:18:57,27.28,6.83,8.89,56.46,25.84,56.04,5.051999999999996,Healthy
2750,2026-05-23 12:19:00,27.28,6.83,8.89,56.46,25.84,56.04,5.051999999999996,Healthy
2751,2026-05-23 12:19:04,29.11,6.62,7.56,60.07,32.18,93.58,7.940999999999997,Healthy
2752,2026-05-23 12:19:07,29.11,6.62,7.56,60.07,32.18,93.58,7.940999999999997,Healthy
2753,2026-05-23 12:19:09,28.1,6.59,7.11,69.95,26.72,80.89,9.335000000000006,Healthy
2754,2026-05-23 12:19:12,28.1,6.59,7.11,69.95,26.72,80.89,9.335000000000006,Healthy
2755,2026-05-23 12:19:14,24.59,7.18,8.76,64.11,32.96,90.41,10.752999999999997,Warning
2756,2026-05-23 12:19:18,24.59,7.18,8.76,64.11,32.96,90.41,10.752999999999997,Warning
2757,2026-05-23 12:19:21,25.68,6.64,5.12,60.77,28.15,83.63,10.271000000000008,Warning
2758,2026-05-23 12:19:24,25.68,6.64,5.12,60.77,28.15,83.63,10.271000000000008,Warning
2759,2026-05-23 12:19:27,26.66,7.46,5.21,67.79,31.38,93.75,11.917,Warning
2760,2026-05-23 12:19:31,24.66,7.31,5.7,69.07,29.86,61.39,14.050999999999993,Warning
2761,2026-05-23 12:19:33,24.66,7.31,5.7,69.07,29.86,61.39,14.050999999999993,Warning
2762,2026-05-23 12:19:36,24.31,6.88,8.48,69.07,29.86,61.39,11.901000000000002,Warning
2763,2026-05-23 12:19:39,24.31,6.88,8.48,42.36,32.78,64.81,14.472000000000003,Warning
2764,2026-05-23 12:19:42,25.38,6.99,5.39,50.56,32.78,64.81,8.221999999999998,Healthy
2765,2026-06-02 17:37:51,25.38,6.99,5.39,50.56,27.98,58.39,8.221999999999998,Healthy
2766,2026-06-02 17:37:57,25.38,6.99,5.39,50.56,27.98,58.39,8.221999999999998,Healthy
2767,2026-06-02 17:38:00,25.38,6.99,5.39,50.56,27.98,58.39,8.221999999999998,Healthy
2768,2026-06-02 17:38:04,25.38,6.99,5.39,50.56,27.98,58.39,8.221999999999998,Healthy
2769,2026-06-02 17:38:07,25.38,6.99,5.39,50.56,27.98,58.39,8.221999999999998,Healthy
2770,2026-06-02 17:38:10,25.38,6.99,5.39,50.56,27.98,58.39,8.221999999999998,Healthy
2771,2026-06-02 17:38:13,25.38,6.99,5.39,50.56,27.98,58.39,8.221999999999998,Healthy
2772,2026-06-02 17:38:16,25.38,6.99,5.39,50.56,27.98,58.39,8.221999999999998,Healthy
2773,2026-06-02 17:38:19,25.38,6.99,5.39,50.56,27.98,58.39,8.221999999999998,Healthy
2774,2026-06-02 17:38:22,25.38,6.99,5.39,50.56,27.98,58.39,8.221999999999998,Healthy
2775,2026-06-02 17:38:25,25.38,6.99,5.39,50.56,27.98,58.39,8.221999999999998,Healthy
2776,2026-06-02 17:38:28,25.38,6.99,5.39,50.56,27.98,58.39,8.221999999999998,Healthy
2777,2026-06-02 17:38:31,25.38,6.99,5.39,50.56,27.98,58.39,8.221999999999998,Healthy
2778,2026-06-02 17:38:34,26.98,7.25,6.72,63.67,26.9,68.2,6.891,Healthy
2779,2026-06-02 17:38:37,26.98,7.25,6.72,63.67,26.9,68.2,6.891,Healthy
2780,2026-06-02 17:38:40,25.5,7.21,5.31,67.03,34.03,83.96,10.258999999999999,Warning
2781,2026-06-02 17:38:43,24.65,7.21,5.31,67.03,34.03,83.96,11.959000000000001,Warning
2782,2026-06-02 17:38:45,24.65,7.49,6.39,41.02,28.74,60.39,19.744000000000007,Warning
2783,2026-06-02 17:38:48,24.65,7.49,6.39,41.02,28.74,60.39,19.744000000000007,Warning
2784,2026-06-02 17:38:51,28.57,6.62,6.11,68.55,31.14,98.08,9.404999999999998,Healthy
2785,2026-06-02 17:38:54,26.89,6.62,6.11,68.55,31.14,98.08,10.484999999999996,Warning
2786,2026-06-02 17:38:57,26.89,6.88,5.41,58.11,30.79,62.23,4.587000000000001,Healthy
2787,2026-06-02 17:39:00,26.92,6.93,5.86,58.11,30.79,62.23,3.777000000000001,Healthy
2788,2026-06-02 17:39:03,26.92,6.93,5.86,50.68,32.73,88.71,6.006,Healthy
2789,2026-06-02 17:39:06,24.93,7.38,8.82,64.52,33.4,88.71,13.195999999999998,Warning
2790,2026-06-02 17:39:09,24.93,7.38,8.82,64.52,33.4,98.49,13.195999999999998,Warning
2791,2026-06-02 17:39:12,26.97,6.63,6.38,66.67,32.7,72.95,9.611000000000004,Healthy
2792,2026-06-02 17:39:15,26.97,6.63,6.38,66.67,32.7,72.95,9.611000000000004,Healthy
2793,2026-06-02 17:39:18,24.73,6.57,6.45,53.92,27.13,72.95,14.813999999999995,Warning
2794,2026-06-02 17:39:24,29.76,7.46,5.01,52.4,33.01,80.98,12.700000000000003,Warning
2795,2026-06-02 17:39:27,29.76,7.46,5.01,52.4,33.01,80.98,12.700000000000003,Warning
2796,2026-06-02 17:39:30,27.66,6.54,6.66,46.53,29.83,60.66,11.620999999999999,Warning
2797,2026-06-02 17:39:33,27.66,6.54,6.66,46.53,29.83,60.66,11.620999999999999,Warning
2798,2026-06-02 17:39:36,24.03,6.77,5.69,47.71,28.91,57.02,15.077000000000004,Warning
2799,2026-06-02 17:39:39,24.03,6.77,5.69,47.71,28.91,57.02,15.077000000000004,Warning
2800,2026-06-02 17:39:42,26.9,6.93,8.59,45.33,28.83,95.07,7.651000000000008,Healthy
2801,2026-06-02 17:39:42,26.9,6.93,8.59,45.33,28.83,95.07,7.651000000000008,Healthy
2802,2026-06-02 17:39:44,26.9,6.93,8.59,45.33,28.83,95.07,7.651000000000008,Healthy
2803,2026-06-02 17:39:45,26.9,6.93,8.59,45.33,28.83,95.07,7.651000000000008,Healthy
2804,2026-06-02 17:39:45,26.9,6.93,8.59,45.33,28.83,95.07,7.651000000000008,Healthy
2805,2026-06-02 17:39:45,26.9,6.93,8.59,45.33,28.83,95.07,7.651000000000008,Healthy
2806,2026-06-02 17:39:45,26.9,6.93,8.59,45.33,28.83,95.07,7.651000000000008,Healthy
2807,2026-06-02 17:39:46,26.9,6.93,8.59,45.33,28.83,95.07,7.651000000000008,Healthy
2808,2026-06-02 17:39:46,27.25,6.93,8.59,45.33,28.83,95.07,6.951000000000005,Healthy
2809,2026-06-02 17:39:48,27.25,7.14,6.51,49.84,29.61,94.07,6.647999999999994,Healthy
2810,2026-06-02 17:39:51,27.25,7.14,6.51,49.84,29.61,94.07,6.647999999999994,Healthy
2811,2026-06-02 17:39:54,29.66,6.62,8.65,41.15,33.53,74.68,14.675,Warning
2812,2026-06-02 17:39:57,29.66,6.62,8.65,41.15,33.53,74.68,14.675,Warning
2813,2026-06-02 17:40:00,26.06,7.16,5.65,46.03,28.58,54.09,10.471000000000004,Warning
2814,2026-06-02 17:40:03,27.01,7.41,5.65,46.03,28.58,54.09,12.320999999999998,Warning
2815,2026-06-02 17:40:06,27.01,7.41,7.42,51.62,32.33,95.7,10.644,Warning
2816,2026-06-02 17:40:09,29.25,7.03,6.76,68.85,32.33,95.7,5.605000000000002,Healthy
2817,2026-06-02 17:40:12,29.25,7.03,6.76,68.85,26.98,86.65,5.605000000000002,Healthy
2818,2026-06-02 17:40:15,29.85,7.37,6.56,49.24,32.88,86.65,12.478000000000003,Warning
2819,2026-06-05 19:29:09,29.85,7.37,6.56,49.24,32.88,52.46,12.478000000000003,Warning
2820,2026-06-05 19:30:03,29.85,7.37,6.56,49.24,32.88,52.46,12.478000000000003,Warning
2821,2026-06-05 19:30:09,29.85,7.37,6.56,49.24,32.88,52.46,12.478000000000003,Warning
2822,2026-06-05 19:30:15,29.85,7.37,6.56,49.24,32.88,52.46,12.478000000000003,Warning
2823,2026-06-05 19:31:21,29.85,7.37,6.56,49.24,32.88,52.46,12.478000000000003,Warning
2824,2026-06-05 19:32:00,29.85,7.37,6.56,49.24,32.88,52.46,12.478000000000003,Warning
2825,2026-06-05 19:33:00,29.85,7.37,6.56,49.24,32.88,52.46,12.478000000000003,Warning
2826,2026-06-05 19:33:23,29.85,7.37,6.56,49.24,32.88,52.46,12.478000000000003,Warning
2827,2026-06-05 19:34:05,29.85,7.37,6.56,49.24,32.88,52.46,12.478000000000003,Warning
2828,2026-06-05 19:34:06,29.85,7.37,6.56,49.24,32.88,52.46,12.478000000000003,Warning
2829,2026-06-05 19:35:03,29.85,7.37,6.56,49.24,32.88,52.46,12.478000000000003,Warning
2830,2026-06-05 19:35:03,29.85,7.37,6.56,49.24,32.88,52.46,12.478000000000003,Warning
2831,2026-06-05 19:35:06,29.85,7.37,6.56,49.24,32.88,52.46,12.478000000000003,Warning
2832,2026-06-05 19:39:32,29.85,7.37,6.56,49.24,32.88,52.46,12.478000000000003,Warning
2833,2026-06-05 19:40:08,29.85,7.37,6.56,49.24,32.88,52.46,12.478000000000003,Warning
2834,2026-06-05 19:41:26,29.85,7.37,6.56,49.24,32.88,52.46,12.478000000000003,Warning
2835,2026-06-05 19:42:02,29.85,7.37,6.56,49.24,32.88,52.46,12.478000000000003,Warning
2836,2026-06-05 19:43:02,29.85,7.37,6.56,49.24,32.88,52.46,12.478000000000003,Warning
2837,2026-06-05 19:43:53,29.85,7.37,6.56,49.24,32.88,52.46,12.478000000000003,Warning
2838,2026-06-05 19:43:59,29.85,7.37,6.56,49.24,32.88,52.46,12.478000000000003,Warning
2839,2026-06-05 19:44:02,29.85,7.37,6.56,49.24,32.88,52.46,12.478000000000003,Warning
2840,2026-06-05 19:44:05,29.85,7.37,6.56,49.24,32.88,52.46,12.478000000000003,Warning
2841,2026-06-05 19:44:05,29.85,7.37,6.56,49.24,32.88,52.46,12.478000000000003,Warning
2842,2026-06-05 19:44:08,29.85,7.37,6.56,49.24,32.88,52.46,12.478000000000003,Warning
2843,2026-06-05 19:44:08,29.85,7.37,6.56,49.24,32.88,52.46,12.478000000000003,Warning
2844,2026-06-05 19:44:14,29.85,7.37,6.56,49.24,32.88,52.46,12.478000000000003,Warning
2845,2026-06-05 19:44:14,29.85,7.37,6.56,49.24,32.88,52.46,12.478000000000003,Warning
2846,2026-06-05 19:44:17,29.85,7.37,6.56,49.24,32.88,52.46,12.478000000000003,Warning
2847,2026-06-05 19:44:17,29.85,7.37,6.56,49.24,32.88,52.46,12.478000000000003,Warning
2848,2026-06-05 19:44:20,29.85,7.37,6.56,49.24,32.88,52.46,12.478000000000003,Warning
2849,2026-06-05 19:44:20,29.85,7.37,6.56,49.24,32.88,52.46,12.478000000000003,Warning
2850,2026-06-05 19:44:26,29.85,7.37,6.56,49.24,32.88,52.46,12.478000000000003,Warning
2851,2026-06-05 19:44:26,29.85,7.37,6.56,49.24,32.88,52.46,12.478000000000003,Warning
2852,2026-06-05 19:44:29,29.85,7.37,6.56,49.24,32.88,52.46,12.478000000000003,Warning
2853,2026-06-05 19:44:32,29.85,7.37,6.56,49.24,32.88,52.46,12.478000000000003,Warning
2854,2026-06-05 19:44:32,29.85,7.37,6.56,49.24,32.88,52.46,12.478000000000003,Warning
2855,2026-06-05 19:44:35,29.85,7.37,6.56,49.24,32.88,52.46,12.478000000000003,Warning
2856,2026-06-05 19:44:38,29.85,7.37,6.56,49.24,32.88,52.46,12.478000000000003,Warning
2857,2026-06-05 19:44:41,29.85,7.37,6.56,49.24,32.88,52.46,12.478000000000003,Warning
2858,2026-06-05 19:44:44,29.85,7.37,6.56,49.24,32.88,52.46,12.478000000000003,Warning
2859,2026-06-05 19:44:50,29.85,7.37,6.56,49.24,32.88,52.46,12.478000000000003,Warning
2860,2026-06-05 19:44:53,29.85,7.37,6.56,49.24,32.88,52.46,12.478000000000003,Warning
2861,2026-06-05 19:45:02,29.85,7.37,6.56,49.24,32.88,52.46,12.478000000000003,Warning
2862,2026-06-05 19:45:05,29.85,7.37,6.56,49.24,32.88,52.46,12.478000000000003,Warning
2863,2026-06-05 19:45:06,29.85,7.37,6.56,49.24,32.88,52.46,12.478000000000003,Warning
2864,2026-06-05 19:45:11,29.85,7.37,6.56,49.24,32.88,52.46,12.478000000000003,Warning
2865,2026-06-05 19:45:14,29.85,7.37,6.56,49.24,32.88,52.46,12.478000000000003,Warning
2866,2026-06-05 19:45:17,29.85,7.37,6.56,49.24,32.88,52.46,12.478000000000003,Warning
2867,2026-06-05 19:46:02,29.85,7.37,6.56,49.24,32.88,52.46,12.478000000000003,Warning
2868,2026-06-05 19:46:21,29.85,7.37,6.56,49.24,32.88,52.46,12.478000000000003,Warning
2869,2026-06-05 19:47:02,29.85,7.37,6.56,49.24,32.88,52.46,12.478000000000003,Warning
2870,2026-06-05 19:47:20,29.85,7.37,6.56,49.24,32.88,52.46,12.478000000000003,Warning
2871,2026-06-05 19:56:31,29.85,7.37,6.56,49.24,32.88,52.46,12.478000000000003,Warning
2872,2026-06-05 19:56:33,29.85,7.37,6.56,49.24,32.88,52.46,12.478000000000003,Warning
2873,2026-06-05 19:56:40,29.85,7.37,6.56,49.24,32.88,52.46,12.478000000000003,Warning
2874,2026-06-05 19:56:45,29.85,7.37,6.56,49.24,32.88,52.46,12.478000000000003,Warning
2875,2026-06-05 19:56:46,29.85,7.37,6.56,49.24,32.88,52.46,12.478000000000003,Warning
2876,2026-06-05 19:56:49,29.85,7.37,6.56,49.24,32.88,52.46,12.478000000000003,Warning
2877,2026-06-05 19:56:51,29.85,7.37,6.56,49.24,32.88,52.46,12.478000000000003,Warning
2878,2026-06-05 19:56:54,29.85,7.37,6.56,49.24,32.88,52.46,12.478000000000003,Warning
2879,2026-06-05 19:57:01,29.85,7.37,6.56,49.24,32.88,52.46,12.478000000000003,Warning
2880,2026-06-05 19:57:04,29.85,7.37,6.56,49.24,32.88,52.46,12.478000000000003,Warning
2881,2026-06-05 19:57:06,29.85,7.37,6.56,49.24,32.88,52.46,12.478000000000003,Warning
2882,2026-06-05 19:57:07,29.85,7.37,6.56,49.24,32.88,52.46,12.478000000000003,Warning
2883,2026-06-05 19:57:07,29.85,7.37,6.56,49.24,32.88,52.46,12.478000000000003,Warning
2884,2026-06-05 19:57:12,29.85,7.37,6.56,49.24,32.88,52.46,12.478000000000003,Warning
2885,2026-06-05 19:57:15,29.85,7.37,6.56,49.24,32.88,52.46,12.478000000000003,Warning
2886,2026-06-05 19:57:16,29.85,7.37,6.56,49.24,32.88,52.46,12.478000000000003,Warning
2887,2026-06-05 19:57:22,29.85,7.37,6.56,49.24,32.88,52.46,12.478000000000003,Warning
2888,2026-06-05 19:57:27,29.85,7.37,6.56,49.24,32.88,52.46,12.478000000000003,Warning
2889,2026-06-05 19:57:39,29.85,7.37,6.56,49.24,32.88,52.46,12.478000000000003,Warning
2890,2026-06-05 19:58:00,29.85,7.37,6.56,49.24,32.88,52.46,12.478000000000003,Warning
2891,2026-06-05 19:58:04,29.85,7.37,6.56,49.24,32.88,52.46,12.478000000000003,Warning
2892,2026-06-05 19:58:13,29.85,7.37,6.56,49.24,32.88,52.46,12.478000000000003,Warning
2893,2026-06-05 19:58:16,29.85,7.37,6.56,49.24,32.88,52.46,12.478000000000003,Warning
2894,2026-06-05 19:58:22,29.85,7.37,6.56,49.24,32.88,52.46,12.478000000000003,Warning
2895,2026-06-05 19:58:23,29.85,7.37,6.56,49.24,32.88,52.46,12.478000000000003,Warning
2896,2026-06-05 19:58:31,29.85,7.37,6.56,49.24,32.88,52.46,12.478000000000003,Warning
2897,2026-06-05 19:58:34,29.85,7.37,6.56,49.24,32.88,52.46,12.478000000000003,Warning
2898,2026-06-05 19:58:37,29.85,7.37,6.56,49.24,32.88,52.46,12.478000000000003,Warning
2899,2026-06-05 19:58:43,29.85,7.37,6.56,49.24,32.88,52.46,12.478000000000003,Warning
2900,2026-06-05 19:58:46,29.85,7.37,6.56,49.24,32.88,52.46,12.478000000000003,Warning
2901,2026-06-05 19:58:49,29.85,7.37,6.56,49.24,32.88,52.46,12.478000000000003,Warning
2902,2026-06-05 19:59:00,29.85,7.37,6.56,49.24,32.88,52.46,12.478000000000003,Warning
2903,2026-06-05 19:59:01,29.85,7.37,6.56,49.24,32.88,52.46,12.478000000000003,Warning
2904,2026-06-05 19:59:07,29.85,7.37,6.56,49.24,32.88,52.46,12.478000000000003,Warning
2905,2026-06-05 19:59:10,29.85,7.37,6.56,49.24,32.88,52.46,12.478000000000003,Warning
2906,2026-06-05 19:59:13,29.85,7.37,6.56,49.24,32.88,52.46,12.478000000000003,Warning
2907,2026-06-05 19:59:16,29.85,7.37,6.56,49.24,32.88,52.46,12.478000000000003,Warning
2908,2026-06-05 19:59:19,29.85,7.37,6.56,49.24,32.88,52.46,12.478000000000003,Warning
2909,2026-06-05 19:59:22,29.85,7.37,6.56,49.24,32.88,52.46,12.478000000000003,Warning
2910,2026-06-05 19:59:22,29.85,7.37,6.56,49.24,32.88,52.46,12.478000000000003,Warning
2911,2026-06-05 19:59:25,29.85,7.37,6.56,49.24,32.88,52.46,12.478000000000003,Warning
2912,2026-06-05 19:59:28,29.85,7.37,6.56,49.24,32.88,52.46,12.478000000000003,Warning
2913,2026-06-05 19:59:31,29.85,7.37,6.56,49.24,32.88,52.46,12.478000000000003,Warning
2914,2026-06-05 19:59:31,29.85,7.37,6.56,49.24,32.88,52.46,12.478000000000003,Warning
2915,2026-06-05 19:59:31,29.85,7.37,6.56,49.24,32.88,52.46,12.478000000000003,Warning
2916,2026-06-05 19:59:34,29.85,7.37,6.56,49.24,32.88,52.46,12.478000000000003,Warning
2917,2026-06-05 19:59:37,29.85,7.37,6.56,49.24,32.88,52.46,12.478000000000003,Warning
2918,2026-06-05 19:59:40,29.85,7.37,6.56,49.24,32.88,52.46,12.478000000000003,Warning
2919,2026-06-05 19:59:40,29.85,7.37,6.56,49.24,32.88,52.46,12.478000000000003,Warning
2920,2026-06-05 19:59:40,29.85,7.37,6.56,49.24,32.88,52.46,12.478000000000003,Warning
2921,2026-06-05 19:59:46,29.85,7.37,6.56,49.24,32.88,52.46,12.478000000000003,Warning
2922,2026-06-05 19:59:55,29.85,7.37,6.56,49.24,32.88,52.46,12.478000000000003,Warning
2923,2026-06-05 19:59:58,29.85,7.37,6.56,49.24,32.88,52.46,12.478000000000003,Warning
2924,2026-06-05 19:59:58,29.85,7.37,6.56,49.24,32.88,52.46,12.478000000000003,Warning
2925,2026-06-05 20:00:03,29.85,7.37,6.56,49.24,32.88,52.46,12.478000000000003,Warning
2926,2026-06-05 20:00:04,29.85,7.37,6.56,49.24,32.88,52.46,12.478000000000003,Warning
2927,2026-06-05 20:00:04,29.85,7.37,6.56,49.24,32.88,52.46,12.478000000000003,Warning
2928,2026-06-05 20:00:04,29.85,7.37,6.56,49.24,32.88,52.46,12.478000000000003,Warning
2929,2026-06-05 20:00:09,29.85,7.37,6.56,49.24,32.88,52.46,12.478000000000003,Warning
2930,2026-06-05 20:00:11,29.85,7.37,6.56,49.24,32.88,52.46,12.478000000000003,Warning
2931,2026-06-05 20:00:13,29.85,7.37,6.56,49.24,32.88,52.46,12.478000000000003,Warning
2932,2026-06-05 20:01:01,29.85,7.37,6.56,49.24,32.88,52.46,12.478000000000003,Warning
2933,2026-06-05 20:01:01,29.85,7.37,6.56,49.24,32.88,52.46,12.478000000000003,Warning
2934,2026-06-05 20:01:01,29.85,7.37,6.56,49.24,32.88,52.46,12.478000000000003,Warning
2935,2026-06-05 20:01:20,29.85,7.37,6.56,49.24,32.88,52.46,12.478000000000003,Warning
2936,2026-06-05 20:02:01,29.85,7.37,6.56,49.24,32.88,52.46,12.478000000000003,Warning
2937,2026-06-05 20:02:01,29.85,7.37,6.56,49.24,32.88,52.46,12.478000000000003,Warning
2938,2026-06-05 20:02:01,29.85,7.37,6.56,49.24,32.88,52.46,12.478000000000003,Warning
2939,2026-06-05 20:02:07,29.85,7.37,6.56,49.24,32.88,52.46,12.478000000000003,Warning
2940,2026-06-05 20:02:19,29.85,7.37,6.56,49.24,32.88,52.46,12.478000000000003,Warning
2941,2026-06-05 20:02:20,29.85,7.37,6.56,49.24,32.88,52.46,12.478000000000003,Warning
2942,2026-06-05 20:02:25,29.85,7.37,6.56,49.24,32.88,52.46,12.478000000000003,Warning
2943,2026-06-05 20:03:04,29.85,7.37,6.56,49.24,32.88,52.46,12.478000000000003,Warning
2944,2026-06-05 20:03:04,29.85,7.37,6.56,49.24,32.88,52.46,12.478000000000003,Warning
2945,2026-06-05 20:03:04,29.85,7.37,6.56,49.24,32.88,52.46,12.478000000000003,Warning
2946,2026-06-05 20:03:07,29.85,7.37,6.56,49.24,32.88,52.46,12.478000000000003,Warning
2947,2026-06-05 20:03:07,29.85,7.37,6.56,49.24,32.88,52.46,12.478000000000003,Warning
2948,2026-06-05 20:03:07,29.85,7.37,6.56,49.24,32.88,52.46,12.478000000000003,Warning
2949,2026-06-05 20:03:10,29.85,7.37,6.56,49.24,32.88,52.46,12.478000000000003,Warning
2950,2026-06-05 20:03:10,29.85,7.37,6.56,49.24,32.88,52.46,12.478000000000003,Warning
2951,2026-06-05 20:03:13,29.85,7.37,6.56,49.24,32.88,52.46,12.478000000000003,Warning
2952,2026-06-05 20:03:13,29.85,7.37,6.56,49.24,32.88,52.46,12.478000000000003,Warning
2953,2026-06-05 20:03:16,29.85,7.37,6.56,49.24,32.88,52.46,12.478000000000003,Warning
2954,2026-06-05 20:03:16,29.85,7.37,6.56,49.24,32.88,52.46,12.478000000000003,Warning
2955,2026-06-05 20:03:19,29.85,7.37,6.56,49.24,32.88,52.46,12.478000000000003,Warning
2956,2026-06-05 20:03:20,29.85,7.37,6.56,49.24,32.88,52.46,12.478000000000003,Warning
2957,2026-06-05 20:03:22,29.85,7.37,6.56,49.24,32.88,52.46,12.478000000000003,Warning
2958,2026-06-05 20:03:22,29.85,7.37,6.56,49.24,32.88,52.46,12.478000000000003,Warning
2959,2026-06-05 20:03:25,29.85,7.37,6.56,49.24,32.88,52.46,12.478000000000003,Warning
2960,2026-06-05 20:03:31,29.85,7.37,6.56,49.24,32.88,52.46,12.478000000000003,Warning
2961,2026-06-05 20:03:34,29.85,7.37,6.56,49.24,32.88,52.46,12.478000000000003,Warning
2962,2026-06-05 20:03:37,29.85,7.37,6.56,49.24,32.88,52.46,12.478000000000003,Warning
2963,2026-06-05 20:03:40,29.85,7.37,6.56,49.24,32.88,52.46,12.478000000000003,Warning
2964,2026-06-05 20:03:43,29.85,7.37,6.56,49.24,32.88,52.46,12.478000000000003,Warning
2965,2026-06-05 20:03:49,29.85,7.37,6.56,49.24,32.88,52.46,12.478000000000003,Warning
2966,2026-06-05 20:03:52,29.85,7.37,6.56,49.24,32.88,52.46,12.478000000000003,Warning
2967,2026-06-05 20:04:01,29.85,7.37,6.56,49.24,32.88,52.46,12.478000000000003,Warning
2968,2026-06-05 20:04:01,29.85,7.37,6.56,49.24,32.88,52.46,12.478000000000003,Warning
2969,2026-06-05 20:04:04,29.85,7.37,6.56,49.24,32.88,52.46,12.478000000000003,Warning
2970,2026-06-05 20:04:04,29.85,7.37,6.56,49.24,32.88,52.46,12.478000000000003,Warning
2971,2026-06-05 20:04:07,29.85,7.37,6.56,49.24,32.88,52.46,12.478000000000003,Warning
2972,2026-06-05 20:04:07,29.85,7.37,6.56,49.24,32.88,52.46,12.478000000000003,Warning
2973,2026-06-05 20:04:07,29.85,7.37,6.56,49.24,32.88,52.46,12.478000000000003,Warning
2974,2026-06-05 20:04:10,29.85,7.37,6.56,49.24,32.88,52.46,12.478000000000003,Warning
2975,2026-06-05 20:04:10,29.85,7.37,6.56,49.24,32.88,52.46,12.478000000000003,Warning
2976,2026-06-05 20:04:10,29.85,7.37,6.56,49.24,32.88,52.46,12.478000000000003,Warning
2977,2026-06-05 20:04:13,29.85,7.37,6.56,49.24,32.88,52.46,12.478000000000003,Warning
2978,2026-06-05 20:04:13,29.85,7.37,6.56,49.24,32.88,52.46,12.478000000000003,Warning
2979,2026-06-05 20:04:13,29.85,7.37,6.56,49.24,32.88,52.46,12.478000000000003,Warning
2980,2026-06-05 20:04:16,29.85,7.37,6.56,49.24,32.88,52.46,12.478000000000003,Warning
2981,2026-06-05 20:04:16,29.85,7.37,6.56,49.24,32.88,52.46,12.478000000000003,Warning
2982,2026-06-05 20:04:19,29.85,7.37,6.56,49.24,32.88,52.46,12.478000000000003,Warning
2983,2026-06-05 20:04:19,29.85,7.37,6.56,49.24,32.88,52.46,12.478000000000003,Warning
2984,2026-06-05 20:04:19,29.85,7.37,6.56,49.24,32.88,52.46,12.478000000000003,Warning
2985,2026-06-05 20:04:20,29.85,7.37,6.56,49.24,32.88,52.46,12.478000000000003,Warning
2986,2026-06-05 20:04:22,29.85,7.37,6.56,49.24,32.88,52.46,12.478000000000003,Warning
2987,2026-06-05 20:04:22,29.85,7.37,6.56,49.24,32.88,52.46,12.478000000000003,Warning
2988,2026-06-05 20:04:25,29.85,7.37,6.56,49.24,32.88,52.46,12.478000000000003,Warning
2989,2026-06-05 20:04:25,29.85,7.37,6.56,49.24,32.88,52.46,12.478000000000003,Warning
2990,2026-06-05 20:04:28,29.85,7.37,6.56,49.24,32.88,52.46,12.478000000000003,Warning
2991,2026-06-05 20:04:31,29.85,7.37,6.56,49.24,32.88,52.46,12.478000000000003,Warning
2992,2026-06-05 20:04:31,29.85,7.37,6.56,49.24,32.88,52.46,12.478000000000003,Warning
2993,2026-06-05 20:04:34,29.85,7.37,6.56,49.24,32.88,52.46,12.478000000000003,Warning
2994,2026-06-05 20:04:37,29.85,7.37,6.56,49.24,32.88,52.46,12.478000000000003,Warning
2995,2026-06-05 20:04:37,29.85,7.37,6.56,49.24,32.88,52.46,12.478000000000003,Warning
2996,2026-06-05 20:04:40,29.85,7.37,6.56,49.24,32.88,52.46,12.478000000000003,Warning
2997,2026-06-05 20:04:40,29.85,7.37,6.56,49.24,32.88,52.46,12.478000000000003,Warning
2998,2026-06-05 20:04:43,29.85,7.37,6.56,49.24,32.88,52.46,12.478000000000003,Warning
2999,2026-06-05 20:04:46,29.85,7.37,6.56,49.24,32.88,52.46,12.478000000000003,Warning
3000,2026-06-05 20:04:49,29.85,7.37,6.56,49.24,32.88,52.46,12.478000000000003,Warning
3001,2026-06-05 20:04:49,29.85,7.37,6.56,49.24,32.88,52.46,12.478000000000003,Warning
3002,2026-06-05 20:04:52,29.85,7.37,6.56,49.24,32.88,52.46,12.478000000000003,Warning
3003,2026-06-05 20:04:55,29.85,7.37,6.56,49.24,32.88,52.46,12.478000000000003,Warning
3004,2026-06-05 20:04:55,29.85,7.37,6.56,49.24,32.88,52.46,12.478000000000003,Warning
3005,2026-06-05 20:04:58,29.85,7.37,6.56,49.24,32.88,52.46,12.478000000000003,Warning
3006,2026-06-05 20:04:58,29.85,7.37,6.56,49.24,32.88,52.46,12.478000000000003,Warning
3007,2026-06-05 20:05:01,29.85,7.37,6.56,49.24,32.88,52.46,12.478000000000003,Warning
3008,2026-06-05 20:05:01,29.85,7.37,6.56,49.24,32.88,52.46,12.478000000000003,Warning
3009,2026-06-05 20:05:01,29.85,7.37,6.56,49.24,32.88,52.46,12.478000000000003,Warning
3010,2026-06-05 20:05:01,29.85,7.37,6.56,49.24,32.88,52.46,12.478000000000003,Warning
3011,2026-06-05 20:05:04,29.85,7.37,6.56,49.24,32.88,52.46,12.478000000000003,Warning
3012,2026-06-05 20:05:04,29.85,7.37,6.56,49.24,32.88,52.46,12.478000000000003,Warning
3013,2026-06-05 20:05:04,29.85,7.37,6.56,49.24,32.88,52.46,12.478000000000003,Warning
3014,2026-06-05 20:05:04,29.85,7.37,6.56,49.24,32.88,52.46,12.478000000000003,Warning
3015,2026-06-05 20:05:07,29.85,7.37,6.56,49.24,32.88,52.46,12.478000000000003,Warning
3016,2026-06-05 20:05:07,29.85,7.37,6.56,49.24,32.88,52.46,12.478000000000003,Warning
3017,2026-06-05 20:05:07,29.85,7.37,6.56,49.24,32.88,52.46,12.478000000000003,Warning
3018,2026-06-05 20:05:07,29.85,7.37,6.56,49.24,32.88,52.46,12.478000000000003,Warning
3019,2026-06-05 20:05:10,29.85,7.37,6.56,49.24,32.88,52.46,12.478000000000003,Warning
3020,2026-06-05 20:05:10,29.85,7.37,6.56,49.24,32.88,52.46,12.478000000000003,Warning
3021,2026-06-05 20:05:10,29.85,7.37,6.56,49.24,32.88,52.46,12.478000000000003,Warning
3022,2026-06-05 20:05:10,29.85,7.37,6.56,49.24,32.88,52.46,12.478000000000003,Warning
3023,2026-06-05 20:05:13,29.85,7.37,6.56,49.24,32.88,52.46,12.478000000000003,Warning
3024,2026-06-05 20:05:13,29.85,7.37,6.56,49.24,32.88,52.46,12.478000000000003,Warning
3025,2026-06-05 20:05:13,29.85,7.37,6.56,49.24,32.88,52.46,12.478000000000003,Warning
3026,2026-06-05 20:05:16,29.85,7.37,6.56,49.24,32.88,52.46,12.478000000000003,Warning
3027,2026-06-05 20:05:16,29.85,7.37,6.56,49.24,32.88,52.46,12.478000000000003,Warning
3028,2026-06-05 20:05:20,29.85,7.37,6.56,49.24,32.88,52.46,12.478000000000003,Warning
3029,2026-06-05 20:05:22,29.85,7.37,6.56,49.24,32.88,52.46,12.478000000000003,Warning
3030,2026-06-05 20:05:25,29.85,7.37,6.56,49.24,32.88,52.46,12.478000000000003,Warning
3031,2026-06-05 20:05:28,29.85,7.37,6.56,49.24,32.88,52.46,12.478000000000003,Warning
3032,2026-06-05 20:05:31,29.85,7.37,6.56,49.24,32.88,52.46,12.478000000000003,Warning
3033,2026-06-05 20:06:01,29.85,7.37,6.56,49.24,32.88,52.46,12.478000000000003,Warning
3034,2026-06-05 20:06:04,29.85,7.37,6.56,49.24,32.88,52.46,12.478000000000003,Warning
3035,2026-06-05 20:06:04,29.85,7.37,6.56,49.24,32.88,52.46,12.478000000000003,Warning
3036,2026-06-05 20:06:04,29.85,7.37,6.56,49.24,32.88,52.46,12.478000000000003,Warning
3037,2026-06-05 20:06:04,29.85,7.37,6.56,49.24,32.88,52.46,12.478000000000003,Warning
3038,2026-06-05 20:06:07,29.85,7.37,6.56,49.24,32.88,52.46,12.478000000000003,Warning
3039,2026-06-05 20:06:07,29.85,7.37,6.56,49.24,32.88,52.46,12.478000000000003,Warning
3040,2026-06-05 20:06:07,29.85,7.37,6.56,49.24,32.88,52.46,12.478000000000003,Warning
3041,2026-06-05 20:06:10,29.85,7.37,6.56,49.24,32.88,52.46,12.478000000000003,Warning
3042,2026-06-05 20:06:10,29.85,7.37,6.56,49.24,32.88,52.46,12.478000000000003,Warning
3043,2026-06-05 20:06:10,29.85,7.37,6.56,49.24,32.88,52.46,12.478000000000003,Warning
3044,2026-06-05 20:06:21,29.85,7.37,6.56,49.24,32.88,52.46,12.478000000000003,Warning
3045,2026-06-05 20:06:28,29.85,7.37,6.56,49.24,32.88,52.46,12.478000000000003,Warning
3046,2026-06-05 20:06:31,29.85,7.37,6.56,49.24,32.88,52.46,12.478000000000003,Warning
3047,2026-06-05 20:06:43,29.85,7.37,6.56,49.24,32.88,52.46,12.478000000000003,Warning
3048,2026-06-05 20:06:46,29.85,7.37,6.56,49.24,32.88,52.46,12.478000000000003,Warning
3049,2026-06-05 20:07:01,29.85,7.37,6.56,49.24,32.88,52.46,12.478000000000003,Warning
3050,2026-06-05 20:07:01,29.85,7.37,6.56,49.24,32.88,52.46,12.478000000000003,Warning
3051,2026-06-05 20:07:01,29.85,7.37,6.56,49.24,32.88,52.46,12.478000000000003,Warning
3052,2026-06-05 20:07:01,29.85,7.37,6.56,49.24,32.88,52.46,12.478000000000003,Warning
3053,2026-06-05 20:07:04,29.85,7.37,6.56,49.24,32.88,52.46,12.478000000000003,Warning
3054,2026-06-05 20:07:04,29.85,7.37,6.56,49.24,32.88,52.46,12.478000000000003,Warning
3055,2026-06-05 20:07:10,29.85,7.37,6.56,49.24,32.88,52.46,12.478000000000003,Warning
3056,2026-06-05 20:07:10,29.85,7.37,6.56,49.24,32.88,52.46,12.478000000000003,Warning
3057,2026-06-05 20:07:13,29.85,7.37,6.56,49.24,32.88,52.46,12.478000000000003,Warning
3058,2026-06-05 20:07:13,29.85,7.37,6.56,49.24,32.88,52.46,12.478000000000003,Warning
3059,2026-06-05 20:07:16,29.85,7.37,6.56,49.24,32.88,52.46,12.478000000000003,Warning
3060,2026-06-05 20:07:19,29.85,7.37,6.56,49.24,32.88,52.46,12.478000000000003,Warning
3061,2026-06-05 20:07:20,29.85,7.37,6.56,49.24,32.88,52.46,12.478000000000003,Warning
3062,2026-06-05 20:07:22,29.85,7.37,6.56,49.24,32.88,52.46,12.478000000000003,Warning
3063,2026-06-05 20:07:25,29.85,7.37,6.56,49.24,32.88,52.46,12.478000000000003,Warning
3064,2026-06-05 20:07:28,29.85,7.37,6.56,49.24,32.88,52.46,12.478000000000003,Warning
3065,2026-06-05 20:07:31,29.85,7.37,6.56,49.24,32.88,52.46,12.478000000000003,Warning
3066,2026-06-05 20:07:34,29.85,7.37,6.56,49.24,32.88,52.46,12.478000000000003,Warning
3067,2026-06-05 20:07:37,29.85,7.37,6.56,49.24,32.88,52.46,12.478000000000003,Warning
3068,2026-06-05 20:07:40,29.85,7.37,6.56,49.24,32.88,52.46,12.478000000000003,Warning
3069,2026-06-05 20:07:43,29.85,7.37,6.56,49.24,32.88,52.46,12.478000000000003,Warning
3070,2026-06-05 20:07:46,29.85,7.37,6.56,49.24,32.88,52.46,12.478000000000003,Warning
3071,2026-06-05 20:07:49,29.85,7.37,6.56,49.24,32.88,52.46,12.478000000000003,Warning
3072,2026-06-05 20:07:55,29.85,7.37,6.56,49.24,32.88,52.46,12.478000000000003,Warning
3073,2026-06-05 20:07:58,29.85,7.37,6.56,49.24,32.88,52.46,12.478000000000003,Warning
3074,2026-06-05 20:08:01,29.85,7.37,6.56,49.24,32.88,52.46,12.478000000000003,Warning
3075,2026-06-05 20:08:01,29.85,7.37,6.56,49.24,32.88,52.46,12.478000000000003,Warning
3076,2026-06-05 20:08:01,29.85,7.37,6.56,49.24,32.88,52.46,12.478000000000003,Warning
3077,2026-06-05 20:08:04,29.85,7.37,6.56,49.24,32.88,52.46,12.478000000000003,Warning
3078,2026-06-05 20:08:04,29.85,7.37,6.56,49.24,32.88,52.46,12.478000000000003,Warning
3079,2026-06-05 20:08:04,29.85,7.37,6.56,49.24,32.88,52.46,12.478000000000003,Warning
3080,2026-06-05 20:08:07,29.85,7.37,6.56,49.24,32.88,52.46,12.478000000000003,Warning
3081,2026-06-05 20:08:10,29.85,7.37,6.56,49.24,32.88,52.46,12.478000000000003,Warning
3082,2026-06-05 20:08:10,29.85,7.37,6.56,49.24,32.88,52.46,12.478000000000003,Warning
3083,2026-06-05 20:08:10,29.85,7.37,6.56,49.24,32.88,52.46,12.478000000000003,Warning
3084,2026-06-05 20:08:13,29.85,7.37,6.56,49.24,32.88,52.46,12.478000000000003,Warning
3085,2026-06-05 20:08:13,29.85,7.37,6.56,49.24,32.88,52.46,12.478000000000003,Warning
3086,2026-06-05 20:08:13,29.85,7.37,6.56,49.24,32.88,52.46,12.478000000000003,Warning
3087,2026-06-05 20:08:13,29.85,7.37,6.56,49.24,32.88,52.46,12.478000000000003,Warning
3088,2026-06-05 20:08:16,29.85,7.37,6.56,49.24,32.88,52.46,12.478000000000003,Warning
3089,2026-06-05 20:08:21,29.85,7.37,6.56,49.24,32.88,52.46,12.478000000000003,Warning
3090,2026-06-05 20:09:01,29.85,7.37,6.56,49.24,32.88,52.46,12.478000000000003,Warning
3091,2026-06-05 20:09:01,29.85,7.37,6.56,49.24,32.88,52.46,12.478000000000003,Warning
3092,2026-06-05 20:09:04,29.85,7.37,6.56,49.24,32.88,52.46,12.478000000000003,Warning
3093,2026-06-05 20:09:07,29.85,7.37,6.56,49.24,32.88,52.46,12.478000000000003,Warning
3094,2026-06-05 20:09:07,29.85,7.37,6.56,49.24,32.88,52.46,12.478000000000003,Warning
3095,2026-06-05 20:09:07,29.85,7.37,6.56,49.24,32.88,52.46,12.478000000000003,Warning
3096,2026-06-05 20:09:10,29.85,7.37,6.56,49.24,32.88,52.46,12.478000000000003,Warning
3097,2026-06-05 20:09:10,29.85,7.37,6.56,49.24,32.88,52.46,12.478000000000003,Warning
3098,2026-06-05 20:09:13,29.85,7.37,6.56,49.24,32.88,52.46,12.478000000000003,Warning
3099,2026-06-05 20:09:16,29.85,7.37,6.56,49.24,32.88,52.46,12.478000000000003,Warning
3100,2026-06-05 20:09:16,29.85,7.37,6.56,49.24,32.88,52.46,12.478000000000003,Warning
3101,2026-06-05 20:09:16,29.85,7.37,6.56,49.24,32.88,52.46,12.478000000000003,Warning
3102,2026-06-05 20:09:19,29.85,7.37,6.56,49.24,32.88,52.46,12.478000000000003,Warning
3103,2026-06-05 20:09:19,29.85,7.37,6.56,49.24,32.88,52.46,12.478000000000003,Warning
3104,2026-06-05 20:09:20,29.85,7.37,6.56,49.24,32.88,52.46,12.478000000000003,Warning
3105,2026-06-05 20:09:25,29.85,7.37,6.56,49.24,32.88,52.46,12.478000000000003,Warning
3106,2026-06-05 20:09:25,29.85,7.37,6.56,49.24,32.88,52.46,12.478000000000003,Warning
3107,2026-06-05 20:09:25,29.85,7.37,6.56,49.24,32.88,52.46,12.478000000000003,Warning
3108,2026-06-05 20:09:25,29.85,7.37,6.56,49.24,32.88,52.46,12.478000000000003,Warning
3109,2026-06-05 20:09:28,29.85,7.37,6.56,49.24,32.88,52.46,12.478000000000003,Warning
3110,2026-06-05 20:09:28,29.85,7.37,6.56,49.24,32.88,52.46,12.478000000000003,Warning
3111,2026-06-05 20:09:28,29.85,7.37,6.56,49.24,32.88,52.46,12.478000000000003,Warning
3112,2026-06-05 20:09:28,29.85,7.37,6.56,49.24,32.88,52.46,12.478000000000003,Warning
3113,2026-06-05 20:09:31,29.85,7.37,6.56,49.24,32.88,52.46,12.478000000000003,Warning
3114,2026-06-05 20:09:31,29.85,7.37,6.56,49.24,32.88,52.46,12.478000000000003,Warning
3115,2026-06-05 20:09:34,29.85,7.37,6.56,49.24,32.88,52.46,12.478000000000003,Warning
3116,2026-06-05 20:09:34,29.85,7.37,6.56,49.24,32.88,52.46,12.478000000000003,Warning
3117,2026-06-05 20:09:34,29.85,7.37,6.56,49.24,32.88,52.46,12.478000000000003,Warning
3118,2026-06-05 20:09:34,29.85,7.37,6.56,49.24,32.88,52.46,12.478000000000003,Warning
3119,2026-06-05 20:09:37,29.85,7.37,6.56,49.24,32.88,52.46,12.478000000000003,Warning
3120,2026-06-05 20:09:37,29.85,7.37,6.56,49.24,32.88,52.46,12.478000000000003,Warning
3121,2026-06-05 20:09:37,29.85,7.37,6.56,49.24,32.88,52.46,12.478000000000003,Warning
3122,2026-06-05 20:09:40,29.85,7.37,6.56,49.24,32.88,52.46,12.478000000000003,Warning
3123,2026-06-05 20:09:40,29.85,7.37,6.56,49.24,32.88,52.46,12.478000000000003,Warning
3124,2026-06-05 20:09:43,29.85,7.37,6.56,49.24,32.88,52.46,12.478000000000003,Warning
3125,2026-06-05 20:09:43,29.85,7.37,6.56,49.24,32.88,52.46,12.478000000000003,Warning
3126,2026-06-05 20:09:43,29.85,7.37,6.56,49.24,32.88,52.46,12.478000000000003,Warning
3127,2026-06-05 20:09:49,29.85,7.37,6.56,49.24,32.88,52.46,12.478000000000003,Warning
3128,2026-06-05 20:09:49,29.85,7.37,6.56,49.24,32.88,52.46,12.478000000000003,Warning
3129,2026-06-05 20:09:49,29.85,7.37,6.56,49.24,32.88,52.46,12.478000000000003,Warning
3130,2026-06-05 20:09:52,29.85,7.37,6.56,49.24,32.88,52.46,12.478000000000003,Warning
3131,2026-06-05 20:09:52,29.85,7.37,6.56,49.24,32.88,52.46,12.478000000000003,Warning
3132,2026-06-05 20:09:55,29.85,7.37,6.56,49.24,32.88,52.46,12.478000000000003,Warning
3133,2026-06-05 20:09:56,29.85,7.37,6.56,49.24,32.88,52.46,12.478000000000003,Warning
3134,2026-06-05 20:09:58,29.85,7.37,6.56,49.24,32.88,52.46,12.478000000000003,Warning
3135,2026-06-05 20:10:04,29.85,7.37,6.56,49.24,32.88,52.46,12.478000000000003,Warning
3136,2026-06-05 20:10:04,29.85,7.37,6.56,49.24,32.88,52.46,12.478000000000003,Warning
3137,2026-06-05 20:10:05,29.85,7.37,6.56,49.24,32.88,52.46,12.478000000000003,Warning
3138,2026-06-05 20:10:07,29.85,7.37,6.56,49.24,32.88,52.46,12.478000000000003,Warning
3139,2026-06-05 20:10:07,29.85,7.37,6.56,49.24,32.88,52.46,12.478000000000003,Warning
3140,2026-06-05 20:10:08,29.85,7.37,6.56,49.24,32.88,52.46,12.478000000000003,Warning
3141,2026-06-05 20:10:13,29.85,7.37,6.56,49.24,32.88,52.46,12.478000000000003,Warning
3142,2026-06-05 20:10:13,29.85,7.37,6.56,49.24,32.88,52.46,12.478000000000003,Warning
3143,2026-06-05 20:10:13,29.85,7.37,6.56,49.24,32.88,52.46,12.478000000000003,Warning
3144,2026-06-05 20:10:16,29.85,7.37,6.56,49.24,32.88,52.46,12.478000000000003,Warning
3145,2026-06-05 20:10:16,29.85,7.37,6.56,49.24,32.88,52.46,12.478000000000003,Warning
3146,2026-06-05 20:10:20,29.85,7.37,6.56,49.24,32.88,52.46,12.478000000000003,Warning
3147,2026-06-05 20:10:22,29.85,7.37,6.56,49.24,32.88,52.46,12.478000000000003,Warning
3148,2026-06-05 20:10:25,29.85,7.37,6.56,49.24,32.88,52.46,12.478000000000003,Warning
3149,2026-06-05 20:10:25,29.85,7.37,6.56,49.24,32.88,52.46,12.478000000000003,Warning
3150,2026-06-05 20:10:31,29.85,7.37,6.56,49.24,32.88,52.46,12.478000000000003,Warning
3151,2026-06-05 20:10:39,29.85,7.37,6.56,49.24,32.88,52.46,12.478000000000003,Warning
3152,2026-06-05 20:10:40,29.85,7.37,6.56,49.24,32.88,52.46,12.478000000000003,Warning
3153,2026-06-05 20:10:40,29.85,7.37,6.56,49.24,32.88,52.46,12.478000000000003,Warning
3154,2026-06-05 20:10:43,29.85,7.37,6.56,49.24,32.88,52.46,12.478000000000003,Warning
3155,2026-06-05 20:10:43,29.85,7.37,6.56,49.24,32.88,52.46,12.478000000000003,Warning
3156,2026-06-05 20:10:43,29.85,7.37,6.56,49.24,32.88,52.46,12.478000000000003,Warning
3157,2026-06-05 20:10:43,29.85,7.37,6.56,49.24,32.88,52.46,12.478000000000003,Warning
3158,2026-06-05 20:10:45,29.85,7.37,6.56,49.24,32.88,52.46,12.478000000000003,Warning
3159,2026-06-05 20:10:49,29.85,7.37,6.56,49.24,32.88,52.46,12.478000000000003,Warning
3160,2026-06-05 20:10:55,29.85,7.37,6.56,49.24,32.88,52.46,12.478000000000003,Warning
3161,2026-06-05 20:10:55,29.85,7.37,6.56,49.24,32.88,52.46,12.478000000000003,Warning
3162,2026-06-05 20:10:55,29.85,7.37,6.56,49.24,32.88,52.46,12.478000000000003,Warning
3163,2026-06-05 20:10:55,29.85,7.37,6.56,49.24,32.88,52.46,12.478000000000003,Warning
3164,2026-06-05 20:10:58,29.85,7.37,6.56,49.24,32.88,52.46,12.478000000000003,Warning
3165,2026-06-05 20:10:58,29.85,7.37,6.56,49.24,32.88,52.46,12.478000000000003,Warning
3166,2026-06-05 20:10:58,29.85,7.37,6.56,49.24,32.88,52.46,12.478000000000003,Warning
3167,2026-06-05 20:10:59,29.85,7.37,6.56,49.24,32.88,52.46,12.478000000000003,Warning
3168,2026-06-05 20:11:03,29.85,7.37,6.56,49.24,32.88,52.46,12.478000000000003,Warning
3169,2026-06-05 20:11:04,29.85,7.37,6.56,49.24,32.88,52.46,12.478000000000003,Warning
3170,2026-06-05 20:11:04,29.85,7.37,6.56,49.24,32.88,52.46,12.478000000000003,Warning
3171,2026-06-05 20:11:10,29.85,7.37,6.56,49.24,32.88,52.46,12.478000000000003,Warning
3172,2026-06-05 20:11:10,29.85,7.37,6.56,49.24,32.88,52.46,12.478000000000003,Warning
3173,2026-06-05 20:11:10,29.85,7.37,6.56,49.24,32.88,52.46,12.478000000000003,Warning
3174,2026-06-05 20:11:10,29.85,7.37,6.56,49.24,32.88,52.46,12.478000000000003,Warning
3175,2026-06-05 20:11:12,29.85,7.37,6.56,49.24,32.88,52.46,12.478000000000003,Warning
3176,2026-06-05 20:11:19,29.85,7.37,6.56,49.24,32.88,52.46,12.478000000000003,Warning
3177,2026-06-05 20:11:19,29.85,7.37,6.56,49.24,32.88,52.46,12.478000000000003,Warning
3178,2026-06-05 20:11:19,29.85,7.37,6.56,49.24,32.88,52.46,12.478000000000003,Warning
3179,2026-06-05 20:11:21,29.85,7.37,6.56,49.24,32.88,52.46,12.478000000000003,Warning
3180,2026-06-05 20:11:31,29.85,7.37,6.56,49.24,32.88,52.46,12.478000000000003,Warning
3181,2026-06-05 20:11:38,29.85,7.37,6.56,49.24,32.88,52.46,12.478000000000003,Warning
3182,2026-06-05 20:11:46,29.85,7.37,6.56,49.24,32.88,52.46,12.478000000000003,Warning
3183,2026-06-05 20:11:49,29.85,7.37,6.56,49.24,32.88,52.46,12.478000000000003,Warning
3184,2026-06-05 20:11:55,29.85,7.37,6.56,49.24,32.88,52.46,12.478000000000003,Warning
3185,2026-06-05 20:12:01,29.85,7.37,6.56,49.24,32.88,52.46,12.478000000000003,Warning
3186,2026-06-05 20:12:01,29.85,7.37,6.56,49.24,32.88,52.46,12.478000000000003,Warning
3187,2026-06-05 20:12:07,29.85,7.37,6.56,49.24,32.88,52.46,12.478000000000003,Warning
3188,2026-06-05 20:12:07,29.85,7.37,6.56,49.24,32.88,52.46,12.478000000000003,Warning
3189,2026-06-05 20:12:07,29.85,7.37,6.56,49.24,32.88,52.46,12.478000000000003,Warning
3190,2026-06-05 20:12:07,29.85,7.37,6.56,49.24,32.88,52.46,12.478000000000003,Warning
3191,2026-06-05 20:12:10,29.85,7.37,6.56,49.24,32.88,52.46,12.478000000000003,Warning
3192,2026-06-05 20:12:10,29.85,7.37,6.56,49.24,32.88,52.46,12.478000000000003,Warning
3193,2026-06-05 20:12:10,29.85,7.37,6.56,49.24,32.88,52.46,12.478000000000003,Warning
3194,2026-06-05 20:12:10,29.85,7.37,6.56,49.24,32.88,52.46,12.478000000000003,Warning
3195,2026-06-05 20:12:10,29.85,7.37,6.56,49.24,32.88,52.46,12.478000000000003,Warning
3196,2026-06-05 20:12:13,29.85,7.37,6.56,49.24,32.88,52.46,12.478000000000003,Warning
3197,2026-06-05 20:12:13,29.85,7.37,6.56,49.24,32.88,52.46,12.478000000000003,Warning
3198,2026-06-05 20:12:13,29.85,7.37,6.56,49.24,32.88,52.46,12.478000000000003,Warning
3199,2026-06-05 20:12:13,29.85,7.37,6.56,49.24,32.88,52.46,12.478000000000003,Warning
3200,2026-06-05 20:12:16,29.85,7.37,6.56,49.24,32.88,52.46,12.478000000000003,Warning
3201,2026-06-05 20:12:16,29.85,7.37,6.56,49.24,32.88,52.46,12.478000000000003,Warning
3202,2026-06-05 20:12:16,29.85,7.37,6.56,49.24,32.88,52.46,12.478000000000003,Warning
3203,2026-06-05 20:12:16,29.85,7.37,6.56,49.24,32.88,52.46,12.478000000000003,Warning
3204,2026-06-05 20:12:16,29.85,7.37,6.56,49.24,32.88,52.46,12.478000000000003,Warning
3205,2026-06-05 20:12:19,29.85,7.37,6.56,49.24,32.88,52.46,12.478000000000003,Warning
3206,2026-06-05 20:12:19,29.85,7.37,6.56,49.24,32.88,52.46,12.478000000000003,Warning
3207,2026-06-05 20:12:19,29.85,7.37,6.56,49.24,32.88,52.46,12.478000000000003,Warning
3208,2026-06-05 20:12:19,29.85,7.37,6.56,49.24,32.88,52.46,12.478000000000003,Warning
3209,2026-06-05 20:12:20,29.85,7.37,6.56,49.24,32.88,52.46,12.478000000000003,Warning
3210,2026-06-05 20:12:22,29.85,7.37,6.56,49.24,32.88,52.46,12.478000000000003,Warning
3211,2026-06-05 20:12:25,29.85,7.37,6.56,49.24,32.88,52.46,12.478000000000003,Warning
3212,2026-06-05 20:12:28,29.85,7.37,6.56,49.24,32.88,52.46,12.478000000000003,Warning
3213,2026-06-05 20:12:31,29.85,7.37,6.56,49.24,32.88,52.46,12.478000000000003,Warning
3214,2026-06-05 20:12:37,29.85,7.37,6.56,49.24,32.88,52.46,12.478000000000003,Warning
3215,2026-06-05 20:12:37,29.85,7.37,6.56,49.24,32.88,52.46,12.478000000000003,Warning
3216,2026-06-05 20:12:37,29.85,7.37,6.56,49.24,32.88,52.46,12.478000000000003,Warning
3217,2026-06-05 20:12:37,29.85,7.37,6.56,49.24,32.88,52.46,12.478000000000003,Warning
3218,2026-06-05 20:12:40,29.85,7.37,6.56,49.24,32.88,52.46,12.478000000000003,Warning
3219,2026-06-05 20:12:40,29.85,7.37,6.56,49.24,32.88,52.46,12.478000000000003,Warning
3220,2026-06-05 20:12:46,29.85,7.37,6.56,49.24,32.88,52.46,12.478000000000003,Warning
3221,2026-06-05 20:12:47,29.85,7.37,6.56,49.24,32.88,52.46,12.478000000000003,Warning
3222,2026-06-05 20:12:52,29.85,7.37,6.56,49.24,32.88,52.46,12.478000000000003,Warning
3223,2026-06-05 20:12:58,29.85,7.37,6.56,49.24,32.88,52.46,12.478000000000003,Warning
3224,2026-06-05 20:13:04,29.85,7.37,6.56,49.24,32.88,52.46,12.478000000000003,Warning
3225,2026-06-05 20:13:04,29.85,7.37,6.56,49.24,32.88,52.46,12.478000000000003,Warning
3226,2026-06-05 20:13:04,29.85,7.37,6.56,49.24,32.88,52.46,12.478000000000003,Warning
3227,2026-06-05 20:13:10,29.85,7.37,6.56,49.24,32.88,52.46,12.478000000000003,Warning
3228,2026-06-05 20:13:13,29.85,7.37,6.56,49.24,32.88,52.46,12.478000000000003,Warning
3229,2026-06-05 20:13:13,29.85,7.37,6.56,49.24,32.88,52.46,12.478000000000003,Warning
3230,2026-06-05 20:13:16,29.85,7.37,6.56,49.24,32.88,52.46,12.478000000000003,Warning
3231,2026-06-05 20:13:16,29.85,7.37,6.56,49.24,32.88,52.46,12.478000000000003,Warning
3232,2026-06-05 20:13:16,29.85,7.37,6.56,49.24,32.88,52.46,12.478000000000003,Warning
3233,2026-06-05 20:13:19,29.85,7.37,6.56,49.24,32.88,52.46,12.478000000000003,Warning
3234,2026-06-05 20:13:20,29.85,7.37,6.56,49.24,32.88,52.46,12.478000000000003,Warning
3235,2026-06-05 20:13:25,29.85,7.37,6.56,49.24,32.88,52.46,12.478000000000003,Warning
3236,2026-06-05 20:13:25,29.85,7.37,6.56,49.24,32.88,52.46,12.478000000000003,Warning
3237,2026-06-05 20:13:28,29.85,7.37,6.56,49.24,32.88,52.46,12.478000000000003,Warning
3238,2026-06-05 20:13:28,29.85,7.37,6.56,49.24,32.88,52.46,12.478000000000003,Warning
3239,2026-06-05 20:13:28,29.85,7.37,6.56,49.24,32.88,52.46,12.478000000000003,Warning
3240,2026-06-05 20:13:37,29.85,7.37,6.56,49.24,32.88,52.46,12.478000000000003,Warning
3241,2026-06-05 20:13:37,29.85,7.37,6.56,49.24,32.88,52.46,12.478000000000003,Warning
3242,2026-06-05 20:13:37,29.85,7.37,6.56,49.24,32.88,52.46,12.478000000000003,Warning
3243,2026-06-05 20:13:40,29.85,7.37,6.56,49.24,32.88,52.46,12.478000000000003,Warning
3244,2026-06-05 20:13:40,29.85,7.37,6.56,49.24,32.88,52.46,12.478000000000003,Warning
3245,2026-06-05 20:13:40,29.85,7.37,6.56,49.24,32.88,52.46,12.478000000000003,Warning
3246,2026-06-05 20:13:43,29.85,7.37,6.56,49.24,32.88,52.46,12.478000000000003,Warning
3247,2026-06-05 20:13:43,29.85,7.37,6.56,49.24,32.88,52.46,12.478000000000003,Warning
3248,2026-06-05 20:13:43,29.85,7.37,6.56,49.24,32.88,52.46,12.478000000000003,Warning
3249,2026-06-05 20:13:43,29.85,7.37,6.56,49.24,32.88,52.46,12.478000000000003,Warning
3250,2026-06-05 20:13:43,29.85,7.37,6.56,49.24,32.88,52.46,12.478000000000003,Warning
3251,2026-06-05 20:13:49,29.85,7.37,6.56,49.24,32.88,52.46,12.478000000000003,Warning
3252,2026-06-05 20:13:49,29.85,7.37,6.56,49.24,32.88,52.46,12.478000000000003,Warning
3253,2026-06-05 20:13:55,29.85,7.37,6.56,49.24,32.88,52.46,12.478000000000003,Warning
3254,2026-06-05 20:13:55,29.85,7.37,6.56,49.24,32.88,52.46,12.478000000000003,Warning
3255,2026-06-05 20:14:01,29.85,7.37,6.56,49.24,32.88,52.46,12.478000000000003,Warning
3256,2026-06-05 20:14:01,29.85,7.37,6.56,49.24,32.88,52.46,12.478000000000003,Warning
3257,2026-06-05 20:14:01,29.85,7.37,6.56,49.24,32.88,52.46,12.478000000000003,Warning
3258,2026-06-05 20:14:01,29.85,7.37,6.56,49.24,32.88,52.46,12.478000000000003,Warning
3259,2026-06-05 20:14:04,29.85,7.37,6.56,49.24,32.88,52.46,12.478000000000003,Warning
3260,2026-06-05 20:14:04,29.85,7.37,6.56,49.24,32.88,52.46,12.478000000000003,Warning
3261,2026-06-05 20:14:07,29.85,7.37,6.56,49.24,32.88,52.46,12.478000000000003,Warning
3262,2026-06-05 20:14:07,29.85,7.37,6.56,49.24,32.88,52.46,12.478000000000003,Warning
3263,2026-06-05 20:14:10,29.85,7.37,6.56,49.24,32.88,52.46,12.478000000000003,Warning
3264,2026-06-05 20:14:10,29.85,7.37,6.56,49.24,32.88,52.46,12.478000000000003,Warning
3265,2026-06-05 20:14:10,29.85,7.37,6.56,49.24,32.88,52.46,12.478000000000003,Warning
3266,2026-06-05 20:14:10,29.85,7.37,6.56,49.24,32.88,52.46,12.478000000000003,Warning
3267,2026-06-05 20:14:10,29.85,7.37,6.56,49.24,32.88,52.46,12.478000000000003,Warning
3268,2026-06-05 20:14:19,29.85,7.37,6.56,49.24,32.88,52.46,12.478000000000003,Warning
3269,2026-06-05 20:14:19,29.85,7.37,6.56,49.24,32.88,52.46,12.478000000000003,Warning
3270,2026-06-05 20:14:21,29.85,7.37,6.56,49.24,32.88,52.46,12.478000000000003,Warning
3271,2026-06-05 20:14:25,29.85,7.37,6.56,49.24,32.88,52.46,12.478000000000003,Warning
3272,2026-06-05 20:14:46,29.85,7.37,6.56,49.24,32.88,52.46,12.478000000000003,Warning
3273,2026-06-05 20:14:46,29.85,7.37,6.56,49.24,32.88,52.46,12.478000000000003,Warning
3274,2026-06-05 20:14:46,29.85,7.37,6.56,49.24,32.88,52.46,12.478000000000003,Warning
3275,2026-06-05 20:14:53,29.85,7.37,6.56,49.24,32.88,52.46,12.478000000000003,Warning
3276,2026-06-05 20:14:52,29.85,7.37,6.56,49.24,32.88,52.46,12.478000000000003,Warning
3277,2026-06-05 20:14:58,29.85,7.37,6.56,49.24,32.88,52.46,12.478000000000003,Warning
3278,2026-06-05 20:14:58,29.85,7.37,6.56,49.24,32.88,52.46,12.478000000000003,Warning
3279,2026-06-05 20:15:04,29.85,7.37,6.56,49.24,32.88,52.46,12.478000000000003,Warning
3280,2026-06-05 20:15:04,29.85,7.37,6.56,49.24,32.88,52.46,12.478000000000003,Warning
3281,2026-06-05 20:15:04,29.85,7.37,6.56,49.24,32.88,52.46,12.478000000000003,Warning
3282,2026-06-05 20:15:04,29.85,7.37,6.56,49.24,32.88,52.46,12.478000000000003,Warning
3283,2026-06-05 20:15:04,29.85,7.37,6.56,49.24,32.88,52.46,12.478000000000003,Warning
3284,2026-06-05 20:15:07,29.85,7.37,6.56,49.24,32.88,52.46,12.478000000000003,Warning
3285,2026-06-05 20:15:07,29.85,7.37,6.56,49.24,32.88,52.46,12.478000000000003,Warning
3286,2026-06-05 20:15:07,29.85,7.37,6.56,49.24,32.88,52.46,12.478000000000003,Warning
3287,2026-06-05 20:15:07,29.85,7.37,6.56,49.24,32.88,52.46,12.478000000000003,Warning
3288,2026-06-05 20:15:07,29.85,7.37,6.56,49.24,32.88,52.46,12.478000000000003,Warning
3289,2026-06-05 20:15:10,29.85,7.37,6.56,49.24,32.88,52.46,12.478000000000003,Warning
3290,2026-06-05 20:15:13,29.85,7.37,6.56,49.24,32.88,52.46,12.478000000000003,Warning
3291,2026-06-05 20:15:13,29.85,7.37,6.56,49.24,32.88,52.46,12.478000000000003,Warning
3292,2026-06-05 20:15:16,29.85,7.37,6.56,49.24,32.88,52.46,12.478000000000003,Warning
3293,2026-06-05 20:15:16,29.85,7.37,6.56,49.24,32.88,52.46,12.478000000000003,Warning
3294,2026-06-05 20:15:19,29.85,7.37,6.56,49.24,32.88,52.46,12.478000000000003,Warning
3295,2026-06-05 20:15:20,29.85,7.37,6.56,49.24,32.88,52.46,12.478000000000003,Warning
3296,2026-06-05 20:15:22,29.85,7.37,6.56,49.24,32.88,52.46,12.478000000000003,Warning
3297,2026-06-05 20:15:22,29.85,7.37,6.56,49.24,32.88,52.46,12.478000000000003,Warning
3298,2026-06-05 20:15:22,29.85,7.37,6.56,49.24,32.88,52.46,12.478000000000003,Warning
3299,2026-06-05 20:15:25,29.85,7.37,6.56,49.24,32.88,52.46,12.478000000000003,Warning
3300,2026-06-05 20:15:25,29.85,7.37,6.56,49.24,32.88,52.46,12.478000000000003,Warning
3301,2026-06-05 20:15:25,29.85,7.37,6.56,49.24,32.88,52.46,12.478000000000003,Warning
3302,2026-06-05 20:15:25,29.85,7.37,6.56,49.24,32.88,52.46,12.478000000000003,Warning
3303,2026-06-05 20:15:28,29.85,7.37,6.56,49.24,32.88,52.46,12.478000000000003,Warning
3304,2026-06-05 20:15:28,29.85,7.37,6.56,49.24,32.88,52.46,12.478000000000003,Warning
3305,2026-06-05 20:15:28,29.85,7.37,6.56,49.24,32.88,52.46,12.478000000000003,Warning
3306,2026-06-05 20:15:28,29.85,7.37,6.56,49.24,32.88,52.46,12.478000000000003,Warning
3307,2026-06-05 20:15:31,29.85,7.37,6.56,49.24,32.88,52.46,12.478000000000003,Warning
3308,2026-06-05 20:15:31,29.85,7.37,6.56,49.24,32.88,52.46,12.478000000000003,Warning
3309,2026-06-05 20:15:31,29.85,7.37,6.56,49.24,32.88,52.46,12.478000000000003,Warning
3310,2026-06-05 20:15:34,29.85,7.37,6.56,49.24,32.88,52.46,12.478000000000003,Warning
3311,2026-06-05 20:15:34,29.85,7.37,6.56,49.24,32.88,52.46,12.478000000000003,Warning
3312,2026-06-05 20:15:34,29.85,7.37,6.56,49.24,32.88,52.46,12.478000000000003,Warning
3313,2026-06-05 20:15:37,29.85,7.37,6.56,49.24,32.88,52.46,12.478000000000003,Warning
3314,2026-06-05 20:15:37,29.85,7.37,6.56,49.24,32.88,52.46,12.478000000000003,Warning
3315,2026-06-05 20:15:40,29.85,7.37,6.56,49.24,32.88,52.46,12.478000000000003,Warning
3316,2026-06-05 20:15:40,29.85,7.37,6.56,49.24,32.88,52.46,12.478000000000003,Warning
3317,2026-06-05 20:15:40,29.85,7.37,6.56,49.24,32.88,52.46,12.478000000000003,Warning
3318,2026-06-05 20:15:40,29.85,7.37,6.56,49.24,32.88,52.46,12.478000000000003,Warning
3319,2026-06-05 20:15:43,29.85,7.37,6.56,49.24,32.88,52.46,12.478000000000003,Warning
3320,2026-06-05 20:15:43,29.85,7.37,6.56,49.24,32.88,52.46,12.478000000000003,Warning
3321,2026-06-05 20:15:46,29.85,7.37,6.56,49.24,32.88,52.46,12.478000000000003,Warning
3322,2026-06-05 20:15:49,29.85,7.37,6.56,49.24,32.88,52.46,12.478000000000003,Warning
3323,2026-06-05 20:15:49,29.85,7.37,6.56,49.24,32.88,52.46,12.478000000000003,Warning
3324,2026-06-05 20:15:52,29.85,7.37,6.56,49.24,32.88,52.46,12.478000000000003,Warning
3325,2026-06-05 20:15:52,29.85,7.37,6.56,49.24,32.88,52.46,12.478000000000003,Warning
3326,2026-06-05 20:15:55,29.85,7.37,6.56,49.24,32.88,52.46,12.478000000000003,Warning
3327,2026-06-05 20:16:04,29.85,7.37,6.56,49.24,32.88,52.46,12.478000000000003,Warning
3328,2026-06-05 20:16:04,29.85,7.37,6.56,49.24,32.88,52.46,12.478000000000003,Warning
3329,2026-06-05 20:16:07,29.85,7.37,6.56,49.24,32.88,52.46,12.478000000000003,Warning
3330,2026-06-05 20:16:07,29.85,7.37,6.56,49.24,32.88,52.46,12.478000000000003,Warning
3331,2026-06-05 20:16:07,29.85,7.37,6.56,49.24,32.88,52.46,12.478000000000003,Warning
3332,2026-06-05 20:16:07,29.85,7.37,6.56,49.24,32.88,52.46,12.478000000000003,Warning
3333,2026-06-05 20:16:07,29.85,7.37,6.56,49.24,32.88,52.46,12.478000000000003,Warning
3334,2026-06-05 20:16:11,29.85,7.37,6.56,49.24,32.88,52.46,12.478000000000003,Warning
3335,2026-06-05 20:16:11,29.85,7.37,6.56,49.24,32.88,52.46,12.478000000000003,Warning
3336,2026-06-05 20:16:11,29.85,7.37,6.56,49.24,32.88,52.46,12.478000000000003,Warning
3337,2026-06-05 20:16:13,29.85,7.37,6.56,49.24,32.88,52.46,12.478000000000003,Warning
3338,2026-06-05 20:16:16,29.85,7.37,6.56,49.24,32.88,52.46,12.478000000000003,Warning
3339,2026-06-05 20:16:19,29.85,7.37,6.56,49.24,32.88,52.46,12.478000000000003,Warning
3340,2026-06-05 20:16:21,29.85,7.37,6.56,49.24,32.88,52.46,12.478000000000003,Warning
3341,2026-06-05 20:16:22,29.85,7.37,6.56,49.24,32.88,52.46,12.478000000000003,Warning
3342,2026-06-05 20:16:22,29.85,7.37,6.56,49.24,32.88,52.46,12.478000000000003,Warning
3343,2026-06-05 20:16:28,29.85,7.37,6.56,49.24,32.88,52.46,12.478000000000003,Warning
3344,2026-06-05 20:16:37,29.85,7.37,6.56,49.24,32.88,52.46,12.478000000000003,Warning
3345,2026-06-05 20:16:43,29.85,7.37,6.56,49.24,32.88,52.46,12.478000000000003,Warning
3346,2026-06-05 20:16:52,29.85,7.37,6.56,49.24,32.88,52.46,12.478000000000003,Warning
3347,2026-06-05 20:16:52,29.85,7.37,6.56,49.24,32.88,52.46,12.478000000000003,Warning
3348,2026-06-05 20:17:01,29.85,7.37,6.56,49.24,32.88,52.46,12.478000000000003,Warning
3349,2026-06-05 20:17:04,29.85,7.37,6.56,49.24,32.88,52.46,12.478000000000003,Warning
3350,2026-06-05 20:17:04,29.85,7.37,6.56,49.24,32.88,52.46,12.478000000000003,Warning
3351,2026-06-05 20:17:04,29.85,7.37,6.56,49.24,32.88,52.46,12.478000000000003,Warning
3352,2026-06-05 20:17:04,29.85,7.37,6.56,49.24,32.88,52.46,12.478000000000003,Warning
3353,2026-06-05 20:17:07,29.85,7.37,6.56,49.24,32.88,52.46,12.478000000000003,Warning
3354,2026-06-05 20:17:07,29.85,7.37,6.56,49.24,32.88,52.46,12.478000000000003,Warning
3355,2026-06-05 20:17:07,29.85,7.37,6.56,49.24,32.88,52.46,12.478000000000003,Warning
3356,2026-06-05 20:17:07,29.85,7.37,6.56,49.24,32.88,52.46,12.478000000000003,Warning
3357,2026-06-05 20:17:07,29.85,7.37,6.56,49.24,32.88,52.46,12.478000000000003,Warning
3358,2026-06-05 20:17:13,29.85,7.37,6.56,49.24,32.88,52.46,12.478000000000003,Warning
3359,2026-06-05 20:17:19,29.85,7.37,6.56,49.24,32.88,52.46,12.478000000000003,Warning
3360,2026-06-05 20:17:20,29.85,7.37,6.56,49.24,32.88,52.46,12.478000000000003,Warning
3361,2026-06-05 20:17:19,29.85,7.37,6.56,49.24,32.88,52.46,12.478000000000003,Warning
3362,2026-06-05 20:17:25,29.85,7.37,6.56,49.24,32.88,52.46,12.478000000000003,Warning
3363,2026-06-05 20:17:25,29.85,7.37,6.56,49.24,32.88,52.46,12.478000000000003,Warning
3364,2026-06-05 20:17:34,29.85,7.37,6.56,49.24,32.88,52.46,12.478000000000003,Warning
3365,2026-06-05 20:17:41,29.85,7.37,6.56,49.24,32.88,52.46,12.478000000000003,Warning
3366,2026-06-05 20:17:52,29.85,7.37,6.56,49.24,32.88,52.46,12.478000000000003,Warning
3367,2026-06-05 20:17:55,29.85,7.37,6.56,49.24,32.88,52.46,12.478000000000003,Warning
3368,2026-06-05 20:18:01,29.85,7.37,6.56,49.24,32.88,52.46,12.478000000000003,Warning
3369,2026-06-05 20:18:04,29.85,7.37,6.56,49.24,32.88,52.46,12.478000000000003,Warning
3370,2026-06-05 20:18:07,29.85,7.37,6.56,49.24,32.88,52.46,12.478000000000003,Warning
3371,2026-06-05 20:18:07,29.85,7.37,6.56,49.24,32.88,52.46,12.478000000000003,Warning
3372,2026-06-05 20:18:10,29.85,7.37,6.56,49.24,32.88,52.46,12.478000000000003,Warning
3373,2026-06-05 20:18:13,29.85,7.37,6.56,49.24,32.88,52.46,12.478000000000003,Warning
3374,2026-06-05 20:18:13,29.85,7.37,6.56,49.24,32.88,52.46,12.478000000000003,Warning
3375,2026-06-05 20:18:13,29.85,7.37,6.56,49.24,32.88,52.46,12.478000000000003,Warning
3376,2026-06-05 20:18:19,29.85,7.37,6.56,49.24,32.88,52.46,12.478000000000003,Warning
3377,2026-06-05 20:18:19,29.85,7.37,6.56,49.24,32.88,52.46,12.478000000000003,Warning
3378,2026-06-05 20:18:19,29.85,7.37,6.56,49.24,32.88,52.46,12.478000000000003,Warning
3379,2026-06-05 20:18:20,29.85,7.37,6.56,49.24,32.88,52.46,12.478000000000003,Warning
3380,2026-06-05 20:18:28,29.85,7.37,6.56,49.24,32.88,52.46,12.478000000000003,Warning
3381,2026-06-05 20:18:31,29.85,7.37,6.56,49.24,32.88,52.46,12.478000000000003,Warning
3382,2026-06-05 20:18:34,29.85,7.37,6.56,49.24,32.88,52.46,12.478000000000003,Warning
3383,2026-06-05 20:18:34,29.85,7.37,6.56,49.24,32.88,52.46,12.478000000000003,Warning
3384,2026-06-05 20:18:40,29.85,7.37,6.56,49.24,32.88,52.46,12.478000000000003,Warning
3385,2026-06-05 20:18:40,29.85,7.37,6.56,49.24,32.88,52.46,12.478000000000003,Warning
3386,2026-06-05 20:18:46,29.85,7.37,6.56,49.24,32.88,52.46,12.478000000000003,Warning
3387,2026-06-05 20:18:52,29.85,7.37,6.56,49.24,32.88,52.46,12.478000000000003,Warning
3388,2026-06-05 20:18:52,29.85,7.37,6.56,49.24,32.88,52.46,12.478000000000003,Warning
3389,2026-06-05 20:18:52,29.85,7.37,6.56,49.24,32.88,52.46,12.478000000000003,Warning
3390,2026-06-05 20:18:55,29.85,7.37,6.56,49.24,32.88,52.46,12.478000000000003,Warning
3391,2026-06-05 20:18:55,29.85,7.37,6.56,49.24,32.88,52.46,12.478000000000003,Warning
3392,2026-06-05 20:18:55,29.85,7.37,6.56,49.24,32.88,52.46,12.478000000000003,Warning
3393,2026-06-05 20:18:58,29.85,7.37,6.56,49.24,32.88,52.46,12.478000000000003,Warning
3394,2026-06-05 20:19:04,29.85,7.37,6.56,49.24,32.88,52.46,12.478000000000003,Warning
3395,2026-06-05 20:19:07,29.85,7.37,6.56,49.24,32.88,52.46,12.478000000000003,Warning
3396,2026-06-05 20:19:07,29.85,7.37,6.56,49.24,32.88,52.46,12.478000000000003,Warning
3397,2026-06-05 20:19:07,29.85,7.37,6.56,49.24,32.88,52.46,12.478000000000003,Warning
3398,2026-06-05 20:19:10,29.85,7.37,6.56,49.24,32.88,52.46,12.478000000000003,Warning
3399,2026-06-05 20:19:10,29.85,7.37,6.56,49.24,32.88,52.46,12.478000000000003,Warning
3400,2026-06-05 20:19:10,29.85,7.37,6.56,49.24,32.88,52.46,12.478000000000003,Warning
3401,2026-06-05 20:19:13,29.85,7.37,6.56,49.24,32.88,52.46,12.478000000000003,Warning
3402,2026-06-05 20:19:13,29.85,7.37,6.56,49.24,32.88,52.46,12.478000000000003,Warning
3403,2026-06-05 20:19:13,29.85,7.37,6.56,49.24,32.88,52.46,12.478000000000003,Warning
3404,2026-06-05 20:19:13,29.85,7.37,6.56,49.24,32.88,52.46,12.478000000000003,Warning
3405,2026-06-05 20:19:16,29.85,7.37,6.56,49.24,32.88,52.46,12.478000000000003,Warning
3406,2026-06-05 20:19:16,29.85,7.37,6.56,49.24,32.88,52.46,12.478000000000003,Warning
3407,2026-06-05 20:19:19,29.85,7.37,6.56,49.24,32.88,52.46,12.478000000000003,Warning
3408,2026-06-05 20:19:19,29.85,7.37,6.56,49.24,32.88,52.46,12.478000000000003,Warning
3409,2026-06-05 20:19:19,29.85,7.37,6.56,49.24,32.88,52.46,12.478000000000003,Warning
3410,2026-06-05 20:19:19,29.85,7.37,6.56,49.24,32.88,52.46,12.478000000000003,Warning
3411,2026-06-05 20:19:21,29.85,7.37,6.56,49.24,32.88,52.46,12.478000000000003,Warning
3412,2026-06-05 20:19:22,29.85,7.37,6.56,49.24,32.88,52.46,12.478000000000003,Warning
3413,2026-06-05 20:19:22,29.85,7.37,6.56,49.24,32.88,52.46,12.478000000000003,Warning
3414,2026-06-05 20:19:22,29.85,7.37,6.56,49.24,32.88,52.46,12.478000000000003,Warning
3415,2026-06-05 20:19:25,29.85,7.37,6.56,49.24,32.88,52.46,12.478000000000003,Warning
3416,2026-06-05 20:19:25,29.85,7.37,6.56,49.24,32.88,52.46,12.478000000000003,Warning
3417,2026-06-05 20:19:25,29.85,7.37,6.56,49.24,32.88,52.46,12.478000000000003,Warning
3418,2026-06-05 20:19:25,29.85,7.37,6.56,49.24,32.88,52.46,12.478000000000003,Warning
3419,2026-06-05 20:19:31,29.85,7.37,6.56,49.24,32.88,52.46,12.478000000000003,Warning
3420,2026-06-05 20:19:31,29.85,7.37,6.56,49.24,32.88,52.46,12.478000000000003,Warning
3421,2026-06-05 20:19:31,29.85,7.37,6.56,49.24,32.88,52.46,12.478000000000003,Warning
3422,2026-06-05 20:19:31,29.85,7.37,6.56,49.24,32.88,52.46,12.478000000000003,Warning
3423,2026-06-05 20:19:34,29.85,7.37,6.56,49.24,32.88,52.46,12.478000000000003,Warning
3424,2026-06-05 20:19:34,29.85,7.37,6.56,49.24,32.88,52.46,12.478000000000003,Warning
3425,2026-06-05 20:19:40,29.85,7.37,6.56,49.24,32.88,52.46,12.478000000000003,Warning
3426,2026-06-05 20:19:43,29.85,7.37,6.56,49.24,32.88,52.46,12.478000000000003,Warning
3427,2026-06-05 20:19:46,29.85,7.37,6.56,49.24,32.88,52.46,12.478000000000003,Warning
3428,2026-06-05 20:19:49,29.85,7.37,6.56,49.24,32.88,52.46,12.478000000000003,Warning
3429,2026-06-05 20:19:52,29.85,7.37,6.56,49.24,32.88,52.46,12.478000000000003,Warning
3430,2026-06-05 20:19:55,29.85,7.37,6.56,49.24,32.88,52.46,12.478000000000003,Warning
3431,2026-06-05 20:19:58,29.85,7.37,6.56,49.24,32.88,52.46,12.478000000000003,Warning
3432,2026-06-05 20:20:07,29.85,7.37,6.56,49.24,32.88,52.46,12.478000000000003,Warning
3433,2026-06-05 20:20:10,29.85,7.37,6.56,49.24,32.88,52.46,12.478000000000003,Warning
3434,2026-06-05 20:21:01,29.85,7.37,6.56,49.24,32.88,52.46,12.478000000000003,Warning
3435,2026-06-05 20:22:03,29.85,7.37,6.56,49.24,32.88,52.46,12.478000000000003,Warning
3436,2026-06-05 20:23:33,29.85,7.37,6.56,49.24,32.88,52.46,12.478000000000003,Warning
3437,2026-06-05 20:24:00,29.85,7.37,6.56,49.24,32.88,52.46,12.478000000000003,Warning
3438,2026-06-05 20:25:04,29.85,7.37,6.56,49.24,32.88,52.46,12.478000000000003,Warning
3439,2026-06-05 20:25:07,29.85,7.37,6.56,49.24,32.88,52.46,12.478000000000003,Warning
3440,2026-06-05 20:25:10,29.85,7.37,6.56,49.24,32.88,52.46,12.478000000000003,Warning
3441,2026-06-05 20:26:04,29.85,7.37,6.56,49.24,32.88,52.46,12.478000000000003,Warning
3442,2026-06-05 20:26:17,29.85,7.37,6.56,49.24,32.88,52.46,12.478000000000003,Warning
3443,2026-06-05 20:27:01,29.85,7.37,6.56,49.24,32.88,52.46,12.478000000000003,Warning
3444,2026-06-05 20:27:02,29.85,7.37,6.56,49.24,32.88,52.46,12.478000000000003,Warning
3445,2026-06-05 20:27:56,29.85,7.37,6.56,49.24,32.88,52.46,12.478000000000003,Warning
3446,2026-06-05 20:28:01,29.85,7.37,6.56,49.24,32.88,52.46,12.478000000000003,Warning
3447,2026-06-05 20:28:01,29.85,7.37,6.56,49.24,32.88,52.46,12.478000000000003,Warning
3448,2026-06-05 20:28:02,29.85,7.37,6.56,49.24,32.88,52.46,12.478000000000003,Warning
3449,2026-06-05 20:28:08,29.85,7.37,6.56,49.24,32.88,52.46,12.478000000000003,Warning
3450,2026-06-05 20:29:01,29.85,7.37,6.56,49.24,32.88,52.46,12.478000000000003,Warning
3451,2026-06-05 20:29:04,29.85,7.37,6.56,49.24,32.88,52.46,12.478000000000003,Warning
3452,2026-06-05 20:29:07,29.85,7.37,6.56,49.24,32.88,52.46,12.478000000000003,Warning
3453,2026-06-05 20:29:10,29.85,7.37,6.56,49.24,32.88,52.46,12.478000000000003,Warning
3454,2026-06-05 20:29:22,29.85,7.37,6.56,49.24,32.88,52.46,12.478000000000003,Warning
3455,2026-06-05 20:29:25,29.85,7.37,6.56,49.24,32.88,52.46,12.478000000000003,Warning
3456,2026-06-05 20:29:39,29.85,7.37,6.56,49.24,32.88,52.46,12.478000000000003,Warning
3457,2026-06-05 20:30:00,29.85,7.37,6.56,49.24,32.88,52.46,12.478000000000003,Warning
3458,2026-06-05 20:30:22,29.85,7.37,6.56,49.24,32.88,52.46,12.478000000000003,Warning
3495,2026-06-06 11:14:02,29.85,7.37,6.56,49.24,32.88,52.46,12.478000000000003,Warning
3496,2026-06-06 11:14:05,29.85,7.37,6.56,49.24,32.88,52.46,12.478000000000003,Warning
3497,2026-06-06 11:15:01,25.4,6.85,7.88,68.27,28.77,99.91,9.931000000000006,Healthy
3498,2026-06-06 11:15:04,28.56,6.93,7.28,52.13,25.47,60.06,4.531000000000001,Healthy
3499,2026-06-06 11:15:07,28.56,6.93,7.28,52.13,25.47,60.06,4.531000000000001,Healthy
